Název;Kód;Kategorie
rané středohradištní období;HES-000277;obdobi
raný středověk 2;HES-000301;obdobi
magdalénien;HES-000283;obdobi
kultura s moravskou malovanou keramikou 2;HES-000363;obdobi
billendorfská kultura (HaC);HES-000377;obdobi
nynická kultura;HES-000299;obdobi
HaD–LtA;HES-000309;obdobi
časný eneolit;HES-000286;obdobi
doba římská–stěhování národů;HES-000346;obdobi
pozdní středověk;HES-000271;obdobi
vrcholný středověk;HES-000328;obdobi
doba bronzová–halštatská;HES-000384;obdobi
raný středověk 3;HES-000379;obdobi
protoúnětická kultura;HES-000391;obdobi
středověk;HES-000380;obdobi
novověk;HES-000252;obdobi
chamská kultura;HES-000371;obdobi
saská lužická kultura;HES-000388;obdobi
vyspělé středohradištní období;HES-000302;obdobi
jevišovická kultura;HES-000373;obdobi
vrcholný středověk–novověk;HES-000273;obdobi
raný středověk 4;HES-000325;obdobi
novověk 2;HES-000382;obdobi
dobrodzieńská skupina;HES-000344;obdobi
štítarská kultura;HES-000297;obdobi
chebská kultura;HES-000294;obdobi
kobylská skupina;HES-000259;obdobi
kultura münchshöfenská;HES-000389;obdobi
mladší doba římská;HES-000341;obdobi
slezskoplatěnická kultura;HES-000295;obdobi
kultura zvoncovitých pohárů;HES-000318;obdobi
raný středověk 2–4;HES-000276;obdobi
paleolit–mezolit;HES-000284;obdobi
badenská kultura;HES-000317;obdobi
starší neolit;HES-000268;obdobi
halštatská mohylová kultura;HES-000332;obdobi
střední doba bronzová;HES-000322;obdobi
milavečská kultura;HES-000339;obdobi
taubachien;HES-000313;obdobi
industriální období 2;HES-000349;obdobi
českofalcká mohylová kultura;HES-000324;obdobi
únětická kultura;HES-000358;obdobi
plaňanský typ;HES-000393;obdobi
hatvanská kultura;HES-000320;obdobi
kultura s vypíchanou keramikou;HES-000361;obdobi
pozdní doba laténská (LtD);HES-000258;obdobi
paleolit;HES-000253;obdobi
miškovický typ;HES-000282;obdobi
lužická kultura;HES-000337;obdobi
šárecký typ;HES-000394;obdobi
kultura s lineární keramikou;HES-000269;obdobi
oberlauterbašská skupina;HES-000305;obdobi
kultura nálevkovitých pohárů;HES-000368;obdobi
starší doba římská;HES-000336;obdobi
přechod pozdní středověk/novověk;HES-000272;obdobi
pravěk;HES-000289;obdobi
podolská kultura;HES-000353;obdobi
kultura Kosihy-Čaka;HES-000351;obdobi
aurignacien;HES-000262;obdobi
doba halštatská;HES-000354;obdobi
moustérien;HES-000312;obdobi
mladší doba bronzová;HES-000290;obdobi
pozdní středohradištní období;HES-000278;obdobi
eneolit;HES-000285;obdobi
kultura kulovitých amfor;HES-000279;obdobi
řivnáčská kultura;HES-000372;obdobi
industriální období;HES-000347;obdobi
mladší doba halštatská (HaD2–3);HES-000310;obdobi
kultura Retz-Bajč-Křepice;HES-000367;obdobi
pozdněhradištní období;HES-000326;obdobi
novověk–industriální období;HES-000350;obdobi
epigravettien;HES-000263;obdobi
gravettien;HES-000311;obdobi
středodunajská mohylová kultura;HES-000323;obdobi
mladší eneolit;HES-000280;obdobi
doba laténská–římská;HES-000288;obdobi
starší eneolit;HES-000366;obdobi
velatická kultura;HES-000338;obdobi
pozdní paleolit;HES-000264;obdobi
slezská kultura;HES-000298;obdobi
kultura púchovská;HES-000256;obdobi
raný středověk;HES-000385;obdobi
schusseriedská kultura;HES-000364;obdobi
industriální období 1;HES-000348;obdobi
kultura se šňůrovou keramikou;HES-000375;obdobi
vyspělé mladohradištní období;HES-000303;obdobi
mladší doba stěhování národů;HES-000345;obdobi
doba bronzová;HES-000390;obdobi
středověk–novověk;HES-000392;obdobi
kultura przeworská;HES-000257;obdobi
zemědělský pravěk;HES-000304;obdobi
krumlovien;HES-000314;obdobi
starší paleolit;HES-000291;obdobi
období popelnicových polí;HES-000281;obdobi
neolit;HES-000267;obdobi
slezskoplatěnická kultura (HaC–D);HES-000378;obdobi
platěnická kultura;HES-000300;obdobi
knovízská kultura;HES-000293;obdobi
bošácká skupina;HES-000357;obdobi
jordanovská kultura;HES-000287;obdobi
věteřovská kultura;HES-000321;obdobi
turnovský typ;HES-000308;obdobi
doba halštatská–laténská;HES-000334;obdobi
epimagdalénien;HES-000265;obdobi
szeletien;HES-000260;obdobi
bylanská kultura;HES-000331;obdobi
novověk 1;HES-000381;obdobi
přechod raný/vrcholný středověk;HES-000270;obdobi
ostroměřská skupina;HES-000266;obdobi
kultura Chlopice-Veselé;HES-000352;obdobi
pozdní doba bronzová;HES-000383;obdobi
vrcholný–pozdní středověk;HES-000327;obdobi
střední doba laténská (LtB–C1);HES-000333;obdobi
kultura s moravskou malovanou keramikou 1;HES-000362;obdobi
horákovská kultura;HES-000307;obdobi
ohrozimský typ;HES-000369;obdobi
podmokelská skupina;HES-000329;obdobi
micoquien;HES-000292;obdobi
neolit–eneolit;HES-000387;obdobi
michelsberská kultura;HES-000365;obdobi
želiezovská skupina;HES-000340;obdobi
raný středověk 1;HES-000386;obdobi
střední eneolit;HES-000370;obdobi
mezolit;HES-000275;obdobi
mladší–pozdní doba laténská (LtC2–D);HES-000255;obdobi
starší doba bronzová;HES-000319;obdobi
doba laténská;HES-000254;obdobi
bohunicien;HES-000261;obdobi
nitranská kultura;HES-000359;obdobi
lengyelská kultura;HES-000306;obdobi
starší doba stěhování národů;HES-000343;obdobi
slezskoplatěnická kultura (HaB);HES-000296;obdobi
starší doba halštatská (HaC–D1);HES-000376;obdobi
časná doba laténská (LtA);HES-000355;obdobi
rané mladohradištní období;HES-000356;obdobi
střední–mladší neolit;HES-000360;obdobi
doba římská;HES-000335;obdobi
střední paleolit;HES-000274;obdobi
mladší/pozdní eneolit;HES-000374;obdobi
mladší paleolit;HES-000315;obdobi
doba stěhování národů;HES-000342;obdobi
billendorfská kultura;HES-000330;obdobi
střední/mladší doba laténská (LtC1–2);HES-001447;obdobi
datace neurčena;HES-000316;obdobi
náhodný zásah/nález;HES-001053;typ_akce
povrchový nález;HES-001049;typ_akce
jiná evidence;HES-001061;typ_akce
geofyzikální průzkum;HES-001046;typ_akce
stavebně-historický průzkum;HES-001048;typ_akce
mikrosondáž/vzorkovací sondáž;HES-001051;typ_akce
environmentální vzorek;HES-001060;typ_akce
geochemický průzkum;HES-001047;typ_akce
bez okolností;HES-001062;typ_akce
letecký průzkum;HES-001045;typ_akce
vizuální/geodetický průzkum;HES-001044;typ_akce
nedokumentovaná akce;HES-001054;typ_akce
povrchový sběr;HES-001050;typ_akce
orientační zjištění;HES-001055;typ_akce
průzkum detektorem kovu;HES-001052;typ_akce
skupina/síť sond;HES-001058;typ_akce
sonda;HES-001057;typ_akce
vertikální řez;HES-001056;typ_akce
plošný odkryv;HES-001059;typ_akce
osídlený skalní prostor;HES-000065;areal
sídliště;HES-000081;areal
obora;HES-000037;areal
park;HES-000059;areal
sídlo elity;HES-000013;areal
most/brod;HES-000049;areal
areál jiné aktivity;HES-000056;areal
sklárna;HES-000030;areal
dvorec/dvůr;HES-000014;areal
výšinné sídliště;HES-000069;areal
nadkomunitní areál;HES-000011;areal
zničený prostor;HES-000063;areal
hrazené sídliště;HES-000064;areal
hrazený areál;HES-000071;areal
pohřební areál;HES-000025;areal
pohřebiště v sakrální stavbě;HES-000077;areal
kultovní místo;HES-000023;areal
rondel/rondeloid;HES-000012;areal
sídliště specializované komunity;HES-000070;areal
neurčený areál;HES-000060;areal
pohřebiště/hřbitov;HES-000027;areal
ojedinělý nález;HES-000062;areal
nález v druhotné poloze;HES-000061;areal
kultovní areál;HES-000019;areal
stanice/tábořiště;HES-000066;areal
depot;HES-000051;areal
areál vojenských aktivit;HES-000041;areal
popraviště;HES-000058;areal
strážnice/předsunutá bašta;HES-000045;areal
kříž/boží muka;HES-000022;areal
kanál/náhon;HES-000053;areal
pole;HES-000039;areal
železářský areál;HES-000031;areal
komunikace;HES-000047;areal
zámek/zámeček/vila;HES-000018;areal
dehtárna;HES-000079;areal
milířiště;HES-000029;areal
rybník;HES-000055;areal
pastvina/louka;HES-000038;areal
železnice;HES-000050;areal
protourbánní aglomerace;HES-000075;areal
město;HES-000074;areal
vesnice/městečko;HES-000068;areal
cesta;HES-000048;areal
zahrada/sad;HES-000040;areal
synagoga;HES-000024;areal
kostel;HES-000021;areal
polní opevnění;HES-000044;areal
hradiště;HES-000072;areal
pevnost;HES-000043;areal
hrad;HES-000015;areal
pivovar;HES-000080;areal
mlýn;HES-000028;areal
jez;HES-000052;areal
přehrada;HES-000054;areal
vodní dílo;HES-000082;areal
izolovaný pohřeb;HES-000026;areal
městský palác;HES-000016;areal
tvrz/hrádek;HES-000017;areal
areál zemědělské výroby;HES-000036;areal
kaple;HES-000020;areal
areál nezemědělské výroby;HES-000078;areal
předměstí;HES-000076;areal
bojiště;HES-000042;areal
klášter;HES-000073;areal
vojenský tábor;HES-000046;areal
lom;HES-000034;areal
důl;HES-000033;areal
rýžoviště;HES-000035;areal
areál těžby;HES-000032;areal
místo sběru;HES-000057;areal
samostatná usedlost;HES-000067;areal
Středočeský kraj;ruian-27;kraj
Liberecký kraj;ruian-78;kraj
Jihomoravský kraj;ruian-116;kraj
Pardubický kraj;ruian-94;kraj
Kraj Vysočina;ruian-108;kraj
Zlínský kraj;ruian-141;kraj
Moravskoslezský kraj;ruian-132;kraj
Olomoucký kraj;ruian-124;kraj
Královéhradecký kraj;ruian-86;kraj
Karlovarský kraj;ruian-51;kraj
Ústecký kraj;ruian-60;kraj
Plzeňský kraj;ruian-43;kraj
Jihočeský kraj;ruian-35;kraj
Hlavní město Praha;ruian-19;kraj
Galerie a muzeum Vysočiny Havlíčkův Brod;ORG-000128;organizace
Středočeské muzeum, příspěvková organizace;ORG-000193;organizace
Vlastivědné muzeum Jesenicka, příspěvková organizace;ORG-000024;organizace
Západočeské muzeum v Plzni, příspěvková organizace;ORG-000184;organizace
Univerzita Karlova - Filozofická fakulta;ORG-000099;organizace
Národní zemědělské muzeum, s.p.o.;ORG-000202;organizace
Ústav archeologické památkové péče středních Čech, příspěvková organizace;ORG-000051;organizace
Ústav pro archeologii a dokumentaci památek, z. ú.;ORG-000005;organizace
Západočeská univerzita v Plzni - Filozofická fakulta;ORG-000100;organizace
ZIP o.p.s.;ORG-000042;organizace
Pueblo - archeologická společnost, o.p.s.;ORG-000029;organizace
Regionální muzeum K. A. Polánka v Žatci;ORG-000027;organizace
Vlastivědné muzeum v Šumperku, příspěvková organizace;ORG-000059;organizace
Muzeum města Brna, příspěvková organizace;ORG-000152;organizace
Hornické muzeum Příbram, příspěvková organizace;ORG-000189;organizace
Ostravské muzeum, příspěvková organizace;ORG-000197;organizace
Muzeum Novojičínska, příspěvková organizace;ORG-000177;organizace
Muzeum Mladoboleslavska, příspěvková organizace;ORG-000170;organizace
Vlastivědné muzeum Dr. Hostaše v Klatovech, příspěvková organizace;ORG-000140;organizace
Muzeum Cheb, příspěvková organizace Karlovarského kraje;ORG-000133;organizace
Muzeum regionu Boskovicka, příspěvková organizace;ORG-000119;organizace
Masarykova univerzita - Filozofická fakulta;ORG-000114;organizace
Jihočeská univerzita v Českých Budějovicích - Filozofická fakulta;ORG-000112;organizace
Archeologický ústav AV ČR, Praha, v. v. i.;ORG-000094;organizace
Ministerstvo obrany - Vojenský historický ústav Praha;ORG-000080;organizace
Univerzita Palackého v Olomouci - Filozofická fakulta;ORG-000079;organizace
Muzeum a galerie severního Plzeňska v Mariánské Týnici, příspěvková organizace;ORG-000150;organizace
Muzeum východních Čech v Hradci Králové;ORG-000132;organizace
Archeologická společnost, o.p.s. [zaniklé];ORG-000088;organizace
Muzeum Českého krasu, příspěvková organizace;ORG-000097;organizace
Muzeum Českého krasu, příspěvková organizace - pobočka Hořovice;ORG-000168;organizace
Muzeum Vysočiny Pelhřimov, příspěvková organizace;ORG-000198;organizace
Technické muzeum v Brně;ORG-000077;organizace
Správa Krkonošského národního parku - Krkonošské muzeum ve Vrchlabí;ORG-000017;organizace
Masarykova univerzita - Přírodovědecká fakulta;ORG-000116;organizace
Masarykova univerzita - Pedagogická fakulta;ORG-000115;organizace
Univerzita Karlova - Přírodověcká fakulta;ORG-000056;organizace
Ústav archeologické památkové péče severozápadních Čech, v. v. i.;ORG-000031;organizace
Ústav archeologické památkové péče Brno, veřejná výzkumná instituce;ORG-000078;organizace
Syrakus, z.s.;ORG-000030;organizace
Národní památkový ústav - Generální ředitelství;ORG-000046;organizace
Národní památkový ústav - Územní odborné pracoviště v Brně;ORG-000071;organizace
Národní památkový ústav - Územní odborné pracoviště v Českých Budějovicích;ORG-000098;organizace
Národní památkový ústav - Územní odborné pracoviště v Josefově;ORG-000034;organizace
Národní památkový ústav - Územní odborné pracoviště v Kroměříži;ORG-000072;organizace
Národní památkový ústav - Územní odborné pracoviště v Liberci;ORG-000035;organizace
Národní památkový ústav - Územní odborné pracoviště v Lokti;ORG-000047;organizace
Národní památkový ústav - Územní odborné pracoviště v Olomouci;ORG-000074;organizace
Národní památkový ústav - Územní odborné pracoviště v Ostravě;ORG-000075;organizace
Národní památkový ústav - Územní odborné pracoviště v Pardubicích;ORG-000036;organizace
Národní památkový ústav - Územní odborné pracoviště v Plzni;ORG-000048;organizace
Národní památkový ústav - Územní odborné pracoviště v hl. městě Praze;ORG-000037;organizace
Národní památkový ústav - Územní odborné pracoviště středních Čech;ORG-000038;organizace
Národní památkový ústav - Územní odborné pracoviště v Telči;ORG-000039;organizace
Národní památkový ústav - Územní odborné pracoviště v Ústí nad Labem;ORG-000049;organizace
Naše historie z.s.;ORG-000054;organizace
Národní technické muzeum;ORG-000018;organizace
Okresní vlastivědné muzeum v Židlochovicích [zaniklé];ORG-000070;organizace
Město Ždánice - Vrbasovo muzeum;ORG-000068;organizace
Jihomoravské muzeum ve Znojmě, příspěvková organizace;ORG-000067;organizace
Archeologický ústav SAV;ORG-000082;organizace
Archeologický ústav ČSAV, pobočka Plzeň [zaniklé];ORG-000089;organizace
Archeologický ústav ČSAV, pobočka Most [zaniklé];ORG-000087;organizace
Muzeum jihovýchodní Moravy ve Zlíně, příspěvková organizace;ORG-000066;organizace
Muzeum Vyškovska, příspěvková organizace;ORG-000065;organizace
Regionální muzeum ve Vysokém Mýtě;ORG-000026;organizace
Muzeum regionu Valašsko, příspěvková organizace;ORG-000064;organizace
Město Volyně - Městské muzeum;ORG-000200;organizace
Muzeum Podblanicka, příspěvková organizace;ORG-000025;organizace
Město Velvary - Městské muzeum;ORG-000101;organizace
Kulturní a vzdělávací středisko - Městské muzeum Valašské Klobouky;ORG-000063;organizace
Oblastní muzeum v Ústí nad Labem, příspěvková organizace;ORG-000023;organizace
Městské kulturní zařízení Uničov;ORG-000045;organizace
Město Unhošť - Melicharovo vlastivědné muzeum;ORG-000062;organizace
Muzeum Jana Amose Komenského v Uherském Brodě;ORG-000061;organizace
Slovácké muzeum v Uherském Hradišti, příspěvková organizace;ORG-000060;organizace
Městské muzeum Týniště nad Orlicí [zaniklé];ORG-000095;organizace
Muzeum Českého ráje v Turnově, příspěvková organizace;ORG-000022;organizace
Muzeum Vysočiny Třebíč, příspěvková organizace;ORG-000057;organizace
Muzeum Podkrkonoší v Trutnově;ORG-000021;organizace
Regionální muzeum v Teplicích, příspěvková organizace;ORG-000020;organizace
Muzeum Českého lesa v Tachově, příspěvková organizace;ORG-000019;organizace
Husitské muzeum v Táboře;ORG-000044;organizace
Muzeum Šumavy Sušice, příspěvková organizace;ORG-000002;organizace
Městské muzeum ve Stříbře, příspěvková organizace;ORG-000016;organizace
Muzeum středního Pootaví Strakonice;ORG-000007;organizace
Zámek Slavkov - Austerlitz, příspěvková organizace;ORG-000058;organizace
Vlastivědné muzeum ve Slaném;ORG-000093;organizace
Městské muzeum Sedlčany, příspěvková organizace;ORG-000196;organizace
Městské muzeum Rýmařov, příspěvková organizace;ORG-000195;organizace
Muzeum a galerie Orlických hor v Rychnově nad Kněžnou;ORG-000194;organizace
Podřipské muzeum;ORG-000192;organizace
Západočeské muzeum v Plzni, příspěvková organizace - Muzeum Dr. Bohuslava Horáka v Rokycanech;ORG-000191;organizace
Muzeum T.G.M. Rakovník, příspěvková organizace;ORG-000190;organizace
Město Pyšely - Muzeum;ORG-000001;organizace
Muzeum Komenského v Přerově, příspěvková organizace;ORG-000188;organizace
Muzeum a galerie v Prostějově, příspěvková organizace;ORG-000187;organizace
Prachatické muzeum;ORG-000186;organizace
Polabské muzeum, příspěvková organizace;ORG-000185;organizace
Město Podbořany - Městské muzeum;ORG-000199;organizace
Prácheňské muzeum v Písku;ORG-000183;organizace
Východočeské muzeum v Pardubicích;ORG-000182;organizace
Městské muzeum Antonína Sovy v Pacově;ORG-000181;organizace
Slezské zemské muzeum;ORG-000180;organizace
Vlastivědné muzeum v Olomouci;ORG-000179;organizace
Polabské muzeum, příspěvková organizace - Vlastivědné muzeum Nymburk;ORG-000178;organizace
Klub kultury Napajedla, příspěvková organizace - Muzeum;ORG-000176;organizace
Muzeum Náchodska;ORG-000175;organizace
Oblastní muzeum a galerie v Mostě, příspěvková organizace;ORG-000174;organizace
Město Morkovice-Slížany - Košíkářské muzeum;ORG-000173;organizace
Kultura Moravský Krumlov - Městské muzeum;ORG-000172;organizace
Kulturní služby města Moravská Třebová - Městské muzeum;ORG-000171;organizace
Milevské muzeum;ORG-000154;organizace
Regionální muzeum v Mikulově, příspěvková organizace;ORG-000153;organizace
Obec Kvasice - Obecní muzeum;ORG-000145;organizace
Městské informační a kulturní středisko Krnov - Městské muzeum;ORG-000143;organizace
Městské kulturní středisko Kojetín, příspěvková organizace - Městské muzeum;ORG-000141;organizace
Kulturní zařízení Kadaň, příspěvková organizace - Městské muzeum;ORG-000073;organizace
Město Jevíčko - Městské muzeum;ORG-000158;organizace
Městská kulturní zařízení Hranice, příspěvková organizace - Muzeum a galerie;ORG-000163;organizace
Město Hořice - Městské muzeum a galerie;ORG-000004;organizace
Městské muzeum Horšovský Týn [zaniklé];ORG-000148;organizace
Městské kulturní středisko Holešov, příspěvková organizace - Městské muzeum a galerie;ORG-000131;organizace
Město Duchcov - Muzeum města Duchcova;ORG-000092;organizace
Město Bystřice nad Pernštejnem - Městské muzeum;ORG-000167;organizace
Regionální muzeum Mělník, příspěvková organizace;ORG-000151;organizace
Městské muzeum a galerie Mariánské Lázně, příspěvková organizace;ORG-000162;organizace
Oblastní muzeum v Lounech, příspěvková organizace;ORG-000149;organizace
Regionální muzeum v Litomyšli;ORG-000155;organizace
Oblastní muzeum v Litoměřicích, příspěvková organizace;ORG-000009;organizace
Severočeské muzeum v Liberci, příspěvková organizace;ORG-000147;organizace
Masarykovo muzeum v Hodoníně, příspěvková organizace - Vlastivědné muzeum Kyjov;ORG-000146;organizace
České muzeum stříbra, příspěvková organizace;ORG-000165;organizace
Muzeum Kroměřížska, příspěvková organizace;ORG-000144;organizace
Městské muzeum v Kralupech nad Vltavou;ORG-000161;organizace
Regionální muzeum v Kolíně, příspěvková organizace;ORG-000142;organizace
Sládečkovo vlastivědné muzeum v Kladně, příspěvková organizace;ORG-000160;organizace
Muzeum Karlovy Vary, příspěvková organizace Karlovarského kraje;ORG-000139;organizace
Muzeum Jindřichohradecka;ORG-000138;organizace
Regionální muzeum v Jílovém u Prahy, příspěvková organizace;ORG-000159;organizace
Muzeum Vysočiny Jihlava, příspěvková organizace;ORG-000137;organizace
Regionální muzeum a galerie v Jičíně;ORG-000136;organizace
Muzeum skla a bižuterie v Jablonci nad Nisou;ORG-000157;organizace
Regionální muzeum v Chrudimi;ORG-000135;organizace
Oblastní muzeum v Chomutově, příspěvková organizace;ORG-000134;organizace
Orlické muzeum v Chocni;ORG-000069;organizace
Regionální muzeum v Kolíně, příspěvková organizace - Podlipanské muzeum v Českém Brodě;ORG-000169;organizace
Masarykovo muzeum v Hodoníně, příspěvková organizace;ORG-000130;organizace
Muzeum hlavního města Prahy;ORG-000129;organizace
Muzeum Chodska v Domažlicích, příspěvková organizace;ORG-000127;organizace
Oblastní muzeum v Děčíně, příspěvková organizace;ORG-000164;organizace
Muzeum Těšínska, příspěvková organizace;ORG-000156;organizace
Regionální muzeum v Českém Krumlově;ORG-000126;organizace
Jihočeské muzeum v Českých Budějovicích;ORG-000125;organizace
Vlastivědné muzeum a galerie v České Lípě, příspěvková organizace;ORG-000124;organizace
Městské muzeum v Čelákovicích, příspěvková organizace;ORG-000123;organizace
Městské muzeum a galerie Břeclav, příspěvková organizace;ORG-000166;organizace
Městské muzeum a knihovna Čáslav;ORG-000122;organizace
Muzeum Beskyd Frýdek-Místek, příspěvková organizace;ORG-000096;organizace
Moravské zemské muzeum;ORG-000113;organizace
Geologický ústav AV ČR, v. v. i.;ORG-000084;organizace
Muzeum Brněnska, příspěvková organizace;ORG-000121;organizace
Oblastní muzeum Praha - východ, příspěvková organizace;ORG-000120;organizace
Muzeum Bojkovska, příspěvková organizace;ORG-000118;organizace
Muzeum jižního Plzeňska v Blovicích, příspěvková organizace;ORG-000117;organizace
Muzeum Blanenska, příspěvková organizace;ORG-000008;organizace
Archeologický ústav AV ČR, Brno, v. v. i. - detašované pracoviště Opava;ORG-000086;organizace
Archeologický ústav AV ČR, Brno, v. v. i. - detašované pracoviště Mikulčice;ORG-000110;organizace
Archeologický ústav AV ČR, Brno, v. v. i. - detašované pracoviště Dolní Věstonice;ORG-000109;organizace
Archeologický ústav AV ČR, Brno, v. v. i. - detašované pracoviště Dolní Dunajovice;ORG-000108;organizace
Archeologický ústav AV ČR, Brno, v. v. i.;ORG-000107;organizace
ArcheoBohemia, o.p.s. [zaniklé];ORG-000105;organizace
Česká společnost archeologická, z. ú.;ORG-000111;organizace
Archeos, z.s.;ORG-000090;organizace
Archeologické centrum Olomouc, příspěvková organizace;ORG-000106;organizace
ARCHEOCENTRUM  - Institut pro archeologii a památkovou péči středních Čech o.p.s.;ORG-000083;organizace
Archeo Sever o.p.s.;ORG-000104;organizace
Archeo Pro o.p.s.;ORG-000010;organizace
ARCHAIA Praha z.ú.;ORG-000041;organizace
ARCHAIA Jih o.p.s.;ORG-000040;organizace
ARCHAIA Brno z. ú.;ORG-000103;organizace
ARCHAIA, z.ú.;ORG-000076;organizace
Archaia Olomouc z.ú.;ORG-000053;organizace
[orgán veřejné moci];ORG-000003;organizace
Univerzita Hradec Králové - Filozofická fakulta;ORG-000052;organizace
Slezská univerzita v Opavě - Filozoficko-přírodovědecká fakulta;ORG-000050;organizace
Národní muzeum;ORG-000028;organizace
Muzeum Bílina, detašované pracoviště Regionálního muzea v Teplicích [zaniklé];ORG-000091;organizace
Labrys, o.p.s.;ORG-000085;organizace
Komise pro výzkum Vyšehradu [zaniklé];ORG-000006;organizace
ARCHA 13 o.p.s.;ORG-000102;organizace
[sekundární zdroj];ORG-000055;organizace
[zahraniční badatel/expedice];ORG-000014;organizace
[jiná organizace];ORG-000043;organizace
[neurčená/nejasná organizace];ORG-000012;organizace
[amaterský archeolog/zájemce];ORG-000011;organizace
[archeolog mimo organizaci];ORG-000013;organizace
Archaia Příchovice [zaniklé];ORG-000015;organizace
Znojmo;Znojmo;okres
Zlín;Zlín;okres
Vyškov;Vyškov;okres
Vsetín;Vsetín;okres
Uherské Hradiště;Uherské Hradiště;okres
Třebíč;Třebíč;okres
Šumperk;Šumperk;okres
Přerov;Přerov;okres
Prostějov;Prostějov;okres
Ostrava-město;Ostrava-město;okres
Opava;Opava;okres
Olomouc;Olomouc;okres
Nový Jičín;Nový Jičín;okres
Kroměříž;Kroměříž;okres
Karviná;Karviná;okres
Jeseník;Jeseník;okres
Hodonín;Hodonín;okres
Hlavní město Praha;Hlavní město Praha;okres
Frýdek-Místek;Frýdek-Místek;okres
Břeclav;Břeclav;okres
Bruntál;Bruntál;okres
Brno-venkov;Brno-venkov;okres
Brno-město;Brno-město;okres
Blansko;Blansko;okres
Žďár nad Sázavou;Žďár nad Sázavou;okres
Ústí nad Orlicí;Ústí nad Orlicí;okres
Ústí nad Labem;Ústí nad Labem;okres
Trutnov;Trutnov;okres
Teplice;Teplice;okres
Tachov;Tachov;okres
Tábor;Tábor;okres
Svitavy;Svitavy;okres
Strakonice;Strakonice;okres
Sokolov;Sokolov;okres
Semily;Semily;okres
Rychnov nad Kněžnou;Rychnov nad Kněžnou;okres
Rokycany;Rokycany;okres
Rakovník;Rakovník;okres
Příbram;Příbram;okres
Prachatice;Prachatice;okres
Praha-západ;Praha-západ;okres
Praha-východ;Praha-východ;okres
Plzeň-sever;Plzeň-sever;okres
Plzeň-město;Plzeň-město;okres
Plzeň-jih;Plzeň-jih;okres
Písek;Písek;okres
Pelhřimov;Pelhřimov;okres
Pardubice;Pardubice;okres
Nymburk;Nymburk;okres
Náchod;Náchod;okres
Most;Most;okres
Mladá Boleslav;Mladá Boleslav;okres
Mělník;Mělník;okres
Louny;Louny;okres
Litoměřice;Litoměřice;okres
Liberec;Liberec;okres
Kutná Hora;Kutná Hora;okres
Kolín;Kolín;okres
Klatovy;Klatovy;okres
Kladno;Kladno;okres
Karlovy Vary;Karlovy Vary;okres
Jindřichův Hradec;Jindřichův Hradec;okres
Jihlava;Jihlava;okres
Jičín;Jičín;okres
Jablonec nad Nisou;Jablonec nad Nisou;okres
Chrudim;Chrudim;okres
Chomutov;Chomutov;okres
Cheb;Cheb;okres
Hradec Králové;Hradec Králové;okres
Havlíčkův Brod;Havlíčkův Brod;okres
Domažlice;Domažlice;okres
Děčín;Děčín;okres
Český Krumlov;Český Krumlov;okres
České Budějovice;České Budějovice;okres
Česká Lípa;Česká Lípa;okres
Beroun;Beroun;okres
Benešov;Benešov;okres
Komárov;Komárov;katastr
Ivanovice;Ivanovice;katastr
Těšetice u Olomouce;Těšetice u Olomouce;katastr
Uničov;Uničov;katastr
Troubelice;Troubelice;katastr
Majetín;Majetín;katastr
Košíky;Košíky;katastr
Horka nad Moravou;Horka nad Moravou;katastr
Holásky;Holásky;katastr
Pavlovice u Přerova;Pavlovice u Přerova;katastr
Lubná u Kroměříže;Lubná u Kroměříže;katastr
Černovice;Černovice;katastr
Černá Pole;Černá Pole;katastr
Lubenec;Lubenec;katastr
Žebětín;Žebětín;katastr
Pisárky;Pisárky;katastr
Kohoutovice;Kohoutovice;katastr
Nový Lískovec;Nový Lískovec;katastr
Bohunice;Bohunice;katastr
Starý Lískovec;Starý Lískovec;katastr
Horní Heršpice;Horní Heršpice;katastr
Královo Pole;Královo Pole;katastr
Bystrc;Bystrc;katastr
Jundrov;Jundrov;katastr
Jihlava;Jihlava;katastr
Nezabudice;Nezabudice;katastr
Krouna;Krouna;katastr
Hosov;Hosov;katastr
Kněžice u Třebíče;Kněžice u Třebíče;katastr
Řehořov;Řehořov;katastr
Jiříkovice;Jiříkovice;katastr
Jedlany;Jedlany;katastr
Rybné;Rybné;katastr
Drahnětice;Drahnětice;katastr
Hruškové Dvory;Hruškové Dvory;katastr
Dědice u Nemyšle;Dědice u Nemyšle;katastr
Žižice;Žižice;katastr
Třebichovice;Třebichovice;katastr
Čelechovice;Čelechovice;katastr
Běloky;Běloky;katastr
Čelina;Čelina;katastr
Horní Dvořiště;Horní Dvořiště;katastr
Blíževedly;Blíževedly;katastr
Masojedy;Masojedy;katastr
Sivice;Sivice;katastr
Bulhary;Bulhary;katastr
Hněvkovice u Humpolce;Hněvkovice u Humpolce;katastr
Humpolec;Humpolec;katastr
Milovice u Mikulova;Milovice u Mikulova;katastr
Polabec;Polabec;katastr
Bošovice;Bošovice;katastr
Boškůvky;Boškůvky;katastr
Olšany;Olšany;katastr
Pístovice;Pístovice;katastr
Jizbice u Nymburka;Jizbice u Nymburka;katastr
Račice;Račice;katastr
Bohaté Málkovice;Bohaté Málkovice;katastr
Abertamy;Abertamy;katastr
Oplocany;Oplocany;katastr
Nové Dvory nad Bečvou;Nové Dvory nad Bečvou;katastr
Měrovice nad Hanou;Měrovice nad Hanou;katastr
Luková u Přerova;Luková u Přerova;katastr
Líšná u Přerova;Líšná u Přerova;katastr
Lipová u Přerova;Lipová u Přerova;katastr
Poruba-sever;Poruba-sever;katastr
Poruba;Poruba;katastr
Radvanice;Radvanice;katastr
Slezská Ostrava;Slezská Ostrava;katastr
Zábřeh-Hulváky;Zábřeh-Hulváky;katastr
Mariánské Hory;Mariánské Hory;katastr
Rozstání pod Kojálem;Rozstání pod Kojálem;katastr
Protivanov;Protivanov;katastr
Soběsuky u Plumlova;Soběsuky u Plumlova;katastr
Prostějovičky;Prostějovičky;katastr
Pěnčín na Moravě;Pěnčín na Moravě;katastr
Pavlovice u Kojetína;Pavlovice u Kojetína;katastr
Vážany u Uherského Hradiště;Vážany u Uherského Hradiště;katastr
Újezdec u Osvětiman;Újezdec u Osvětiman;katastr
Ostrožské Předměstí;Ostrožské Předměstí;katastr
Dolní Němčí;Dolní Němčí;katastr
Zlechov;Zlechov;katastr
Kvačice;Kvačice;katastr
Uherské Hradiště;Uherské Hradiště;katastr
Čelčice;Čelčice;katastr
Čechovice-Záhoří;Čechovice-Záhoří;katastr
Čechovice u Prostějova;Čechovice u Prostějova;katastr
Komárovice u Jihlavy;Komárovice u Jihlavy;katastr
Červená Řečice;Červená Řečice;katastr
Černovice u Tábora;Černovice u Tábora;katastr
Rosice u Chrasti;Rosice u Chrasti;katastr
Čistá v Krkonoších;Čistá v Krkonoších;katastr
Načeradec;Načeradec;katastr
Mrač;Mrač;katastr
Mlékovice u Neveklova;Mlékovice u Neveklova;katastr
Vysoká u Chomutova;Vysoká u Chomutova;katastr
Místo;Místo;katastr
Blahuňov;Blahuňov;katastr
Mikulovice u Vernéřova;Mikulovice u Vernéřova;katastr
Jezdkovice;Jezdkovice;katastr
Kluky u Mladé Boleslavi;Kluky u Mladé Boleslavi;katastr
Klášter Hradiště nad Jizerou;Klášter Hradiště nad Jizerou;katastr
Jizerní Vtelno;Jizerní Vtelno;katastr
Kozmice u Jiviny;Kozmice u Jiviny;katastr
Všesoky;Všesoky;katastr
Zdeslavice u Chlístovic;Zdeslavice u Chlístovic;katastr
Chroustkov;Chroustkov;katastr
Střelskohoštická Lhota;Střelskohoštická Lhota;katastr
Sedlice u Blatné;Sedlice u Blatné;katastr
Němčice u Sedlice;Němčice u Sedlice;katastr
Řepice;Řepice;katastr
Rojice;Rojice;katastr
Radošovice u Strakonic;Radošovice u Strakonic;katastr
Kapsova Lhota;Kapsova Lhota;katastr
Leskovice u Radomyšle;Leskovice u Radomyšle;katastr
Radčice u Vodňan;Radčice u Vodňan;katastr
Přešťovice;Přešťovice;katastr
Úlehle u Předslavic;Úlehle u Předslavic;katastr
Vokov u Třebeně;Vokov u Třebeně;katastr
Načetín u Kalku;Načetín u Kalku;katastr
Bystřice u Kadaně;Bystřice u Kadaně;katastr
Zásada u Kadaně;Zásada u Kadaně;katastr
Červený Hrádek u Jirkova;Červený Hrádek u Jirkova;katastr
Březenec;Březenec;katastr
Velké Stínky;Velké Stínky;katastr
Rychnov u Verneřic;Rychnov u Verneřic;katastr
Příbram pod Bukovou horou;Příbram pod Bukovou horou;katastr
Čáslav u Verneřic;Čáslav u Verneřic;katastr
Branišovice u Římova;Branišovice u Římova;katastr
Sedlec u Českých Budějovic;Sedlec u Českých Budějovic;katastr
Rychnov u Nových Hradů;Rychnov u Nových Hradů;katastr
Tisová u Nejdku;Tisová u Nejdku;katastr
Češnovice;Češnovice;katastr
Kobylníky;Kobylníky;katastr
Dolany u Čkyně;Dolany u Čkyně;katastr
Čkyně;Čkyně;katastr
Týřovice nad Berounkou;Týřovice nad Berounkou;katastr
Hostokryje;Hostokryje;katastr
Ryšín;Ryšín;katastr
Chlum u Rakovníka;Chlum u Rakovníka;katastr
Sázava u Petrova;Sázava u Petrova;katastr
Ořech;Ořech;katastr
Ohrobec;Ohrobec;katastr
Hostivice;Hostivice;katastr
Tursko;Tursko;katastr
Tuchoměřice;Tuchoměřice;katastr
Svatkovice;Svatkovice;katastr
Srbsko;Srbsko;katastr
Jablonná;Jablonná;katastr
Horní Hbity;Horní Hbity;katastr
Chraštice;Chraštice;katastr
Chrást u Tochovic;Chrást u Tochovic;katastr
Sejcká Lhota;Sejcká Lhota;katastr
Hutě pod Třemšínem;Hutě pod Třemšínem;katastr
Oříkov;Oříkov;katastr
Horčápsko;Horčápsko;katastr
Dublovice;Dublovice;katastr
Hřiměždice;Hřiměždice;katastr
Dlouhá Lhota u Dobříše;Dlouhá Lhota u Dobříše;katastr
Druhlice;Druhlice;katastr
Strážovice u Mirotic;Strážovice u Mirotic;katastr
Stráž u Mirotic;Stráž u Mirotic;katastr
Bořice u Mirotic;Bořice u Mirotic;katastr
Varvažov;Varvažov;katastr
Písecká Smoleč;Písecká Smoleč;katastr
Nemějice;Nemějice;katastr
Radimovice u Tábora;Radimovice u Tábora;katastr
Orlov u Jistebnice;Orlov u Jistebnice;katastr
Opařany;Opařany;katastr
Mostek u Ratibořských Hor;Mostek u Ratibořských Hor;katastr
Chyška;Chyška;katastr
Nová Ves u Protivína;Nová Ves u Protivína;katastr
Březí u Milevska;Březí u Milevska;katastr
Radim;Radim;katastr
Smrkový Týnec;Smrkový Týnec;katastr
Prosetín u Hlinska;Prosetín u Hlinska;katastr
Veselice nad Metují;Veselice nad Metují;katastr
Velká Jesenice;Velká Jesenice;katastr
Městská Kramolna;Městská Kramolna;katastr
Vížky;Vížky;katastr
Podhořany u Ronova;Podhořany u Ronova;katastr
Lhota u Skutče;Lhota u Skutče;katastr
Březka;Březka;katastr
Rytířova Lhota;Rytířova Lhota;katastr
Malechovice;Malechovice;katastr
Chlum u Hradce Králové;Chlum u Hradce Králové;katastr
Humburky;Humburky;katastr
Chvojenec;Chvojenec;katastr
Hrachoviště u Býště;Hrachoviště u Býště;katastr
Poříčí nad Sázavou;Poříčí nad Sázavou;katastr
Popovice u Benešova;Popovice u Benešova;katastr
Knížkovice;Knížkovice;katastr
Záluží u Hořovic;Záluží u Hořovic;katastr
Zahořany u Berouna;Zahořany u Berouna;katastr
Vysoký Újezd u Berouna;Vysoký Újezd u Berouna;katastr
Bzová u Hořovic;Bzová u Hořovic;katastr
Újezd u Hořovic;Újezd u Hořovic;katastr
Bykoš;Bykoš;katastr
Stradonice u Nižboru;Stradonice u Nižboru;katastr
Šedivec;Šedivec;katastr
Ostřetín;Ostřetín;katastr
Ostřešany;Ostřešany;katastr
Platěnice;Platěnice;katastr
Lipoltice;Lipoltice;katastr
Ledec;Ledec;katastr
Srnojedy;Srnojedy;katastr
Lány na Důlku;Lány na Důlku;katastr
Křičeň;Křičeň;katastr
Kolesa;Kolesa;katastr
Klenovka;Klenovka;katastr
Kasaličky;Kasaličky;katastr
Jezbořice;Jezbořice;katastr
Seník;Seník;katastr
Rtyně v Podkrkonoší;Rtyně v Podkrkonoší;katastr
Radeč;Radeč;katastr
Prosečné;Prosečné;katastr
Pilníkov I;Pilníkov I;katastr
Jeřičky;Jeřičky;katastr
Řídký;Řídký;katastr
Skalice u Žitenic;Skalice u Žitenic;katastr
Česká Dlouhá;Česká Dlouhá;katastr
Nová Ves u Jarošova;Nová Ves u Jarošova;katastr
Horky;Horky;katastr
Horní Nezly;Horní Nezly;katastr
Petrovice u Borovan;Petrovice u Borovan;katastr
Olešnice u Trhových Svinů;Olešnice u Trhových Svinů;katastr
Beranova Lhota;Beranova Lhota;katastr
Předboř u Choustníku;Předboř u Choustníku;katastr
Choustník;Choustník;katastr
Moraveč u Chotovin;Moraveč u Chotovin;katastr
Liderovice;Liderovice;katastr
Maršov u Heřmanče;Maršov u Heřmanče;katastr
Hostkovice u Dolních Němčic;Hostkovice u Dolních Němčic;katastr
Dolní Němčice;Dolní Němčice;katastr
Hluboká u Dačic;Hluboká u Dačic;katastr
Dešná u Dačic;Dešná u Dačic;katastr
Budíškovice;Budíškovice;katastr
Brandlín;Brandlín;katastr
Podeřiště;Podeřiště;katastr
Malovice u Netolic;Malovice u Netolic;katastr
Sedlovice;Sedlovice;katastr
Němčice u Netolic;Němčice u Netolic;katastr
Sviňovice;Sviňovice;katastr
Libínské Sedlo;Libínské Sedlo;katastr
Jiřičná;Jiřičná;katastr
Lhota nad Rohanovem;Lhota nad Rohanovem;katastr
Bučina u Kvildy;Bučina u Kvildy;katastr
Křížovice u Ktiše;Křížovice u Ktiše;katastr
Třešňový Újezdec;Třešňový Újezdec;katastr
Houžná;Houžná;katastr
Snědovice;Snědovice;katastr
Staré;Staré;katastr
Křešov;Křešov;katastr
Kolaje;Kolaje;katastr
Roudníček;Roudníček;katastr
Podlusky;Podlusky;katastr
Oleško u Rohatců;Oleško u Rohatců;katastr
Janské Lázně;Janské Lázně;katastr
Mečíř;Mečíř;katastr
Hodkovice u Trutnova;Hodkovice u Trutnova;katastr
Záhuby;Záhuby;katastr
Bačalky;Bačalky;katastr
Rakov u Markvartic;Rakov u Markvartic;katastr
Nová Sídla;Nová Sídla;katastr
Mikuleč;Mikuleč;katastr
Pohledy;Pohledy;katastr
Ústí nad Labem;Ústí nad Labem;katastr
Mírkov;Mírkov;katastr
Český Bukov;Český Bukov;katastr
Nová Ves;Nová Ves;katastr
Pohoří u Malečova;Pohoří u Malečova;katastr
Březí u Malečova;Březí u Malečova;katastr
Lysá;Lysá;katastr
Vitín u Malého Března;Vitín u Malého Března;katastr
Tisá;Tisá;katastr
Krhov u Bojkovic;Krhov u Bojkovic;katastr
Hory u Oloví;Hory u Oloví;katastr
Komňa;Komňa;katastr
Nivnice;Nivnice;katastr
Hradčovice;Hradčovice;katastr
Straškov;Straškov;katastr
Dobrčice u Skršína;Dobrčice u Skršína;katastr
Soběnice;Soběnice;katastr
Čížkovice;Čížkovice;katastr
České Kopisty;České Kopisty;katastr
Horní Poříčí u Letovic;Horní Poříčí u Letovic;katastr
Petrovičky u Mladkova;Petrovičky u Mladkova;katastr
Licomělice;Licomělice;katastr
Dolní Nakvasovice;Dolní Nakvasovice;katastr
Hodonín u Zdíkovce;Hodonín u Zdíkovce;katastr
Nevid;Nevid;katastr
Litohlavy;Litohlavy;katastr
Lhotka u Radnic;Lhotka u Radnic;katastr
Chockov;Chockov;katastr
Kladruby u Radnic;Kladruby u Radnic;katastr
Kařízek;Kařízek;katastr
Kamenec u Radnic;Kamenec u Radnic;katastr
Chlum nad Berounkou;Chlum nad Berounkou;katastr
Hřešihlavy;Hřešihlavy;katastr
Hrádek u Rokycan;Hrádek u Rokycan;katastr
Holoubkov;Holoubkov;katastr
Chleny;Chleny;katastr
Stupno;Stupno;katastr
Břasy;Břasy;katastr
Tatiná;Tatiná;katastr
Zruč;Zruč;katastr
Hlína;Hlína;katastr
Zbůch;Zbůch;katastr
Liboměřice;Liboměřice;katastr
Lhůty;Lhůty;katastr
Zájezdec;Zájezdec;katastr
Ctětín;Ctětín;katastr
Vyžice;Vyžice;katastr
Bylany;Bylany;katastr
Bousov;Bousov;katastr
Bělá;Bělá;katastr
Brtev;Brtev;katastr
Holín;Holín;katastr
Keteň;Keteň;katastr
Dolní Lochov;Dolní Lochov;katastr
Osenice;Osenice;katastr
Jičín;Jičín;katastr
Sylvárův Újezd;Sylvárův Újezd;katastr
Chyjice;Chyjice;katastr
Dolany u Chyjic;Dolany u Chyjic;katastr
Chomutičky;Chomutičky;katastr
Chlum u Hořic;Chlum u Hořic;katastr
Libonice;Libonice;katastr
Ohaveč;Ohaveč;katastr
Horní Lochov;Horní Lochov;katastr
Chvalina;Chvalina;katastr
Ronov nad Doubravou;Ronov nad Doubravou;katastr
Prachov;Prachov;katastr
Podlažice;Podlažice;katastr
Javorka;Javorka;katastr
Valtířov u Nového Kramolína;Valtířov u Nového Kramolína;katastr
Sovinec;Sovinec;katastr
Hradenín;Hradenín;katastr
Černá Hora u Bělé nad Radbuzou;Černá Hora u Bělé nad Radbuzou;katastr
Krasíkov;Krasíkov;katastr
Bor u Tachova;Bor u Tachova;katastr
Arnoltice;Arnoltice;katastr
Staré Hamry 2;Staré Hamry 2;katastr
Slatina u Horažďovic;Slatina u Horažďovic;katastr
Křižínkov;Křižínkov;katastr
Bystřice u Bělé nad Radbuzou;Bystřice u Bělé nad Radbuzou;katastr
Slověnice;Slověnice;katastr
Úherce u Panenského Týnce;Úherce u Panenského Týnce;katastr
Zborovy;Zborovy;katastr
Vižina;Vižina;katastr
Léno;Léno;katastr
Staré Sedlo u Tachova;Staré Sedlo u Tachova;katastr
Kunratice u Liberce;Kunratice u Liberce;katastr
Všechlapy u Zabrušan;Všechlapy u Zabrušan;katastr
Teplice-Trnovany;Teplice-Trnovany;katastr
Teplice-Řetenice;Teplice-Řetenice;katastr
Soběchleby u Krupky;Soběchleby u Krupky;katastr
Želénky;Želénky;katastr
Sobědruhy;Sobědruhy;katastr
Rtyně nad Bílinou;Rtyně nad Bílinou;katastr
Radovesice u Bíliny;Radovesice u Bíliny;katastr
Teplice;Teplice;katastr
Dřínek;Dřínek;katastr
Proboštov u Teplic;Proboštov u Teplic;katastr
Osek u Duchcova;Osek u Duchcova;katastr
Dolní Věžnice;Dolní Věžnice;katastr
Suchá u Jihlavy;Suchá u Jihlavy;katastr
Střížov;Střížov;katastr
Sokolíčko;Sokolíčko;katastr
Spělov;Spělov;katastr
Salavice;Salavice;katastr
Střítež u Jihlavy;Střítež u Jihlavy;katastr
Rácov;Rácov;katastr
Studénky;Studénky;katastr
Puklice;Puklice;katastr
Příseka;Příseka;katastr
Plandry;Plandry;katastr
Žeraviny;Žeraviny;katastr
Vnorovy;Vnorovy;katastr
Mohelnice;Mohelnice;katastr
Mladoňov u Oskavy;Mladoňov u Oskavy;katastr
Pístov u Jihlavy;Pístov u Jihlavy;katastr
Mírov;Mírov;katastr
Maršíkov;Maršíkov;katastr
Horní Temenice;Horní Temenice;katastr
Chlumek;Chlumek;katastr
Svařenov;Svařenov;katastr
Oslava;Oslava;katastr
Dolní Bory;Dolní Bory;katastr
Červené Pečky;Červené Pečky;katastr
Dražovice u Sušice;Dražovice u Sušice;katastr
Padochov;Padochov;katastr
Cholupice;Cholupice;katastr
Velké Dvorce;Velké Dvorce;katastr
Březovík 2;Březovík 2;katastr
Malonice nad Zubřinou;Malonice nad Zubřinou;katastr
Vlkov u Spáleného Poříčí;Vlkov u Spáleného Poříčí;katastr
Černá Voda;Černá Voda;katastr
Hodonín;Hodonín;katastr
Dubňany;Dubňany;katastr
Čejkovice;Čejkovice;katastr
Lipník nad Bečvou;Lipník nad Bečvou;katastr
Lhota u Lipníka nad Bečvou;Lhota u Lipníka nad Bečvou;katastr
Křenovice u Kojetína;Křenovice u Kojetína;katastr
Kovalovice u Kojetína;Kovalovice u Kojetína;katastr
Kojetín;Kojetín;katastr
Jezernice;Jezernice;katastr
Horní Nětčice;Horní Nětčice;katastr
Turovice;Turovice;katastr
Dolní Újezd u Lipníka nad Bečvou;Dolní Újezd u Lipníka nad Bečvou;katastr
Lhota u Choryně;Lhota u Choryně;katastr
Lázy u Valašského Meziříčí;Lázy u Valašského Meziříčí;katastr
Slavětín u Litovle;Slavětín u Litovle;katastr
Slatinice na Hané;Slatinice na Hané;katastr
Senice na Hané;Senice na Hané;katastr
Řimice;Řimice;katastr
Stará Libavá;Stará Libavá;katastr
Medlov u Uničova;Medlov u Uničova;katastr
Petříkov u Velkých Popovic;Petříkov u Velkých Popovic;katastr
Odolena Voda;Odolena Voda;katastr
Nový Vestec;Nový Vestec;katastr
Bílá Lhota;Bílá Lhota;katastr
Červenka;Červenka;katastr
Bělkovice;Bělkovice;katastr
Babice u Šternberka;Babice u Šternberka;katastr
Kostelec u Křížků;Kostelec u Křížků;katastr
Přívoz;Přívoz;katastr
Lichnov u Bruntálu;Lichnov u Bruntálu;katastr
Arnultovice u Jindřichova;Arnultovice u Jindřichova;katastr
Petrovice ve Slezsku;Petrovice ve Slezsku;katastr
Janov u Krnova;Janov u Krnova;katastr
Doubravice nad Moravou;Doubravice nad Moravou;katastr
Dlouhomilov;Dlouhomilov;katastr
Krásné u Šumperka;Krásné u Šumperka;katastr
Benkov;Benkov;katastr
Bukovice u Velkých Losin;Bukovice u Velkých Losin;katastr
Brníčko u Zábřeha;Brníčko u Zábřeha;katastr
Vlachov;Vlachov;katastr
Bratrušov;Bratrušov;katastr
Bzová u Uherského Brodu;Bzová u Uherského Brodu;katastr
Březová u Uherského Brodu;Březová u Uherského Brodu;katastr
Bojkovice;Bojkovice;katastr
Valašská Senice;Valašská Senice;katastr
Zaloňov;Zaloňov;katastr
Velichovky;Velichovky;katastr
Nikolčice;Nikolčice;katastr
Ponava;Ponava;katastr
Jeneč;Jeneč;katastr
Smilovice u Třince;Smilovice u Třince;katastr
Veliny;Veliny;katastr
Valy nad Labem;Valy nad Labem;katastr
Roveň u Rychnova nad Kněžnou;Roveň u Rychnova nad Kněžnou;katastr
Rokytnice v Orlických horách;Rokytnice v Orlických horách;katastr
Prostřední Rokytnice;Prostřední Rokytnice;katastr
Dolní Rokytnice v Orlických horách;Dolní Rokytnice v Orlických horách;katastr
Rašovice u Týniště nad Orlicí;Rašovice u Týniště nad Orlicí;katastr
Přepychy u Opočna;Přepychy u Opočna;katastr
Pohoří u Dobrušky;Pohoří u Dobrušky;katastr
Lhota u Dobrušky;Lhota u Dobrušky;katastr
Peklo nad Zdobnicí;Peklo nad Zdobnicí;katastr
Pěčín u Rychnova nad Kněžnou;Pěčín u Rychnova nad Kněžnou;katastr
Vejvanov;Vejvanov;katastr
Želenice u Mostu;Želenice u Mostu;katastr
Záluží u Litvínova;Záluží u Litvínova;katastr
Dobětice;Dobětice;katastr
Podlešín u Stebna;Podlešín u Stebna;katastr
Skorotice u Ústí nad Labem;Skorotice u Ústí nad Labem;katastr
Sebuzín;Sebuzín;katastr
Střížovice u Ústí nad Labem;Střížovice u Ústí nad Labem;katastr
Nové Veselí;Nové Veselí;katastr
Maršovice u Nového Města na Moravě;Maršovice u Nového Města na Moravě;katastr
Nová Ves u Nového Města na Moravě;Nová Ves u Nového Města na Moravě;katastr
Křídla;Křídla;katastr
Buková u Nížkova;Buková u Nížkova;katastr
Lhotka u Žďáru nad Sázavou;Lhotka u Žďáru nad Sázavou;katastr
Kyjov u Černé;Kyjov u Černé;katastr
Kralice nad Oslavou;Kralice nad Oslavou;katastr
Horní Lhotice;Horní Lhotice;katastr
Kožichovice;Kožichovice;katastr
Janov v Orlických horách;Janov v Orlických horách;katastr
Kouty u Třebíče;Kouty u Třebíče;katastr
Koněšín;Koněšín;katastr
Kladeruby nad Oslavou;Kladeruby nad Oslavou;katastr
Klementice;Klementice;katastr
Kamenná nad Oslavou;Kamenná nad Oslavou;katastr
Třeboutice;Třeboutice;katastr
Opatovice nad Labem;Opatovice nad Labem;katastr
Ohrazenice;Ohrazenice;katastr
Nemošice;Nemošice;katastr
Moravany nad Loučnou;Moravany nad Loučnou;katastr
Moravanský;Moravanský;katastr
Mikulovice u Pardubic;Mikulovice u Pardubic;katastr
Mělice;Mělice;katastr
Lohenice u Přelouče;Lohenice u Přelouče;katastr
Litětiny;Litětiny;katastr
Poběžovice u Přelouče;Poběžovice u Přelouče;katastr
Sovoluská Lhota;Sovoluská Lhota;katastr
Libišany;Libišany;katastr
Velké Janovice;Velké Janovice;katastr
Vrbka u Sulimova;Vrbka u Sulimova;katastr
Karolín u Sulimova;Karolín u Sulimova;katastr
Strabenice;Strabenice;katastr
Skržice;Skržice;katastr
Skaštice;Skaštice;katastr
Novosedly na Moravě;Novosedly na Moravě;katastr
Mikulov na Moravě;Mikulov na Moravě;katastr
Pavlov u Dolních Věstonic;Pavlov u Dolních Věstonic;katastr
Velké Těšany;Velké Těšany;katastr
Bařice;Bařice;katastr
Želechovice nad Dřevnicí;Želechovice nad Dřevnicí;katastr
Drnholec;Drnholec;katastr
Střížovice u Kvasic;Střížovice u Kvasic;katastr
Lípa nad Dřevnicí;Lípa nad Dřevnicí;katastr
Raková;Raková;katastr
Vlčková;Vlčková;katastr
Kučerov;Kučerov;katastr
Veselá u Zlína;Veselá u Zlína;katastr
Velký Ořechov;Velký Ořechov;katastr
Tlumačov na Moravě;Tlumačov na Moravě;katastr
Šarovy;Šarovy;katastr
Němčice u Třebnic;Němčice u Třebnic;katastr
Slušovice;Slušovice;katastr
Pohořelice u Napajedel;Pohořelice u Napajedel;katastr
Neubuz;Neubuz;katastr
Mysločovice;Mysločovice;katastr
Lukov u Zlína;Lukov u Zlína;katastr
Skočova Lhota;Skočova Lhota;katastr
Malá Roudka;Malá Roudka;katastr
Lhota u Olešnice;Lhota u Olešnice;katastr
Lhota Rapotina;Lhota Rapotina;katastr
Míchov u Boskovic;Míchov u Boskovic;katastr
Třebětín u Letovic;Třebětín u Letovic;katastr
Nosislav;Nosislav;katastr
Žernůvka;Žernůvka;katastr
Nedvědice pod Pernštejnem;Nedvědice pod Pernštejnem;katastr
Pamětice na Moravě;Pamětice na Moravě;katastr
Nebovidy u Brna;Nebovidy u Brna;katastr
Hluboké u Kunštátu;Hluboké u Kunštátu;katastr
Žatec na Moravě;Žatec na Moravě;katastr
Vystrčenovice;Vystrčenovice;katastr
Volevčice u Telče;Volevčice u Telče;katastr
Malá Lhota;Malá Lhota;katastr
Lipovec u Blanska;Lipovec u Blanska;katastr
Lažánky u Blanska;Lažánky u Blanska;katastr
Kuničky;Kuničky;katastr
Závist;Závist;katastr
Křtiny;Křtiny;katastr
Kotvrdovice;Kotvrdovice;katastr
Karolín;Karolín;katastr
Horní Lhota u Blanska;Horní Lhota u Blanska;katastr
Lhotky;Lhotky;katastr
Teplice nad Metují;Teplice nad Metují;katastr
Javor u Teplic nad Metují;Javor u Teplic nad Metují;katastr
Horní Teplice;Horní Teplice;katastr
Dolní Teplice;Dolní Teplice;katastr
Šonov u Nového Města nad Metují;Šonov u Nového Města nad Metují;katastr
Vestec u Jaroměře;Vestec u Jaroměře;katastr
Šestajovice u Jaroměře;Šestajovice u Jaroměře;katastr
Roztoky nad Metují;Roztoky nad Metují;katastr
Starý Ples;Starý Ples;katastr
Stárkov;Stárkov;katastr
Rtyně;Rtyně;katastr
Zálesní Lhota;Zálesní Lhota;katastr
Hrádek u Nechanic;Hrádek u Nechanic;katastr
Nový Hradec Králové;Nový Hradec Králové;katastr
Pražské Předměstí;Pražské Předměstí;katastr
Malšovice u Hradce Králové;Malšovice u Hradce Králové;katastr
Hradec Králové;Hradec Králové;katastr
Horní Přím;Horní Přím;katastr
Velká Javorská;Velká Javorská;katastr
Nová Ves u Podbořan;Nová Ves u Podbořan;katastr
Černčice u Petrohradu;Černčice u Petrohradu;katastr
Dolní Sloupnice;Dolní Sloupnice;katastr
Nové Sedlo u Žatce;Nové Sedlo u Žatce;katastr
Žďárec u Seče;Žďárec u Seče;katastr
Chmelištná;Chmelištná;katastr
Čenkov u Příbramě;Čenkov u Příbramě;katastr
Postřižín;Postřižín;katastr
Nedomice;Nedomice;katastr
Tuhaň;Tuhaň;katastr
Kozly u Tišic;Kozly u Tišic;katastr
Chrást u Tišic;Chrást u Tišic;katastr
Kralupy nad Vltavou;Kralupy nad Vltavou;katastr
Kozomín;Kozomín;katastr
Kostelec nad Labem;Kostelec nad Labem;katastr
Kokořín;Kokořín;katastr
Hostín u Vojkovic;Hostín u Vojkovic;katastr
Hořín;Hořín;katastr
Osinalice;Osinalice;katastr
Chomutov II;Chomutov II;katastr
Chrášťovice u Mladotic;Chrášťovice u Mladotic;katastr
Krabčice u Roudnice nad Labem;Krabčice u Roudnice nad Labem;katastr
Černíkov u Strakonic;Černíkov u Strakonic;katastr
Kváskovice u Drážova;Kváskovice u Drážova;katastr
Drážov;Drážov;katastr
Chvalšovice;Chvalšovice;katastr
Drahenický Málkov;Drahenický Málkov;katastr
Střídka;Střídka;katastr
Doubravice u Volyně;Doubravice u Volyně;katastr
Doubravice u Strakonic;Doubravice u Strakonic;katastr
Radešov u Čestic;Radešov u Čestic;katastr
Nuzín;Nuzín;katastr
Oldřichov u Nejdku;Oldřichov u Nejdku;katastr
Nejdek;Nejdek;katastr
Záhořice;Záhořice;katastr
Bernov;Bernov;katastr
Pstruží u Merklína;Pstruží u Merklína;katastr
Nová Kyselka;Nová Kyselka;katastr
Maroltov;Maroltov;katastr
Hanušov;Hanušov;katastr
Krásný Les;Krásný Les;katastr
Mezirolí;Mezirolí;katastr
Český Chloumek;Český Chloumek;katastr
Pěčkovice;Pěčkovice;katastr
Mirotice u Kozlova;Mirotice u Kozlova;katastr
Janov u Litomyšle;Janov u Litomyšle;katastr
Chornice;Chornice;katastr
Hradec nad Svitavou;Hradec nad Svitavou;katastr
Kukle;Kukle;katastr
Stará Trnávka;Stará Trnávka;katastr
Úhlejov;Úhlejov;katastr
Chrast;Chrast;katastr
Stíčany;Stíčany;katastr
Hrochův Týnec;Hrochův Týnec;katastr
Velká Střítež;Velká Střítež;katastr
Klešice;Klešice;katastr
Lipka;Lipka;katastr
Horní Bradlo;Horní Bradlo;katastr
Horní Metelsko;Horní Metelsko;katastr
Chotěšov u Velhartic;Chotěšov u Velhartic;katastr
Dolejší Hůrky;Dolejší Hůrky;katastr
Nesvačily u Berouna;Nesvačily u Berouna;katastr
Skuhrov pod Brdy;Skuhrov pod Brdy;katastr
Horní Soběšovice;Horní Soběšovice;katastr
Polžice u Horšovského Týna;Polžice u Horšovského Týna;katastr
Bezvěrov u Teplé;Bezvěrov u Teplé;katastr
Ledce u Židlochovic;Ledce u Židlochovic;katastr
Skapce;Skapce;katastr
Jakub;Jakub;katastr
Dobrošov u Libé;Dobrošov u Libé;katastr
Rabštejn nad Střelou;Rabštejn nad Střelou;katastr
Čejč;Čejč;katastr
Žlutava;Žlutava;katastr
Lužkovice;Lužkovice;katastr
Zádveřice;Zádveřice;katastr
Všemina;Všemina;katastr
Jasenná na Moravě;Jasenná na Moravě;katastr
Nelešovice;Nelešovice;katastr
Liboc;Liboc;katastr
Řepy;Řepy;katastr
Dětkovice;Dětkovice;katastr
Čechyně;Čechyně;katastr
Bučovice;Bučovice;katastr
Brankovice;Brankovice;katastr
Snovídky;Snovídky;katastr
Hracholusky nad Berounkou;Hracholusky nad Berounkou;katastr
Skařez;Skařez;katastr
Chaloupky u Otaslavic;Chaloupky u Otaslavic;katastr
Malá Víska v Brdech;Malá Víska v Brdech;katastr
Křešín v Brdech;Křešín v Brdech;katastr
Drahlín v Brdech;Drahlín v Brdech;katastr
Míšov v Brdech;Míšov v Brdech;katastr
Kadov u Sněžného;Kadov u Sněžného;katastr
Hluboká u Milhostova;Hluboká u Milhostova;katastr
Míchov;Míchov;katastr
Vatín;Vatín;katastr
Kaňovice;Kaňovice;katastr
Sazomín;Sazomín;katastr
Loštice;Loštice;katastr
Pustiměř;Pustiměř;katastr
Čečkovice;Čečkovice;katastr
Bratřínov;Bratřínov;katastr
Podolí u Borače;Podolí u Borače;katastr
Boječnice;Boječnice;katastr
Rajhradice;Rajhradice;katastr
Lipenec;Lipenec;katastr
Lipno;Lipno;katastr
Božtěšice na Šumavě;Božtěšice na Šumavě;katastr
Ostrov u Tachova;Ostrov u Tachova;katastr
Horní Lukavice;Horní Lukavice;katastr
Lhota pod Džbánem;Lhota pod Džbánem;katastr
Varvažov u Telnice;Varvažov u Telnice;katastr
Ostravice 2;Ostravice 2;katastr
Štipoklasy u Lovčic;Štipoklasy u Lovčic;katastr
Otín u Točníku;Otín u Točníku;katastr
Radňovice;Radňovice;katastr
Nimpšov;Nimpšov;katastr
Údolí u Nových Hradů;Údolí u Nových Hradů;katastr
Lhota u Kelče;Lhota u Kelče;katastr
Kunovice;Kunovice;katastr
Moravské Křižánky;Moravské Křižánky;katastr
Mirošov u Bobrové;Mirošov u Bobrové;katastr
Krásné nad Svratkou;Krásné nad Svratkou;katastr
Strážky u Habrovic;Strážky u Habrovic;katastr
Kněževes nad Oslavou;Kněževes nad Oslavou;katastr
Matějov;Matějov;katastr
Karlov;Karlov;katastr
Terezín;Terezín;katastr
Znětínek;Znětínek;katastr
Veselíčko u Žďáru nad Sázavou;Veselíčko u Žďáru nad Sázavou;katastr
Velká Losenice;Velká Losenice;katastr
Suchá u Stebna;Suchá u Stebna;katastr
Nové Dvory u Velké Losenice;Nové Dvory u Velké Losenice;katastr
Vikletice;Vikletice;katastr
Vadkovice;Vadkovice;katastr
Soběsuky nad Ohří;Soběsuky nad Ohří;katastr
Chbany;Chbany;katastr
Lažany u Chomutova;Lažany u Chomutova;katastr
Sádek;Sádek;katastr
Stará Chodovská;Stará Chodovská;katastr
Liboc u Kraslic;Liboc u Kraslic;katastr
Vranov u Rovné;Vranov u Rovné;katastr
Sokolov;Sokolov;katastr
Krásná Lípa u Rovné;Krásná Lípa u Rovné;katastr
Bystřina u Rovné;Bystřina u Rovné;katastr
Rovná u Sokolova;Rovná u Sokolova;katastr
Nový Ples;Nový Ples;katastr
Mezilečí;Mezilečí;katastr
Horní Radechová;Horní Radechová;katastr
Maršov u Uherského Brodu;Maršov u Uherského Brodu;katastr
Proruby;Proruby;katastr
Hubíles;Hubíles;katastr
Praskačka;Praskačka;katastr
Nechanice;Nechanice;katastr
Mšené-lázně;Mšené-lázně;katastr
Kokořov;Kokořov;katastr
Chynín;Chynín;katastr
Třebčice;Třebčice;katastr
Žerovice;Žerovice;katastr
Kněžice v Lužických horách;Kněžice v Lužických horách;katastr
Holohlavy;Holohlavy;katastr
Hlušičky;Hlušičky;katastr
Mstišov;Mstišov;katastr
Pastviny u Moldavy;Pastviny u Moldavy;katastr
Nové Město u Mikulova;Nové Město u Mikulova;katastr
Křemýž;Křemýž;katastr
Modlany;Modlany;katastr
Mikulov v Krušných horách;Mikulov v Krušných horách;katastr
Štěpánov u Lukova;Štěpánov u Lukova;katastr
Lukov u Bíliny;Lukov u Bíliny;katastr
Červený Újezd u Mukova;Červený Újezd u Mukova;katastr
Ledvice;Ledvice;katastr
Přestanov;Přestanov;katastr
Šachov;Šachov;katastr
Neštědice;Neštědice;katastr
Lochočice;Lochočice;katastr
Václaví;Václaví;katastr
Hřibiny;Hřibiny;katastr
Libouchec;Libouchec;katastr
Čermná u Libouchce;Čermná u Libouchce;katastr
Nakléřov;Nakléřov;katastr
Koštov;Koštov;katastr
Hrbovice;Hrbovice;katastr
Suletice;Suletice;katastr
Lhota pod Pannou;Lhota pod Pannou;katastr
Dehetná;Dehetná;katastr
Kladeruby;Kladeruby;katastr
Juřinka;Juřinka;katastr
Choryně;Choryně;katastr
Litichovice;Litichovice;katastr
Stachov u Šternberka;Stachov u Šternberka;katastr
Šumvald;Šumvald;katastr
Štarnov;Štarnov;katastr
Dědinka;Dědinka;katastr
Tovéř;Tovéř;katastr
Plinkout;Plinkout;katastr
Křivá;Křivá;katastr
Jinošov;Jinošov;katastr
Velká Bukovina;Velká Bukovina;katastr
Přerov u Těchlovic;Přerov u Těchlovic;katastr
Přední Lhota u Těchlovic;Přední Lhota u Těchlovic;katastr
Starý Šachov;Starý Šachov;katastr
Srbská Kamenice;Srbská Kamenice;katastr
Karlovka;Karlovka;katastr
Sněžník;Sněžník;katastr
Merboltice;Merboltice;katastr
Hubenov u Horní Bělé;Hubenov u Horní Bělé;katastr
Markvarec u Krajkové;Markvarec u Krajkové;katastr
Libnov;Libnov;katastr
Květná u Krajkové;Květná u Krajkové;katastr
Hrádek u Krajkové;Hrádek u Krajkové;katastr
Smíchov;Smíchov;katastr
Motol;Motol;katastr
Vinařice u Suchomast;Vinařice u Suchomast;katastr
Hřivice;Hřivice;katastr
Poběžovice u Domažlic;Poběžovice u Domažlic;katastr
Žim;Žim;katastr
Nová Bělá;Nová Bělá;katastr
Osek;Osek;katastr
Stojanovice;Stojanovice;katastr
Valtéřov;Valtéřov;katastr
Leštinka;Leštinka;katastr
Ježkovice na Moravě;Ježkovice na Moravě;katastr
Jedov;Jedov;katastr
Jasenice;Jasenice;katastr
Hostkovice;Hostkovice;katastr
Senička;Senička;katastr
Lipina;Lipina;katastr
Křekov;Křekov;katastr
Košařiska;Košařiska;katastr
Třinec;Třinec;katastr
Karpentná;Karpentná;katastr
Návsí;Návsí;katastr
Bocanovice;Bocanovice;katastr
Hrádek;Hrádek;katastr
Linhartovy;Linhartovy;katastr
Chotoviny;Chotoviny;katastr
Radonice u Drahotěšic;Radonice u Drahotěšic;katastr
Chotěmice;Chotěmice;katastr
Mašovice;Mašovice;katastr
Hvožďany u Bechyně;Hvožďany u Bechyně;katastr
Hrušova Lhota;Hrušova Lhota;katastr
Kozmice u Chýnova;Kozmice u Chýnova;katastr
Hoštice u Nemyšle;Hoštice u Nemyšle;katastr
Horky u Tábora;Horky u Tábora;katastr
Dub u Ratibořských Hor;Dub u Ratibořských Hor;katastr
Meziříčí;Meziříčí;katastr
Dražice u Tábora;Dražice u Tábora;katastr
Vyhnanice;Vyhnanice;katastr
Jackov;Jackov;katastr
Hornice;Hornice;katastr
Domamil;Domamil;katastr
Malý Dešov;Malý Dešov;katastr
Dědice;Dědice;katastr
Martínkov;Martínkov;katastr
Blatnice;Blatnice;katastr
Dolní Chabry;Dolní Chabry;katastr
Svatá Kateřina u Rozvadova;Svatá Kateřina u Rozvadova;katastr
Pitín;Pitín;katastr
Mikulůvka;Mikulůvka;katastr
Zámrsky;Zámrsky;katastr
Lhotka u Hranic;Lhotka u Hranic;katastr
Petřvaldík;Petřvaldík;katastr
Horní Smržov;Horní Smržov;katastr
Deštná;Deštná;katastr
Cetkovice;Cetkovice;katastr
Boskovice;Boskovice;katastr
Bačov;Bačov;katastr
Žďárná;Žďárná;katastr
Hrádkov;Hrádkov;katastr
Zábludov;Zábludov;katastr
Vratíkov;Vratíkov;katastr
Vranová u Letovic;Vranová u Letovic;katastr
Sulíkov;Sulíkov;katastr
Sudice u Boskovic;Sudice u Boskovic;katastr
Honbice;Honbice;katastr
Chacholice;Chacholice;katastr
Dolní Holetín;Dolní Holetín;katastr
Hoješín;Hoješín;katastr
Střítež u Skutče;Střítež u Skutče;katastr
Blatno u Hlinska;Blatno u Hlinska;katastr
Heřmanův Městec;Heřmanův Městec;katastr
Třibřichy;Třibřichy;katastr
Střekov;Střekov;katastr
Bukov;Bukov;katastr
Klíše;Klíše;katastr
Trmice;Trmice;katastr
Fláje;Fláje;katastr
Louka;Louka;katastr
Lhota u Lysic;Lhota u Lysic;katastr
Slatinka;Slatinka;katastr
Klevetov;Klevetov;katastr
Stvolová;Stvolová;katastr
Skrchov;Skrchov;katastr
Bahna;Bahna;katastr
Burkvíz;Burkvíz;katastr
Rozseč nad Kunštátem;Rozseč nad Kunštátem;katastr
Dřevnovice;Dřevnovice;katastr
Drahany;Drahany;katastr
Vlčovice;Vlčovice;katastr
Doloplazy;Doloplazy;katastr
Fojtovice u Krupky;Fojtovice u Krupky;katastr
Stráž pod Ralskem;Stráž pod Ralskem;katastr
Chotovenka;Chotovenka;katastr
Slunečná u České Lípy;Slunečná u České Lípy;katastr
Sloup v Čechách;Sloup v Čechách;katastr
Janov u Nového Boru;Janov u Nového Boru;katastr
Skalka u Doks;Skalka u Doks;katastr
Srní u České Lípy;Srní u České Lípy;katastr
Skalice u České Lípy;Skalice u České Lípy;katastr
Kuřívody;Kuřívody;katastr
Radeč u Horní Police;Radeč u Horní Police;katastr
Dolní Prysk;Dolní Prysk;katastr
Písečná u Dobranova;Písečná u Dobranova;katastr
Starý Dvůr;Starý Dvůr;katastr
Seč;Seč;katastr
Zalíbené;Zalíbené;katastr
Proseč u Seče;Proseč u Seče;katastr
Řestoky;Řestoky;katastr
Lhoty;Lhoty;katastr
Slatiňany;Slatiňany;katastr
Voletice;Voletice;katastr
Vítanov;Vítanov;katastr
Trpišov;Trpišov;katastr
Příkrakov;Příkrakov;katastr
Pohradice;Pohradice;katastr
Světec;Světec;katastr
Dobrochov;Dobrochov;katastr
Křemenec;Křemenec;katastr
Čunín;Čunín;katastr
Čechy pod Kosířem;Čechy pod Kosířem;katastr
Véska u Oder;Véska u Oder;katastr
Jestřabí u Fulneku;Jestřabí u Fulneku;katastr
Hrabětice nad Odrou;Hrabětice nad Odrou;katastr
Nová Horka;Nová Horka;katastr
Ženklava;Ženklava;katastr
Vrchy;Vrchy;katastr
Vražné u Oder;Vražné u Oder;katastr
Slezské Vlkovice;Slezské Vlkovice;katastr
Albrechtičky;Albrechtičky;katastr
Dvérce;Dvérce;katastr
Nehasice;Nehasice;katastr
Malá Černoc;Malá Černoc;katastr
Holedeč;Holedeč;katastr
Drahonice u Lubence;Drahonice u Lubence;katastr
Sádek u Deštnice;Sádek u Deštnice;katastr
Větrušice;Větrušice;katastr
Kličín;Kličín;katastr
Buškovice;Buškovice;katastr
Stachov u Blšan;Stachov u Blšan;katastr
Blažim;Blažim;katastr
Dolní Chrastava;Dolní Chrastava;katastr
Bezděkov u Žatce;Bezděkov u Žatce;katastr
Třebonice;Třebonice;katastr
Mýtnice;Mýtnice;katastr
Zámrsk;Zámrsk;katastr
Vojovice;Vojovice;katastr
Horní Měcholupy;Horní Měcholupy;katastr
Mostek u Rybníku;Mostek u Rybníku;katastr
Otov u Nového Kramolína;Otov u Nového Kramolína;katastr
Tajanov u Malonic;Tajanov u Malonic;katastr
Zákraví;Zákraví;katastr
Konratice;Konratice;katastr
Dobrovítov;Dobrovítov;katastr
Kocourov u Horšovského Týna;Kocourov u Horšovského Týna;katastr
Bílenec;Bílenec;katastr
Stonava;Stonava;katastr
Skřečoň;Skřečoň;katastr
Pudlov;Pudlov;katastr
Labuť u Bílovce;Labuť u Bílovce;katastr
Závada nad Olší;Závada nad Olší;katastr
Petrov;Petrov;katastr
Konobrže;Konobrže;katastr
Ervěnice;Ervěnice;katastr
Senkov;Senkov;katastr
Borek;Borek;katastr
Klapý;Klapý;katastr
Keblice;Keblice;katastr
Robeč;Robeč;katastr
Předslavice;Předslavice;katastr
Ouběnice u Dobříše;Ouběnice u Dobříše;katastr
Kakovice u Volyně;Kakovice u Volyně;katastr
Pracejovice;Pracejovice;katastr
Drachkov u Strakonic;Drachkov u Strakonic;katastr
Dolní Poříčí;Dolní Poříčí;katastr
Pivkovice;Pivkovice;katastr
Velká Turná;Velká Turná;katastr
Osek u Radomyšle;Osek u Radomyšle;katastr
Jesenice u Chebu;Jesenice u Chebu;katastr
Vidice u Kutné Hory;Vidice u Kutné Hory;katastr
Obilná;Obilná;katastr
Dolní Lipina;Dolní Lipina;katastr
Hnojník;Hnojník;katastr
Guty;Guty;katastr
Dolní Lomná;Dolní Lomná;katastr
Dolní Líštná;Dolní Líštná;katastr
Zadní Újezd;Zadní Újezd;katastr
Střítež;Střítež;katastr
Písek u Jablunkova;Písek u Jablunkova;katastr
Český Puncov;Český Puncov;katastr
Nýdek;Nýdek;katastr
Čaková;Čaková;katastr
Býkov;Býkov;katastr
Nová Ves u Bohušova;Nová Ves u Bohušova;katastr
Odrlice;Odrlice;katastr
Železnice;Železnice;katastr
Nevratice;Nevratice;katastr
Nepřívěc;Nepřívěc;katastr
Brdo;Brdo;katastr
Žumberk;Žumberk;katastr
Vejvanovice;Vejvanovice;katastr
Oldřetice;Oldřetice;katastr
Výsonín;Výsonín;katastr
Skutíčko;Skutíčko;katastr
Pařížov;Pařížov;katastr
Brenná;Brenná;katastr
Orel;Orel;katastr
Třebotov;Třebotov;katastr
Štěchovice u Prahy;Štěchovice u Prahy;katastr
Statenice;Statenice;katastr
Bojanovice;Bojanovice;katastr
Holubice v Čechách;Holubice v Čechách;katastr
Lhota u Dolních Břežan;Lhota u Dolních Břežan;katastr
Dolní Břežany;Dolní Břežany;katastr
Malá Lečice;Malá Lečice;katastr
Líšnice u Prahy;Líšnice u Prahy;katastr
Vlkonice u Vacova;Vlkonice u Vacova;katastr
Vacov;Vacov;katastr
Uhřice u Vlachova Březí;Uhřice u Vlachova Březí;katastr
Újezdec u Tvrzic;Újezdec u Tvrzic;katastr
Kalovice;Kalovice;katastr
Lhůta;Lhůta;katastr
Jištěrpy;Jištěrpy;katastr
Chotiměř;Chotiměř;katastr
Mladé;Mladé;katastr
Veverské Knínice;Veverské Knínice;katastr
Úsuší;Úsuší;katastr
Unín;Unín;katastr
Tvarožná;Tvarožná;katastr
Rybnice;Rybnice;katastr
Dolní Sytová;Dolní Sytová;katastr
Bystrá nad Jizerou;Bystrá nad Jizerou;katastr
Bozkov;Bozkov;katastr
Rataje u Olomouce;Rataje u Olomouce;katastr
Radíkov u Olomouce;Radíkov u Olomouce;katastr
Přáslavice u Olomouce;Přáslavice u Olomouce;katastr
Pohořany na Moravě;Pohořany na Moravě;katastr
Olešnice u Bouzova;Olešnice u Bouzova;katastr
Obectov;Obectov;katastr
Paseka u Šternberka;Paseka u Šternberka;katastr
Podolí u Bouzova;Podolí u Bouzova;katastr
Karlov u Paseky;Karlov u Paseky;katastr
Nový Svět u Olomouce;Nový Svět u Olomouce;katastr
Chválkovice;Chválkovice;katastr
Nové Sady u Olomouce;Nové Sady u Olomouce;katastr
Neředín;Neředín;katastr
Chaloupky u Přebuze;Chaloupky u Přebuze;katastr
Přebuz;Přebuz;katastr
Studenec u Oloví;Studenec u Oloví;katastr
Dolní Rychnov;Dolní Rychnov;katastr
Nové Sedlo u Lokte;Nové Sedlo u Lokte;katastr
Louka u Mariánských Lázní;Louka u Mariánských Lázní;katastr
Luh nad Svatavou;Luh nad Svatavou;katastr
Mutěnice u Strakonic;Mutěnice u Strakonic;katastr
Lomnice u Sokolova;Lomnice u Sokolova;katastr
Údolí u Lokte;Údolí u Lokte;katastr
Dvory u Lokte;Dvory u Lokte;katastr
Horní Částkov;Horní Částkov;katastr
Libavské Údolí;Libavské Údolí;katastr
Horní Chobolice;Horní Chobolice;katastr
Štěpánov u Leštiny;Štěpánov u Leštiny;katastr
Brocno;Brocno;katastr
Hrobce;Hrobce;katastr
Hrdly;Hrdly;katastr
Kochovice;Kochovice;katastr
Horní Řepčice;Horní Řepčice;katastr
Poplze;Poplze;katastr
Polepy;Polepy;katastr
Staňkovice;Staňkovice;katastr
Maškovice;Maškovice;katastr
Lidmaňka;Lidmaňka;katastr
Vinné;Vinné;katastr
Bystrovany;Bystrovany;katastr
Konětopy;Konětopy;katastr
Klíčany;Klíčany;katastr
Drasty;Drasty;katastr
Kaliště u Ondřejova;Kaliště u Ondřejova;katastr
Jevany;Jevany;katastr
Husinec u Řeže;Husinec u Řeže;katastr
Hrusice;Hrusice;katastr
Dřevčice u Brandýsa nad Labem;Dřevčice u Brandýsa nad Labem;katastr
Modletice u Dobřejovic;Modletice u Dobřejovic;katastr
Chomutovice u Dobřejovic;Chomutovice u Dobřejovic;katastr
Herink;Herink;katastr
Černé Voděrady;Černé Voděrady;katastr
Zhoř u Milevska;Zhoř u Milevska;katastr
Blehov;Blehov;katastr
Dolní Třebonín;Dolní Třebonín;katastr
Stradov u Kaplice;Stradov u Kaplice;katastr
Chodeč-Zvíkov;Chodeč-Zvíkov;katastr
Meziříčí u Malont;Meziříčí u Malont;katastr
Jaroměř u Malont;Jaroměř u Malont;katastr
Bělá u Malont;Bělá u Malont;katastr
Janské Údolí-Kovářov;Janské Údolí-Kovářov;katastr
Ličov;Ličov;katastr
Děkanské Skaliny;Děkanské Skaliny;katastr
Vysoká u Mělníka;Vysoká u Mělníka;katastr
Hodonice u Malont;Hodonice u Malont;katastr
Hodonín u Kunštátu;Hodonín u Kunštátu;katastr
Hablov;Hablov;katastr
Ohrozim;Ohrozim;katastr
Obědkovice;Obědkovice;katastr
Niva;Niva;katastr
Ludmírov;Ludmírov;katastr
Kelčice;Kelčice;katastr
Vrahovice;Vrahovice;katastr
Lipová;Lipová;katastr
Mořice;Mořice;katastr
Hrochov;Hrochov;katastr
Laškov;Laškov;katastr
Krumsín;Krumsín;katastr
Tišnov;Tišnov;katastr
Horní Řasnice;Horní Řasnice;katastr
Bělá u Staré Paky;Bělá u Staré Paky;katastr
Žďár nad Orlicí;Žďár nad Orlicí;katastr
Val u Dobrušky;Val u Dobrušky;katastr
Provoz;Provoz;katastr
Mokošín;Mokošín;katastr
Pohránov;Pohránov;katastr
Sopřeč;Sopřeč;katastr
Slepotice;Slepotice;katastr
Bělešovice;Bělešovice;katastr
Pustkovec;Pustkovec;katastr
Semtín;Semtín;katastr
Žitná u Březové;Žitná u Březové;katastr
Smrkovec u Březové;Smrkovec u Březové;katastr
Krásná Lípa u Březové;Krásná Lípa u Březové;katastr
Bystřina;Bystřina;katastr
Kostelní Bříza;Kostelní Bříza;katastr
Arnoltov;Arnoltov;katastr
Počátky u Kraslic;Počátky u Kraslic;katastr
Kovčín;Kovčín;katastr
Sobětice u Klatov;Sobětice u Klatov;katastr
Vchynice-Tetov II;Vchynice-Tetov II;katastr
Frymburk u Sušice;Frymburk u Sušice;katastr
Albrechtice u Sušice;Albrechtice u Sušice;katastr
Vrabcov;Vrabcov;katastr
Libořice;Libořice;katastr
Mříčná;Mříčná;katastr
Rokytno v Krkonoších;Rokytno v Krkonoších;katastr
Přívlaka;Přívlaka;katastr
Martinice v Krkonoších;Martinice v Krkonoších;katastr
Jilemnice;Jilemnice;katastr
Poniklá;Poniklá;katastr
Kruh;Kruh;katastr
Jestřabí v Krkonoších;Jestřabí v Krkonoších;katastr
Buřany;Buřany;katastr
Bolehošť;Bolehošť;katastr
Račice u Štětí;Račice u Štětí;katastr
Bílý Újezd u Dobrušky;Bílý Újezd u Dobrušky;katastr
Hořany u Zbrašína;Hořany u Zbrašína;katastr
Vinařice u Loun;Vinařice u Loun;katastr
Kopisty;Kopisty;katastr
Veltěže;Veltěže;katastr
Třtěno;Třtěno;katastr
Telce;Telce;katastr
Strkovice;Strkovice;katastr
Smolnice u Loun;Smolnice u Loun;katastr
Kystra;Kystra;katastr
Rvenice;Rvenice;katastr
Rviště;Rviště;katastr
Svatý Jiří;Svatý Jiří;katastr
Mokrá Lhota;Mokrá Lhota;katastr
Chářovice;Chářovice;katastr
Petroupim;Petroupim;katastr
Pecerady;Pecerady;katastr
Ouběnice u Votic;Ouběnice u Votic;katastr
Nasavrky u Miličína;Nasavrky u Miličína;katastr
Otročice;Otročice;katastr
Bělčice u Ostředka;Bělčice u Ostředka;katastr
Zahradnice;Zahradnice;katastr
Křešice u Olbramovic;Křešice u Olbramovic;katastr
Odlochovice;Odlochovice;katastr
Nová Ves u Postupic;Nová Ves u Postupic;katastr
Neveklov;Neveklov;katastr
Neustupov;Neustupov;katastr
Chrastiny;Chrastiny;katastr
Dolní Novosedly;Dolní Novosedly;katastr
Žebrákov u Zahořan;Žebrákov u Zahořan;katastr
Předbořice u Zahořan;Předbořice u Zahořan;katastr
Svatonice;Svatonice;katastr
Chrást u Zahořan;Chrást u Zahořan;katastr
Louka nad Otavou;Louka nad Otavou;katastr
Vráž u Písku;Vráž u Písku;katastr
Kladenské Rovné;Kladenské Rovné;katastr
Chvalšiny;Chvalšiny;katastr
Vlksice;Vlksice;katastr
Velká Ves u Damnova;Velká Ves u Damnova;katastr
Chlum u Křemže;Chlum u Křemže;katastr
Šardičky;Šardičky;katastr
Chvalkovice;Chvalkovice;katastr
Racková;Racková;katastr
Podkopná Lhota;Podkopná Lhota;katastr
Napajedla;Napajedla;katastr
Zaječí;Zaječí;katastr
Valtice;Valtice;katastr
Týnec na Moravě;Týnec na Moravě;katastr
Přítluky;Přítluky;katastr
Poštorná;Poštorná;katastr
Podivín;Podivín;katastr
Nejdek u Lednice;Nejdek u Lednice;katastr
Ladná;Ladná;katastr
Staré Lublice;Staré Lublice;katastr
Kravaře ve Slezsku;Kravaře ve Slezsku;katastr
Kobeřice ve Slezsku;Kobeřice ve Slezsku;katastr
Nové Vilémovice;Nové Vilémovice;katastr
Blahutovice;Blahutovice;katastr
Horní Skorošice;Horní Skorošice;katastr
Dolní Skorošice;Dolní Skorošice;katastr
Písečná u Jeseníka;Písečná u Jeseníka;katastr
Petříkov u Branné;Petříkov u Branné;katastr
Ostružná;Ostružná;katastr
Hájov;Hájov;katastr
Dolní Lipová;Dolní Lipová;katastr
Seč u Jeseníka;Seč u Jeseníka;katastr
Zálužice nad Ohří;Zálužice nad Ohří;katastr
Rybňany;Rybňany;katastr
Vidhostice;Vidhostice;katastr
Lažany u Litomyšle;Lažany u Litomyšle;katastr
Mladějov na Moravě;Mladějov na Moravě;katastr
Okna v Podbezdězí;Okna v Podbezdězí;katastr
Nový Oldřichov;Nový Oldřichov;katastr
Arnultovice u Nového Boru;Arnultovice u Nového Boru;katastr
Mařeničky;Mařeničky;katastr
Manušice;Manušice;katastr
Luhov u Mimoně;Luhov u Mimoně;katastr
Nová Ves u Moravské Třebové;Nová Ves u Moravské Třebové;katastr
Kvítkov u České Lípy;Kvítkov u České Lípy;katastr
Zvěrkovice u Týna nad Vltavou;Zvěrkovice u Týna nad Vltavou;katastr
Švihov u Lažišť;Švihov u Lažišť;katastr
Dobročkov;Dobročkov;katastr
Lažiště;Lažiště;katastr
Křišťanov;Křišťanov;katastr
Klášterec u Vimperka;Klášterec u Vimperka;katastr
Luníkov;Luníkov;katastr
Lisovice;Lisovice;katastr
Senec u Rakovníka;Senec u Rakovníka;katastr
Řevničov;Řevničov;katastr
Rynholec;Rynholec;katastr
Rousínov u Rakovníka;Rousínov u Rakovníka;katastr
Úherce u Nýřan;Úherce u Nýřan;katastr
Mostice;Mostice;katastr
Vejprnice;Vejprnice;katastr
Modřec;Modřec;katastr
Úterý;Úterý;katastr
Všeruby u Plzně;Všeruby u Plzně;katastr
Úněšov;Úněšov;katastr
Lípa u Úněšova;Lípa u Úněšova;katastr
Úlice;Úlice;katastr
Újezd nade Mží;Újezd nade Mží;katastr
Třemošná;Třemošná;katastr
Radějovice u Přehýšova;Radějovice u Přehýšova;katastr
Pňovany;Pňovany;katastr
Trnávka;Trnávka;katastr
Rybitví;Rybitví;katastr
Rokytno;Rokytno;katastr
Litošice;Litošice;katastr
Přepychy;Přepychy;katastr
Přelouč;Přelouč;katastr
Ráby;Ráby;katastr
Pohřebačka;Pohřebačka;katastr
Babákov;Babákov;katastr
Vrchlabí;Vrchlabí;katastr
Debrné;Debrné;katastr
Dolní Vlčkovice;Dolní Vlčkovice;katastr
Ohrazení;Ohrazení;katastr
Buková u Protivanova;Buková u Protivanova;katastr
Dětkovice u Prostějova;Dětkovice u Prostějova;katastr
Čelechovice na Hané;Čelechovice na Hané;katastr
Brodek u Prostějova;Brodek u Prostějova;katastr
Brodek u Konice;Brodek u Konice;katastr
Bohuslavice u Konice;Bohuslavice u Konice;katastr
Biskupice na Hané;Biskupice na Hané;katastr
Bedihošť;Bedihošť;katastr
Krasov;Krasov;katastr
Úvalno;Úvalno;katastr
Budětsko;Budětsko;katastr
Tupec;Tupec;katastr
Lazníčky;Lazníčky;katastr
Lískovec u Nedvědice;Lískovec u Nedvědice;katastr
Vysoká u Holic;Vysoká u Holic;katastr
Kovářová;Kovářová;katastr
Dolní Čepí;Dolní Čepí;katastr
Podlesí v Orlických horách;Podlesí v Orlických horách;katastr
Neratov v Orlických horách;Neratov v Orlických horách;katastr
Štěpánovsko;Štěpánovsko;katastr
Albrechtice nad Orlicí;Albrechtice nad Orlicí;katastr
Malá Zdobnice;Malá Zdobnice;katastr
Bartošovice v Orlických horách;Bartošovice v Orlických horách;katastr
Velká Zdobnice;Velká Zdobnice;katastr
Souvlastní;Souvlastní;katastr
Kačerov u Zdobnice;Kačerov u Zdobnice;katastr
Habartice u Krupky;Habartice u Krupky;katastr
Vrchoslav;Vrchoslav;katastr
Unčín u Krupky;Unčín u Krupky;katastr
Maršov u Krupky;Maršov u Krupky;katastr
Bohosudov;Bohosudov;katastr
Kostomlaty pod Milešovkou;Kostomlaty pod Milešovkou;katastr
Kladruby u Teplic;Kladruby u Teplic;katastr
Jenišův Újezd;Jenišův Újezd;katastr
Jeníkov u Duchcova;Jeníkov u Duchcova;katastr
Tvrdín;Tvrdín;katastr
Mirošovice;Mirošovice;katastr
Kučlín;Kučlín;katastr
Verneřice u Hrobu;Verneřice u Hrobu;katastr
Rosovice;Rosovice;katastr
Radíč;Radíč;katastr
Nestrašovice;Nestrašovice;katastr
Třebeň;Třebeň;katastr
Radešín;Radešín;katastr
Prostřední Lhota;Prostřední Lhota;katastr
Hubenov u Borotic;Hubenov u Borotic;katastr
Suchdol u Prosenické Lhoty;Suchdol u Prosenické Lhoty;katastr
Pořešice;Pořešice;katastr
Skrýšov u Svatého Jana;Skrýšov u Svatého Jana;katastr
Mýto u Tachova;Mýto u Tachova;katastr
Jemnice u Oseka;Jemnice u Oseka;katastr
Novosedly u Strakonic;Novosedly u Strakonic;katastr
Všechlapy u Malšic;Všechlapy u Malšic;katastr
Dačice;Dačice;katastr
Dolní Bolíkov-Nová Ves;Dolní Bolíkov-Nová Ves;katastr
Červený Hrádek u Dačic;Červený Hrádek u Dačic;katastr
Dančovice;Dančovice;katastr
Holešice u Cizkrajova;Holešice u Cizkrajova;katastr
Dolní Bolíkov;Dolní Bolíkov;katastr
Cizkrajov;Cizkrajov;katastr
Borek u Dačic;Borek u Dačic;katastr
České Budějovice 3;České Budějovice 3;katastr
České Budějovice 2;České Budějovice 2;katastr
Čenkov u Bechyně;Čenkov u Bechyně;katastr
Hluboká u Borovan;Hluboká u Borovan;katastr
Záblatí;Záblatí;katastr
Vyšné;Vyšné;katastr
Všemyslice;Všemyslice;katastr
Lékařova Lhota;Lékařova Lhota;katastr
Úholičky;Úholičky;katastr
Osnice;Osnice;katastr
Průhonice;Průhonice;katastr
Pohoří u Prahy;Pohoří u Prahy;katastr
Myštice;Myštice;katastr
Mužetice;Mužetice;katastr
Modlešovice;Modlešovice;katastr
Hajská;Hajská;katastr
Miloňovice;Miloňovice;katastr
Mečichov;Mečichov;katastr
Mačkov;Mačkov;katastr
Třebanice;Třebanice;katastr
Hoříkovice;Hoříkovice;katastr
Včelná pod Boubínem;Včelná pod Boubínem;katastr
Kosmo;Kosmo;katastr
Smrčná u Čkyně;Smrčná u Čkyně;katastr
Šipoun;Šipoun;katastr
Mnichov;Mnichov;katastr
Svojnice;Svojnice;katastr
Protivec;Protivec;katastr
Vrčeň;Vrčeň;katastr
Sedliště nad Úslavou;Sedliště nad Úslavou;katastr
Horšice;Horšice;katastr
Horní Nerestce;Horní Nerestce;katastr
Myslín;Myslín;katastr
Mirotice;Mirotice;katastr
Níkovice;Níkovice;katastr
Boudy;Boudy;katastr
Milevsko;Milevsko;katastr
Velká Šitboř;Velká Šitboř;katastr
Lety;Lety;katastr
Květov;Květov;katastr
Římov;Římov;katastr
Potěhy;Potěhy;katastr
Dolní Stropnice;Dolní Stropnice;katastr
Jivno;Jivno;katastr
Vidov;Vidov;katastr
Tupesy;Tupesy;katastr
Purkarec;Purkarec;katastr
Pořežany;Pořežany;katastr
Plav;Plav;katastr
Kakovice;Kakovice;katastr
Rohovládova Bělá;Rohovládova Bělá;katastr
Hroznětín;Hroznětín;katastr
Hájek u Ostrova;Hájek u Ostrova;katastr
Dražov;Dražov;katastr
Bručná;Bručná;katastr
Pocinovice;Pocinovice;katastr
Zámělíč;Zámělíč;katastr
Pasečnice;Pasečnice;katastr
Dolsko;Dolsko;katastr
Bzí;Bzí;katastr
Oprechtice na Šumavě;Oprechtice na Šumavě;katastr
Ohnišťovice;Ohnišťovice;katastr
Nevolice;Nevolice;katastr
Novosedly u Nemanic;Novosedly u Nemanic;katastr
Mutěnín;Mutěnín;katastr
Mrákov;Mrákov;katastr
Močerady;Močerady;katastr
Pivoň;Pivoň;katastr
Stožec;Stožec;katastr
Bezvěrov I;Bezvěrov I;katastr
Nahošice;Nahošice;katastr
Milavče;Milavče;katastr
Luženičky;Luženičky;katastr
Horní Světlé Hory;Horní Světlé Hory;katastr
Milov;Milov;katastr
Úbislav;Úbislav;katastr
Stachy;Stachy;katastr
Nicov;Nicov;katastr
Řasnice;Řasnice;katastr
Vitice;Vitice;katastr
Kšely;Kšely;katastr
Chotýš;Chotýš;katastr
Toužetín;Toužetín;katastr
Velký Osek;Velký Osek;katastr
Volárna;Volárna;katastr
Velim;Velim;katastr
Veletov;Veletov;katastr
Rasochy;Rasochy;katastr
Lžovice;Lžovice;katastr
Kobylnice nad Svratkou;Kobylnice nad Svratkou;katastr
Chrást u Plzně;Chrást u Plzně;katastr
Dýšina;Dýšina;katastr
Nebílovský Borek;Nebílovský Borek;katastr
Mokrouše;Mokrouše;katastr
Lipová Lhota;Lipová Lhota;katastr
Chouzovy;Chouzovy;katastr
Šťáhlavice;Šťáhlavice;katastr
Nezbavětice;Nezbavětice;katastr
Radčice u Plzně;Radčice u Plzně;katastr
Polizy;Polizy;katastr
Bukovec;Bukovec;katastr
Vosí;Vosí;katastr
Švihov u Klatov;Švihov u Klatov;katastr
Kokšín;Kokšín;katastr
Zlatá;Zlatá;katastr
Štíhlice;Štíhlice;katastr
Přezletice;Přezletice;katastr
Radonice u Prahy;Radonice u Prahy;katastr
Balkova Lhota;Balkova Lhota;katastr
Vilsnice;Vilsnice;katastr
Děčín;Děčín;katastr
Česká Kamenice;Česká Kamenice;katastr
Chlum u Děčína;Chlum u Děčína;katastr
Nová Oleška;Nová Oleška;katastr
Mlečice;Mlečice;katastr
Mirošov;Mirošov;katastr
Brložec;Brložec;katastr
Mešno;Mešno;katastr
Chrochvice;Chrochvice;katastr
Kakejcov;Kakejcov;katastr
Lukoviště;Lukoviště;katastr
Ujčín;Ujčín;katastr
Buršice;Buršice;katastr
Žihobce;Žihobce;katastr
Jaronice;Jaronice;katastr
Branišov u Dubného;Branišov u Dubného;katastr
Dubičné;Dubičné;katastr
Lipnice u Kojákovic;Lipnice u Kojákovic;katastr
Kojákovice;Kojákovice;katastr
Koberno;Koberno;katastr
Čestlice;Čestlice;katastr
Záluží u Čelákovic;Záluží u Čelákovic;katastr
Bobnice;Bobnice;katastr
Velké Výkleky;Velké Výkleky;katastr
Běruničky;Běruničky;katastr
Běrunice;Běrunice;katastr
Paračov;Paračov;katastr
Petrovice u Oseka;Petrovice u Oseka;katastr
Horosedly u Čkyně;Horosedly u Čkyně;katastr
Horní Nakvasovice;Horní Nakvasovice;katastr
Budkov u Husince;Budkov u Husince;katastr
Pravětín;Pravětín;katastr
Boubská;Boubská;katastr
Bošice;Bošice;katastr
Čábuze;Čábuze;katastr
Benešova Hora;Benešova Hora;katastr
Předenice u Čkyně;Předenice u Čkyně;katastr
Želenice;Želenice;katastr
Vyšínek;Vyšínek;katastr
Zichovec;Zichovec;katastr
Vraný;Vraný;katastr
Velvary;Velvary;katastr
Uhy;Uhy;katastr
Tmáň;Tmáň;katastr
Studeněves;Studeněves;katastr
Bohatice u Zákup;Bohatice u Zákup;katastr
Tubož;Tubož;katastr
Blatce;Blatce;katastr
Trpoměchy;Trpoměchy;katastr
Bezděz;Bezděz;katastr
Bukovany u Nového Boru;Bukovany u Nového Boru;katastr
Brniště;Brniště;katastr
Újezd u Jestřebí;Újezd u Jestřebí;katastr
Horní Libchava;Horní Libchava;katastr
Holany;Holany;katastr
Hamr na Jezeře;Hamr na Jezeře;katastr
Dražejov u Dubé;Dražejov u Dubé;katastr
Náhlov;Náhlov;katastr
Kaliště u Českých Budějovic;Kaliště u Českých Budějovic;katastr
Vyklantice;Vyklantice;katastr
Janovice u Kravař;Janovice u Kravař;katastr
Vlásenice u Pelhřimova;Vlásenice u Pelhřimova;katastr
Vintířov;Vintířov;katastr
Moudrov;Moudrov;katastr
Dubno;Dubno;katastr
Drhovy;Drhovy;katastr
Županovice;Županovice;katastr
Chramiště;Chramiště;katastr
Bechov;Bechov;katastr
Olšina;Olšina;katastr
Brodce nad Jizerou;Brodce nad Jizerou;katastr
Kašperské Hory;Kašperské Hory;katastr
Obodř;Obodř;katastr
Holkovice;Holkovice;katastr
Vesce u Dačic;Vesce u Dačic;katastr
Velký Jeníkov;Velký Jeníkov;katastr
Manešovice;Manešovice;katastr
Sumrakov;Sumrakov;katastr
Staré Hobzí;Staré Hobzí;katastr
Stálkov;Stálkov;katastr
Obrataň;Obrataň;katastr
Kročehlavy;Kročehlavy;katastr
Nový Rychnov;Nový Rychnov;katastr
Malé Kyšice;Malé Kyšice;katastr
Nová Cerekev;Nová Cerekev;katastr
Bradlec;Bradlec;katastr
Boseň;Boseň;katastr
Boreč;Boreč;katastr
Bojetice;Bojetice;katastr
Živonín;Živonín;katastr
Sitné;Sitné;katastr
Chudolazy;Chudolazy;katastr
Vysoká Libeň;Vysoká Libeň;katastr
Radouň;Radouň;katastr
Strážnice u Mělníka;Strážnice u Mělníka;katastr
Všetaty;Všetaty;katastr
Všestudy u Veltrus;Všestudy u Veltrus;katastr
Mlčechvosty;Mlčechvosty;katastr
Vidim;Vidim;katastr
Pučery;Pučery;katastr
Veltrusy;Veltrusy;katastr
Lásenice;Lásenice;katastr
Klenov;Klenov;katastr
Klášter;Klášter;katastr
Nítovice;Nítovice;katastr
Kardašova Řečice;Kardašova Řečice;katastr
Kadolec u Slavonic;Kadolec u Slavonic;katastr
Antonínov;Antonínov;katastr
Odolenovice u Jenišovic;Odolenovice u Jenišovic;katastr
Hraničná nad Nisou;Hraničná nad Nisou;katastr
Nehvizdy;Nehvizdy;katastr
Mukařov u Říčan;Mukařov u Říčan;katastr
Lázně Toušeň;Lázně Toušeň;katastr
Myšlín;Myšlín;katastr
Božkov u Mnichovic;Božkov u Mnichovic;katastr
Mirošovice u Říčan;Mirošovice u Říčan;katastr
Máslovice;Máslovice;katastr
Lhota u Dřís;Lhota u Dřís;katastr
Dolní Lomnice u Kunic;Dolní Lomnice u Kunic;katastr
Křížkový Újezdec;Křížkový Újezdec;katastr
Záblatí u Bohumína;Záblatí u Bohumína;katastr
Rychvald;Rychvald;katastr
Petřvald u Karviné;Petřvald u Karviné;katastr
Šternberk;Šternberk;katastr
Horní Rokytnice;Horní Rokytnice;katastr
Očelice;Očelice;katastr
Jedlová v Orlických horách;Jedlová v Orlických horách;katastr
Rychnov nad Kněžnou;Rychnov nad Kněžnou;katastr
Hrobice;Hrobice;katastr
Dražkovice;Dražkovice;katastr
Dašice;Dašice;katastr
Veselí u Přelouče;Veselí u Přelouče;katastr
Holotín;Holotín;katastr
Labětín;Labětín;katastr
Studánka;Studánka;katastr
Leškovice;Leškovice;katastr
Chotějovice;Chotějovice;katastr
Srbice;Srbice;katastr
Prosetice;Prosetice;katastr
Velvěty;Velvěty;katastr
Luby II;Luby II;katastr
Luby I;Luby I;katastr
Dolní Luby;Dolní Luby;katastr
Stebnice;Stebnice;katastr
Mýtina;Mýtina;katastr
Lipová u Chebu;Lipová u Chebu;katastr
Kozly u Lipové;Kozly u Lipové;katastr
Dolní Lažany u Lipové;Dolní Lažany u Lipové;katastr
Dubina;Dubina;katastr
Košíře;Košíře;katastr
Semechnice;Semechnice;katastr
Křakov;Křakov;katastr
Kočov;Kočov;katastr
Pěkovice;Pěkovice;katastr
Žandov u Chlumce;Žandov u Chlumce;katastr
Kůští;Kůští;katastr
Skříněřov;Skříněřov;katastr
Darmyšl;Darmyšl;katastr
Vraclav;Vraclav;katastr
Lhotka u Zlína;Lhotka u Zlína;katastr
Sedlov;Sedlov;katastr
Újezd u Chocně;Újezd u Chocně;katastr
Kyselovice;Kyselovice;katastr
Nekoř;Nekoř;katastr
Loučky;Loučky;katastr
Líšnice;Líšnice;katastr
Libecina;Libecina;katastr
Orlice;Orlice;katastr
Letohrad;Letohrad;katastr
Červená;Červená;katastr
Leština;Leština;katastr
Luková;Luková;katastr
Lanškroun;Lanškroun;katastr
Červený Potok;Červený Potok;katastr
Koldín;Koldín;katastr
Předboj;Předboj;katastr
Ondrušky;Ondrušky;katastr
Dobřejovice;Dobřejovice;katastr
Hradové Střimelice;Hradové Střimelice;katastr
Popovičky;Popovičky;katastr
Skvrňov;Skvrňov;katastr
Hradešín;Hradešín;katastr
Oleška;Oleška;katastr
Pňov;Pňov;katastr
Klipec;Klipec;katastr
Plaňany;Plaňany;katastr
Dománovice;Dománovice;katastr
Rostoklaty;Rostoklaty;katastr
Vratišov u Mezné;Vratišov u Mezné;katastr
Skoranovice;Skoranovice;katastr
Chyšná;Chyšná;katastr
Týmova Ves;Týmova Ves;katastr
Strupčice;Strupčice;katastr
Ošelín;Ošelín;katastr
Lipice;Lipice;katastr
Lhotka u Humpolce;Lhotka u Humpolce;katastr
Perštejn;Perštejn;katastr
Městiště u Děpoltic;Městiště u Děpoltic;katastr
Lešov;Lešov;katastr
Křešín u Pacova;Křešín u Pacova;katastr
Pesvice;Pesvice;katastr
Dalešice u Bakova nad Jizerou;Dalešice u Bakova nad Jizerou;katastr
Bítouchov u Mladé Boleslavi;Bítouchov u Mladé Boleslavi;katastr
Loukov u Mnichova Hradiště;Loukov u Mnichova Hradiště;katastr
Voděrady u Luštěnic;Voděrady u Luštěnic;katastr
Olšany u Čáslavi;Olšany u Čáslavi;katastr
Zehuby;Zehuby;katastr
Skoky u Žlutic;Skoky u Žlutic;katastr
Vojkovice nad Ohří;Vojkovice nad Ohří;katastr
Jakubov;Jakubov;katastr
Ratiboř u Žlutic;Ratiboř u Žlutic;katastr
Saky;Saky;katastr
Běleč;Běleč;katastr
Týnec u Hliněného Újezdu;Týnec u Hliněného Újezdu;katastr
Chocenický Újezd;Chocenický Újezd;katastr
Chlumčany u Přeštic;Chlumčany u Přeštic;katastr
Hradišťský Újezd;Hradišťský Újezd;katastr
Hoříkovice u Chotěšova;Hoříkovice u Chotěšova;katastr
Střelice;Střelice;katastr
Pelejovice;Pelejovice;katastr
Smilovice u Týna nad Vltavou;Smilovice u Týna nad Vltavou;katastr
Dobrá Voda u Horní Stropnice;Dobrá Voda u Horní Stropnice;katastr
Mydlovary u Dívčic;Mydlovary u Dívčic;katastr
Mezilesí u Trhových Svinů;Mezilesí u Trhových Svinů;katastr
Chlístov u Nadějkova;Chlístov u Nadějkova;katastr
Čížkrajice;Čížkrajice;katastr
Čepirohy;Čepirohy;katastr
Milá;Milá;katastr
Albrechtice u Mostu;Albrechtice u Mostu;katastr
Klíny I;Klíny I;katastr
Sosnová u České Lípy;Sosnová u České Lípy;katastr
Noviny pod Ralskem;Noviny pod Ralskem;katastr
Vítkov u Dobranova;Vítkov u Dobranova;katastr
Nedamov;Nedamov;katastr
Svojkov;Svojkov;katastr
Litice;Litice;katastr
Mimoň;Mimoň;katastr
Mařenice;Mařenice;katastr
Luka;Luka;katastr
Kletečná;Kletečná;katastr
Svinov;Svinov;katastr
Jamné u Jihlavy;Jamné u Jihlavy;katastr
Nová Ves u Sokolova;Nová Ves u Sokolova;katastr
Malobratřice;Malobratřice;katastr
Lobzy u Březové;Lobzy u Březové;katastr
Paseka u Březové;Paseka u Březové;katastr
Rabí;Rabí;katastr
Moravské Bránice;Moravské Bránice;katastr
Moravec;Moravec;katastr
Na Pouštích;Na Pouštích;katastr
Pustina u Měřína;Pustina u Měřína;katastr
Měřín;Měřín;katastr
Mirotín;Mirotín;katastr
Jiřičky;Jiřičky;katastr
Knovíz;Knovíz;katastr
Poštovice;Poštovice;katastr
Kokovice;Kokovice;katastr
Jedomělice;Jedomělice;katastr
Hřešice;Hřešice;katastr
Hospozín;Hospozín;katastr
Drnek;Drnek;katastr
Dolín;Dolín;katastr
Loucká;Loucká;katastr
Nabdín;Nabdín;katastr
Bílichov;Bílichov;katastr
Vřesovice u Prostějova;Vřesovice u Prostějova;katastr
Stupava;Stupava;katastr
Staré Město u Uherského Hradiště;Staré Město u Uherského Hradiště;katastr
Staré Hutě na Moravě;Staré Hutě na Moravě;katastr
Bučávka;Bučávka;katastr
Sušice u Uherského Hradiště;Sušice u Uherského Hradiště;katastr
Popovice u Uherského Hradiště;Popovice u Uherského Hradiště;katastr
Polešovice;Polešovice;katastr
Ostrožská Nová Ves;Ostrožská Nová Ves;katastr
Ořechov u Uherského Hradiště;Ořechov u Uherského Hradiště;katastr
Nedachlebice;Nedachlebice;katastr
Modrá u Velehradu;Modrá u Velehradu;katastr
Mistřice II;Mistřice II;katastr
Vlastibořice;Vlastibořice;katastr
Bříza u Všestar;Bříza u Všestar;katastr
Dolní Vítkov;Dolní Vítkov;katastr
Hořensko;Hořensko;katastr
Václavice u Hrádku nad Nisou;Václavice u Hrádku nad Nisou;katastr
Šimonovice;Šimonovice;katastr
Žďárek u Sychrova;Žďárek u Sychrova;katastr
Radimovice u Sychrova;Radimovice u Sychrova;katastr
Lažany u Sychrova;Lažany u Sychrova;katastr
Svárov u Liberce;Svárov u Liberce;katastr
Rozstání pod Ještědem;Rozstání pod Ještědem;katastr
Janův Důl;Janův Důl;katastr
Radostín u Sychrova;Radostín u Sychrova;katastr
Zabrušany;Zabrušany;katastr
Šváby;Šváby;katastr
Vrchovany;Vrchovany;katastr
Volfartice;Volfartice;katastr
Kalec;Kalec;katastr
Vysoká Libyně;Vysoká Libyně;katastr
Výrov u Kralovic;Výrov u Kralovic;katastr
Želivsko;Želivsko;katastr
Zadní Arnoštov;Zadní Arnoštov;katastr
Vranová Lhota;Vranová Lhota;katastr
Vlčkov;Vlčkov;katastr
Vítějeves;Vítějeves;katastr
Vidlatá Seč;Vidlatá Seč;katastr
Uhřínov u Hranic;Uhřínov u Hranic;katastr
Nový Telečkov;Nový Telečkov;katastr
Nárameč;Nárameč;katastr
Naloučany;Naloučany;katastr
Povel;Povel;katastr
Dolní Těšice;Dolní Těšice;katastr
Mohelno;Mohelno;katastr
Rohy;Rohy;katastr
Rapotice;Rapotice;katastr
Horní Smrčné;Horní Smrčné;katastr
Radonín;Radonín;katastr
Vratišov;Vratišov;katastr
Javůrek;Javůrek;katastr
Tlustovousy;Tlustovousy;katastr
Tři Dvory;Tři Dvory;katastr
Valtéřov u Kraslic;Valtéřov u Kraslic;katastr
Kostelní;Kostelní;katastr
Čirá;Čirá;katastr
Černá u Kraslic;Černá u Kraslic;katastr
Srbce na Moravě;Srbce na Moravě;katastr
Přívětice;Přívětice;katastr
Štítov;Štítov;katastr
Příkosice;Příkosice;katastr
Podmokly nad Berounkou;Podmokly nad Berounkou;katastr
Čilá;Čilá;katastr
Plískov;Plískov;katastr
Olbramice;Olbramice;katastr
Lhotka u Ostravy;Lhotka u Ostravy;katastr
Košatka nad Odrou;Košatka nad Odrou;katastr
Horní Lhota u Ostravy;Horní Lhota u Ostravy;katastr
Antošovice;Antošovice;katastr
Rokytnice u Vsetína;Rokytnice u Vsetína;katastr
Petřkovice u Ostravy;Petřkovice u Ostravy;katastr
Velké Karlovice;Velké Karlovice;katastr
Valašská Polanka;Valašská Polanka;katastr
Zábřeh nad Odrou;Zábřeh nad Odrou;katastr
Střelná na Moravě;Střelná na Moravě;katastr
Ratiboř u Vsetína;Ratiboř u Vsetína;katastr
Kunčice nad Ostravicí;Kunčice nad Ostravicí;katastr
Závratec;Závratec;katastr
Rváčov u Hlinska;Rváčov u Hlinska;katastr
Možděnice;Možděnice;katastr
Všeradov;Všeradov;katastr
Zaječice u Chrudimi;Zaječice u Chrudimi;katastr
Svobodné Hamry;Svobodné Hamry;katastr
Louka u Vrbatova Kostelce;Louka u Vrbatova Kostelce;katastr
Vortová;Vortová;katastr
Vojtěchov u Hlinska;Vojtěchov u Hlinska;katastr
Stan u Hlinska;Stan u Hlinska;katastr
Dvakačovice;Dvakačovice;katastr
Vápenný Podol;Vápenný Podol;katastr
Nerozhovice;Nerozhovice;katastr
Lisov;Lisov;katastr
Újezd u Horšic;Újezd u Horšic;katastr
Týniště u Horšic;Týniště u Horšic;katastr
Nezdice nad Úhlavou;Nezdice nad Úhlavou;katastr
Krasavce;Krasavce;katastr
Borovy;Borovy;katastr
Hradiště u Blovic;Hradiště u Blovic;katastr
Žinkovy;Žinkovy;katastr
Vodní Újezd;Vodní Újezd;katastr
Březí u Žinkov;Březí u Žinkov;katastr
Železný Újezd;Železný Újezd;katastr
Lišice u Dolní Lukavice;Lišice u Dolní Lukavice;katastr
Horní Bělá;Horní Bělá;katastr
Podůlší;Podůlší;katastr
Chodovlice;Chodovlice;katastr
Nové Domy;Nové Domy;katastr
Jezdovice;Jezdovice;katastr
Kalivody;Kalivody;katastr
Salačova Lhota;Salačova Lhota;katastr
Tasov nad Veličkou;Tasov nad Veličkou;katastr
Velká Bystřice;Velká Bystřice;katastr
Prusinovice;Prusinovice;katastr
Mrlínek;Mrlínek;katastr
Ústín;Ústín;katastr
Lechotice;Lechotice;katastr
Kurovice;Kurovice;katastr
Liblín;Liblín;katastr
Skramníky;Skramníky;katastr
Lhota pod Radčem;Lhota pod Radčem;katastr
Klabava;Klabava;katastr
Osíčany;Osíčany;katastr
Kařez;Kařez;katastr
Kamenný Újezd u Rokycan;Kamenný Újezd u Rokycan;katastr
Přísednice;Přísednice;katastr
Nová Huť;Nová Huť;katastr
Těškov;Těškov;katastr
Bantice;Bantice;katastr
Svinná u Hlohovic;Svinná u Hlohovic;katastr
Hlohovice;Hlohovice;katastr
Hrabří;Hrabří;katastr
Hlubyně;Hlubyně;katastr
Hluboš;Hluboš;katastr
Chotilsko;Chotilsko;katastr
Háje u Příbramě;Háje u Příbramě;katastr
Podskalí;Podskalí;katastr
Žežice;Žežice;katastr
Hobšovice;Hobšovice;katastr
Zalužany;Zalužany;katastr
Hokov;Hokov;katastr
Nedrahovice;Nedrahovice;katastr
Urbaneč;Urbaneč;katastr
Peč;Peč;katastr
Dlouhé Dvory;Dlouhé Dvory;katastr
Černožice nad Labem;Černožice nad Labem;katastr
Puchlovice;Puchlovice;katastr
Boharyně;Boharyně;katastr
Velké Babice;Velké Babice;katastr
Ludvíkov pod Smrkem;Ludvíkov pod Smrkem;katastr
Karlinky;Karlinky;katastr
Bukovina u Hradce Králové;Bukovina u Hradce Králové;katastr
Lázně Libverda;Lázně Libverda;katastr
Kunratice u Frýdlantu;Kunratice u Frýdlantu;katastr
Srbská;Srbská;katastr
Hejnice;Hejnice;katastr
Jindřichovice pod Smrkem;Jindřichovice pod Smrkem;katastr
Vodice u Tábora;Vodice u Tábora;katastr
Mokrá u Soběslavi;Mokrá u Soběslavi;katastr
Brandlín u Tučap;Brandlín u Tučap;katastr
Záříčí u Mladé Vožice;Záříčí u Mladé Vožice;katastr
Šebířov;Šebířov;katastr
Hodětín;Hodětín;katastr
Sudoměřice u Bechyně;Sudoměřice u Bechyně;katastr
Černýšovice;Černýšovice;katastr
Bechyňská Smoleč;Bechyňská Smoleč;katastr
Huťský Dvůr;Huťský Dvůr;katastr
Staré Sedlo u Stádlce;Staré Sedlo u Stádlce;katastr
Křída u Stádlce;Křída u Stádlce;katastr
Stojslavice;Stojslavice;katastr
Kostice;Kostice;katastr
Hlohovec;Hlohovec;katastr
Želešice;Želešice;katastr
Žďárec;Žďárec;katastr
Nová Ves u Frýdlantu nad Ostravicí;Nová Ves u Frýdlantu nad Ostravicí;katastr
Nižní Lhoty;Nižní Lhoty;katastr
Myslík;Myslík;katastr
Metylovice;Metylovice;katastr
Dětmarovice;Dětmarovice;katastr
Pazderna;Pazderna;katastr
Zálesná Zhoř;Zálesná Zhoř;katastr
Vysoké Popovice;Vysoké Popovice;katastr
Dolní Žukov;Dolní Žukov;katastr
Žitná u Netolic;Žitná u Netolic;katastr
Pěkná;Pěkná;katastr
Vojslavice u Žárovné;Vojslavice u Žárovné;katastr
Brod;Brod;katastr
Opolenec;Opolenec;katastr
Poděbrady;Poděbrady;katastr
Ostrá;Ostrá;katastr
Horní Kruty;Horní Kruty;katastr
Horní Chvatliny;Horní Chvatliny;katastr
Dobřichov;Dobřichov;katastr
Štolmíř;Štolmíř;katastr
Němčice u Kolína;Němčice u Kolína;katastr
Olšany u Dačic;Olšany u Dačic;katastr
Svatá;Svatá;katastr
Suchomasty;Suchomasty;katastr
Kolišov;Kolišov;katastr
Zbelítov;Zbelítov;katastr
Horní Záhoří u Písku;Horní Záhoří u Písku;katastr
Zahořany;Zahořany;katastr
Srlín;Srlín;katastr
Vrcovice;Vrcovice;katastr
Vojníkov;Vojníkov;katastr
Držov;Držov;katastr
Střítež u Milevska;Střítež u Milevska;katastr
Jarotice;Jarotice;katastr
Nesvačily u Všelibic;Nesvačily u Všelibic;katastr
Benešovice u Všelibic;Benešovice u Všelibic;katastr
Svijanský Újezd;Svijanský Újezd;katastr
Javorník u Českého Dubu;Javorník u Českého Dubu;katastr
Rynoltice;Rynoltice;katastr
Petrovice v Lužických horách;Petrovice v Lužických horách;katastr
Pěnčín;Pěnčín;katastr
Zábrdí u Osečné;Zábrdí u Osečné;katastr
Soběslavice;Soběslavice;katastr
Lázně Kundratice;Lázně Kundratice;katastr
Oldřichov na Hranicích;Oldřichov na Hranicích;katastr
Nová Ves u Chrastavy;Nová Ves u Chrastavy;katastr
Starý Dub;Starý Dub;katastr
Roztoky u Křivoklátu;Roztoky u Křivoklátu;katastr
Třebíz;Třebíz;katastr
Žďár u Rakovníka;Žďár u Rakovníka;katastr
Podbořánky;Podbořánky;katastr
Osluchov;Osluchov;katastr
Zdeslav u Rakovníka;Zdeslav u Rakovníka;katastr
Velká Chmelištná;Velká Chmelištná;katastr
Šanov u Rakovníka;Šanov u Rakovníka;katastr
Veclov u Svojetína;Veclov u Svojetína;katastr
Svinařov;Svinařov;katastr
Pustověty;Pustověty;katastr
Petrovice u Rakovníka;Petrovice u Rakovníka;katastr
Panoší Újezd;Panoší Újezd;katastr
Křištín;Křištín;katastr
Bližanovy;Bližanovy;katastr
Nové Městečko u Nečtin;Nové Městečko u Nečtin;katastr
Pavlův Studenec 2;Pavlův Studenec 2;katastr
Kornatice;Kornatice;katastr
Těnovice;Těnovice;katastr
Fojtovice u Heřmanova;Fojtovice u Heřmanova;katastr
Blankartice;Blankartice;katastr
České Hamry;České Hamry;katastr
Očihovec;Očihovec;katastr
Staříč;Staříč;katastr
Mnichov pod Pradědem;Mnichov pod Pradědem;katastr
Valšov;Valšov;katastr
Stará Lysá;Stará Lysá;katastr
Sloveč;Sloveč;katastr
Senice;Senice;katastr
Sány;Sány;katastr
Velenice;Velenice;katastr
Sadská;Sadská;katastr
Rožďalovice;Rožďalovice;katastr
Benátecká Vrutice;Benátecká Vrutice;katastr
Podlužany;Podlužany;katastr
Přerov nad Labem;Přerov nad Labem;katastr
Zvíkovec;Zvíkovec;katastr
Týček;Týček;katastr
Vitinka;Vitinka;katastr
Smrkovice;Smrkovice;katastr
Vepřek;Vepřek;katastr
Matná;Matná;katastr
Člunek;Člunek;katastr
Potočná u Číměře;Potočná u Číměře;katastr
Jelenice u Mělníka;Jelenice u Mělníka;katastr
Číměř;Číměř;katastr
Březina u Deštné;Březina u Deštné;katastr
Blažejov;Blažejov;katastr
Bednárec;Bednárec;katastr
Albeř;Albeř;katastr
Horní Pěna;Horní Pěna;katastr
Martinice u Březnice;Martinice u Březnice;katastr
Vanůvek;Vanůvek;katastr
Svojkovice na Moravě;Svojkovice na Moravě;katastr
Studnice u Telče;Studnice u Telče;katastr
Nepomuky na Moravě;Nepomuky na Moravě;katastr
Rozseč u Třešti;Rozseč u Třešti;katastr
Radkov u Telče;Radkov u Telče;katastr
Kozárov;Kozárov;katastr
Olšany u Telče;Olšany u Telče;katastr
Nevcehle;Nevcehle;katastr
Ořechov u Telče;Ořechov u Telče;katastr
Praskolesy u Mrákotína;Praskolesy u Mrákotína;katastr
Mrákotín u Telče;Mrákotín u Telče;katastr
Zadní Vydří;Zadní Vydří;katastr
Svahy;Svahy;katastr
Studánka u Tachova;Studánka u Tachova;katastr
Milíkov u Stříbra;Milíkov u Stříbra;katastr
Stráž u Tachova;Stráž u Tachova;katastr
Mchov;Mchov;katastr
Rozvadov;Rozvadov;katastr
Nová Ves pod Přimdou;Nová Ves pod Přimdou;katastr
Vysoké Sedliště;Vysoké Sedliště;katastr
Týnec u Plané;Týnec u Plané;katastr
Planá u Mariánských Lázní;Planá u Mariánských Lázní;katastr
Otín u Plané;Otín u Plané;katastr
Dolní Plezom;Dolní Plezom;katastr
Poloučany;Poloučany;katastr
Vítová;Vítová;katastr
Fryšták;Fryšták;katastr
Doubravy;Doubravy;katastr
Míšovice;Míšovice;katastr
Dobrkovice;Dobrkovice;katastr
Březůvky;Březůvky;katastr
Březnice u Zlína;Březnice u Zlína;katastr
Tečovice;Tečovice;katastr
Lutonina;Lutonina;katastr
Lukoveček;Lukoveček;katastr
Štípa;Štípa;katastr
Klečůvka;Klečůvka;katastr
Kelníky;Kelníky;katastr
Sendražice u Smiřic;Sendražice u Smiřic;katastr
Pšánky;Pšánky;katastr
Kobylí Hlava;Kobylí Hlava;katastr
Úlovice;Úlovice;katastr
Zdoňov;Zdoňov;katastr
Hrádek u Loun;Hrádek u Loun;katastr
Postoloprty;Postoloprty;katastr
Počerady;Počerady;katastr
Počedělice;Počedělice;katastr
Stradonice u Pátku;Stradonice u Pátku;katastr
Radonice nad Ohří;Radonice nad Ohří;katastr
Chraberce;Chraberce;katastr
Louny;Louny;katastr
Luhy;Luhy;katastr
Vysoký Chlumec;Vysoký Chlumec;katastr
Mezné;Mezné;katastr
Vrančice;Vrančice;katastr
Mýšlovice;Mýšlovice;katastr
Voltuš;Voltuš;katastr
Pročevily;Pročevily;katastr
Věšín;Věšín;katastr
Záborná Lhota;Záborná Lhota;katastr
Velká Lečice;Velká Lečice;katastr
Týnčany;Týnčany;katastr
Skoupý;Skoupý;katastr
Kochánky;Kochánky;katastr
Bohutín nad Moravou;Bohutín nad Moravou;katastr
Oprechtice ve Slezsku;Oprechtice ve Slezsku;katastr
Lubno;Lubno;katastr
Lhotka u Frýdku-Místku;Lhotka u Frýdku-Místku;katastr
Kunčice pod Ondřejníkem;Kunčice pod Ondřejníkem;katastr
Nošovice;Nošovice;katastr
Krásná pod Lysou Horou;Krásná pod Lysou Horou;katastr
Žarošice;Žarošice;katastr
Žádovice;Žádovice;katastr
Vlkoš u Kyjova;Vlkoš u Kyjova;katastr
Vacenovice u Kyjova;Vacenovice u Kyjova;katastr
Šardice;Šardice;katastr
Mistřín;Mistřín;katastr
Kalhov;Kalhov;katastr
Bedřichov u Jihlavy;Bedřichov u Jihlavy;katastr
Staré Hory;Staré Hory;katastr
Doubravice u České Skalice;Doubravice u České Skalice;katastr
Ruprechtice u Broumova;Ruprechtice u Broumova;katastr
Hynčice u Broumova;Hynčice u Broumova;katastr
Rasošky;Rasošky;katastr
Přibyslav nad Metují;Přibyslav nad Metují;katastr
Domkov;Domkov;katastr
Provodov;Provodov;katastr
Radešov nad Metují;Radešov nad Metují;katastr
Police nad Metují;Police nad Metují;katastr
Olešnice u Červeného Kostelce;Olešnice u Červeného Kostelce;katastr
Bohunice u Tvrzic;Bohunice u Tvrzic;katastr
Těšovice u Prachatic;Těšovice u Prachatic;katastr
Běleč u Těšovic;Běleč u Těšovic;katastr
Svídnice u Dymokur;Svídnice u Dymokur;katastr
Velenka;Velenka;katastr
Liblice;Liblice;katastr
Úmyslovice;Úmyslovice;katastr
Třebestovice;Třebestovice;katastr
Sokoleč;Sokoleč;katastr
Sovenice;Sovenice;katastr
Pernštejnské Jestřabí;Pernštejnské Jestřabí;katastr
Budiměřice;Budiměřice;katastr
Bříství;Bříství;katastr
Stará Rudná;Stará Rudná;katastr
Nová Rudná;Nová Rudná;katastr
Roudno;Roudno;katastr
Rešov;Rešov;katastr
Razová;Razová;katastr
Ryžoviště;Ryžoviště;katastr
Mezina;Mezina;katastr
Malá Morávka;Malá Morávka;katastr
Hoděšovice;Hoděšovice;katastr
Tylov;Tylov;katastr
Janušov;Janušov;katastr
Křišťanovice;Křišťanovice;katastr
Milotice nad Opavou;Milotice nad Opavou;katastr
Korytná;Korytná;katastr
Lhotka u Hradčovic;Lhotka u Hradčovic;katastr
Horní Němčí;Horní Němčí;katastr
Hostětín;Hostětín;katastr
Havřice;Havřice;katastr
Drslavice;Drslavice;katastr
Bánov;Bánov;katastr
Lesonice;Lesonice;katastr
Lesná u Želetavy;Lesná u Želetavy;katastr
Kostníky;Kostníky;katastr
Brušperk;Brušperk;katastr
Lopeník;Lopeník;katastr
Kdousov;Kdousov;katastr
Okrouhlo;Okrouhlo;katastr
Ptice;Ptice;katastr
Nučice u Rudné;Nučice u Rudné;katastr
Čelákovice;Čelákovice;katastr
Babice;Babice;katastr
Brázdim;Brázdim;katastr
Stránka u Brandýsa nad Labem;Stránka u Brandýsa nad Labem;katastr
Zápy;Zápy;katastr
Bořanovice;Bořanovice;katastr
Bašť;Bašť;katastr
Chouč;Chouč;katastr
Bohunice nad Vltavou;Bohunice nad Vltavou;katastr
Mochov;Mochov;katastr
Dobrčice;Dobrčice;katastr
Čelechovice u Přerova;Čelechovice u Přerova;katastr
Citov;Citov;katastr
Horní Moštěnice;Horní Moštěnice;katastr
Buk;Buk;katastr
Věžky u Přerova;Věžky u Přerova;katastr
Bohuslávky;Bohuslávky;katastr
Bezuchov;Bezuchov;katastr
Přestavlky u Přerova;Přestavlky u Přerova;katastr
Kozlovice u Přerova;Kozlovice u Přerova;katastr
Předmostí;Předmostí;katastr
Svojanov;Svojanov;katastr
Březinka;Březinka;katastr
Okřešice u České Lípy;Okřešice u České Lípy;katastr
Májůvka;Májůvka;katastr
Doubrava nad Vltavou;Doubrava nad Vltavou;katastr
Malá Štáhle;Malá Štáhle;katastr
Lomnice u Rýmařova;Lomnice u Rýmařova;katastr
Leskovec nad Moravicí;Leskovec nad Moravicí;katastr
Krahulčí;Krahulčí;katastr
Nové Purkartice;Nové Purkartice;katastr
Ondřejov u Rýmařova;Ondřejov u Rýmařova;katastr
Karlovice ve Slezsku;Karlovice ve Slezsku;katastr
Jiříkov u Rýmařova;Jiříkov u Rýmařova;katastr
Horní Životice;Horní Životice;katastr
Horní Město;Horní Město;katastr
Spačice;Spačice;katastr
Nová Ves u Třebíče;Nová Ves u Třebíče;katastr
Valdíkov;Valdíkov;katastr
Nová Ves u Skutče;Nová Ves u Skutče;katastr
Měrkovice;Měrkovice;katastr
Slavhostice;Slavhostice;katastr
Biskupice u Ronova nad Doubravou;Biskupice u Ronova nad Doubravou;katastr
Žeretice;Žeretice;katastr
Vlhošť;Vlhošť;katastr
Zliv u Libáně;Zliv u Libáně;katastr
Veselská Lhota;Veselská Lhota;katastr
Vrchovina;Vrchovina;katastr
Vrbice nad Cidlinou;Vrbice nad Cidlinou;katastr
Chlumec;Chlumec;katastr
Záhoří u Miličína;Záhoří u Miličína;katastr
Malovice u Miličína;Malovice u Miličína;katastr
Mitrovice;Mitrovice;katastr
Smilov nad Ohří;Smilov nad Ohří;katastr
Suchdol u Kunžaku;Suchdol u Kunžaku;katastr
Pasovary;Pasovary;katastr
Světlík;Světlík;katastr
Lipno nad Vltavou;Lipno nad Vltavou;katastr
Jimlíkov;Jimlíkov;katastr
Zdětín u Benátek nad Jizerou;Zdětín u Benátek nad Jizerou;katastr
Všejany;Všejany;katastr
Vlkava;Vlkava;katastr
Štíty Hamerské;Štíty Hamerské;katastr
Svébohov;Svébohov;katastr
Felbabka;Felbabka;katastr
Zahorčice na Šumavě;Zahorčice na Šumavě;katastr
Dolní Třešňovec;Dolní Třešňovec;katastr
Horní Ročov;Horní Ročov;katastr
Blatno u Podbořan;Blatno u Podbořan;katastr
Doubrava u Milhostova;Doubrava u Milhostova;katastr
Lukavice u Strážova;Lukavice u Strážova;katastr
Pec;Pec;katastr
Konětopy u Pnětluk;Konětopy u Pnětluk;katastr
Petrovice u Lanškrouna;Petrovice u Lanškrouna;katastr
Husle;Husle;katastr
Svratka;Svratka;katastr
Cikháj;Cikháj;katastr
Spělkov;Spělkov;katastr
Ves Touškov;Ves Touškov;katastr
Slavkovice;Slavkovice;katastr
Sirákov;Sirákov;katastr
Ubušín;Ubušín;katastr
Vříšť;Vříšť;katastr
Sedliště u Jimramova;Sedliště u Jimramova;katastr
Bílany;Bílany;katastr
Bezměrov;Bezměrov;katastr
Víska u Kněžic;Víska u Kněžic;katastr
Brodce;Brodce;katastr
Rudimov;Rudimov;katastr
Pozlovice;Pozlovice;katastr
Sidonie;Sidonie;katastr
Nová Ulice;Nová Ulice;katastr
Polichno;Polichno;katastr
Nedašov;Nedašov;katastr
Luhačovice;Luhačovice;katastr
Loučka I;Loučka I;katastr
Udeřice;Udeřice;katastr
Bačice;Bačice;katastr
Zárubice;Zárubice;katastr
Výčapy;Výčapy;katastr
Hostákov;Hostákov;katastr
Pnětluky;Pnětluky;katastr
Všechlapy u Libčevsi;Všechlapy u Libčevsi;katastr
Lahovice u Libčevsi;Lahovice u Libčevsi;katastr
Hořenec;Hořenec;katastr
Šaplava;Šaplava;katastr
Sinutec;Sinutec;katastr
Jimlín;Jimlín;katastr
Chožov;Chožov;katastr
Chlumčany u Loun;Chlumčany u Loun;katastr
Charvatce u Loun;Charvatce u Loun;katastr
Zlatá Olešnice;Zlatá Olešnice;katastr
Podhůří-Harta;Podhůří-Harta;katastr
Bystřice;Bystřice;katastr
Dřevohryzy;Dřevohryzy;katastr
Nivy;Nivy;katastr
Děpoltovice;Děpoltovice;katastr
Dalovice;Dalovice;katastr
Čichalov;Čichalov;katastr
Černava;Černava;katastr
Noskov;Noskov;katastr
Mezná u Soběslavi;Mezná u Soběslavi;katastr
Nemyšl;Nemyšl;katastr
Náchod u Tábora;Náchod u Tábora;katastr
Obora u Maršova;Obora u Maršova;katastr
Bečice nad Lužnicí;Bečice nad Lužnicí;katastr
Jeníčkova Lhota;Jeníčkova Lhota;katastr
Milčice u Sušice;Milčice u Sušice;katastr
Chabrovice;Chabrovice;katastr
Rok;Rok;katastr
Damětice;Damětice;katastr
Žikov;Žikov;katastr
Divišov u Sušice;Divišov u Sušice;katastr
Částkov u Svojšic;Částkov u Svojšic;katastr
Ivaň na Hané;Ivaň na Hané;katastr
Nuzerov;Nuzerov;katastr
Dobršín;Dobršín;katastr
Nahořánky;Nahořánky;katastr
Srní I;Srní I;katastr
Plánice;Plánice;katastr
Bukovice u Jeseníka;Bukovice u Jeseníka;katastr
Dolní Údolí;Dolní Údolí;katastr
Javorník-ves;Javorník-ves;katastr
Javorník-město;Javorník-město;katastr
Kamenička u Bílé Vody;Kamenička u Bílé Vody;katastr
Horní Heřmanice u Bernartic;Horní Heřmanice u Bernartic;katastr
Adolfovice;Adolfovice;katastr
Václavov u Oskavy;Václavov u Oskavy;katastr
Mírovský Grunt;Mírovský Grunt;katastr
Míroveček;Míroveček;katastr
Starý Maletín;Starý Maletín;katastr
Javoří u Maletína;Javoří u Maletína;katastr
Zlatý Potok;Zlatý Potok;katastr
Popovice u Kroměříže;Popovice u Kroměříže;katastr
Tetětice;Tetětice;katastr
Plešovec;Plešovec;katastr
Pačlavice;Pačlavice;katastr
Nová Dědina;Nová Dědina;katastr
Nítkovice;Nítkovice;katastr
Slížany;Slížany;katastr
Lískovec;Lískovec;katastr
Kunkovice u Litenčic;Kunkovice u Litenčic;katastr
Vážany u Kroměříže;Vážany u Kroměříže;katastr
Kroměříž;Kroměříž;katastr
Drahlov u Jarohněvic;Drahlov u Jarohněvic;katastr
Moutnice;Moutnice;katastr
Moravany u Brna;Moravany u Brna;katastr
Mokrá u Brna;Mokrá u Brna;katastr
Maršov u Veverské Bítýšky;Maršov u Veverské Bítýšky;katastr
Malhostovice;Malhostovice;katastr
Lukovany;Lukovany;katastr
Lomnice u Tišnova;Lomnice u Tišnova;katastr
Loděnice u Moravského Krumlova;Loděnice u Moravského Krumlova;katastr
Litostrov;Litostrov;katastr
Šitboř;Šitboř;katastr
Měnín;Měnín;katastr
Kuřimská Nová Ves;Kuřimská Nová Ves;katastr
Kuřim;Kuřim;katastr
Habrůvka;Habrůvka;katastr
Dlouhá Lhota;Dlouhá Lhota;katastr
Černá Hora;Černá Hora;katastr
Drnovice;Drnovice;katastr
Roubanina;Roubanina;katastr
Černovice u Kunštátu;Černovice u Kunštátu;katastr
Doubravice nad Svitavou;Doubravice nad Svitavou;katastr
Crhov u Olešnice;Crhov u Olešnice;katastr
Brťov u Velkých Opatovic;Brťov u Velkých Opatovic;katastr
Borotín u Boskovic;Borotín u Boskovic;katastr
Bezděčí u Velkých Opatovic;Bezděčí u Velkých Opatovic;katastr
Benešov u Boskovic;Benešov u Boskovic;katastr
Mladkov u Boskovic;Mladkov u Boskovic;katastr
Znojmo-Louka;Znojmo-Louka;katastr
Újezd u Brna;Újezd u Brna;katastr
Znojmo-město;Znojmo-město;katastr
Zálesí u Bítova;Zálesí u Bítova;katastr
Vysočany u Znojma;Vysočany u Znojma;katastr
Vratěnín;Vratěnín;katastr
Radvanice v Čechách;Radvanice v Čechách;katastr
Pilníkov III;Pilníkov III;katastr
Pilníkov II;Pilníkov II;katastr
Velká Úpa II;Velká Úpa II;katastr
Těšetice u Znojma;Těšetice u Znojma;katastr
Pec pod Sněžkou;Pec pod Sněžkou;katastr
Starobucké Debrné;Starobucké Debrné;katastr
Těšany;Těšany;katastr
Dolní Nemojov;Dolní Nemojov;katastr
Mladé Buky;Mladé Buky;katastr
Markoušovice;Markoušovice;katastr
Malé Svatoňovice;Malé Svatoňovice;katastr
Dolní Malá Úpa;Dolní Malá Úpa;katastr
Debrné u Mostku;Debrné u Mostku;katastr
Lipnice u Dvora Králové;Lipnice u Dvora Králové;katastr
Libňatov;Libňatov;katastr
Bezděkov u Trutnova;Bezděkov u Trutnova;katastr
Sedlec u Lanžova;Sedlec u Lanžova;katastr
Prostřední Lánov;Prostřední Lánov;katastr
Stanovice u Kuksu;Stanovice u Kuksu;katastr
Kašov;Kašov;katastr
Oblekovice;Oblekovice;katastr
Jezeřany;Jezeřany;katastr
Žižkovo Pole;Žižkovo Pole;katastr
Věžná na Moravě;Věžná na Moravě;katastr
Lhotka u Velkého Meziříčí;Lhotka u Velkého Meziříčí;katastr
Rousměrov;Rousměrov;katastr
Radenice;Radenice;katastr
Pohořílky u Otína;Pohořílky u Otína;katastr
Osová Bítýška;Osová Bítýška;katastr
Ořechov u Křižanova;Ořechov u Křižanova;katastr
Olší nad Oslavou;Olší nad Oslavou;katastr
Otín u Měřína;Otín u Měřína;katastr
Rybníček u Habrů;Rybníček u Habrů;katastr
Radňov u Květinova;Radňov u Květinova;katastr
Příseka u Světlé nad Sázavou;Příseka u Světlé nad Sázavou;katastr
Pohleď;Pohleď;katastr
Ronov nad Sázavou;Ronov nad Sázavou;katastr
Nezdín;Nezdín;katastr
Poříčí u Přibyslavi;Poříčí u Přibyslavi;katastr
Simtany;Simtany;katastr
Veselice u Havlíčkova Brodu;Veselice u Havlíčkova Brodu;katastr
Březinka u Havlíčkova Brodu;Březinka u Havlíčkova Brodu;katastr
Čížov u Jihlavy;Čížov u Jihlavy;katastr
Horní Věžnice;Horní Věžnice;katastr
Kordula;Kordula;katastr
Džbánice;Džbánice;katastr
Dolní Dubňany;Dolní Dubňany;katastr
Dobšice u Znojma;Dobšice u Znojma;katastr
Čejkovice u Znojma;Čejkovice u Znojma;katastr
Ctidružice;Ctidružice;katastr
Borotice nad Jevišovkou;Borotice nad Jevišovkou;katastr
Bojanovice u Znojma;Bojanovice u Znojma;katastr
Bohutice;Bohutice;katastr
Ves Blížkovice;Ves Blížkovice;katastr
Stupešice;Stupešice;katastr
Doubrava u Březiny;Doubrava u Březiny;katastr
Ratišovice;Ratišovice;katastr
Zelená Hora na Moravě;Zelená Hora na Moravě;katastr
Dědice u Vyškova;Dědice u Vyškova;katastr
Stříhanov;Stříhanov;katastr
Vlčnov u Starého Jičína;Vlčnov u Starého Jičína;katastr
Větrný Jeníkov;Větrný Jeníkov;katastr
Velký Beranov;Velký Beranov;katastr
Šimanov na Moravě;Šimanov na Moravě;katastr
Prostředkovice;Prostředkovice;katastr
Beranovec;Beranovec;katastr
Uhřínovice u Jihlavy;Uhřínovice u Jihlavy;katastr
Přímělkov;Přímělkov;katastr
Antonínův Důl;Antonínův Důl;katastr
Podmoky u Golčova Jeníkova;Podmoky u Golčova Jeníkova;katastr
Nasavrky u Golčova Jeníkova;Nasavrky u Golčova Jeníkova;katastr
Golčův Jeníkov;Golčův Jeníkov;katastr
Druhanov;Druhanov;katastr
Meziklasí;Meziklasí;katastr
Dolní Krupá u Havlíčkova Brodu;Dolní Krupá u Havlíčkova Brodu;katastr
Dolní Březinka;Dolní Březinka;katastr
Dobrohostov;Dobrohostov;katastr
Nový Hrádek;Nový Hrádek;katastr
Nové Město nad Metují;Nové Město nad Metují;katastr
Otovice u Broumova;Otovice u Broumova;katastr
Račerovice;Račerovice;katastr
Vaneč;Vaneč;katastr
Pucov;Pucov;katastr
Přibyslavice nad Jihlavou;Přibyslavice nad Jihlavou;katastr
Račice u Hrotovic;Račice u Hrotovic;katastr
Přešovice;Přešovice;katastr
Hory u Předína;Hory u Předína;katastr
Popůvky nad Jihlavou;Popůvky nad Jihlavou;katastr
Pocoucov;Pocoucov;katastr
Petrovice u Třebíče;Petrovice u Třebíče;katastr
Opatov na Moravě;Opatov na Moravě;katastr
Okříšky;Okříšky;katastr
Mezilesí u Náchoda;Mezilesí u Náchoda;katastr
Martínkovice;Martínkovice;katastr
Machovská Lhota;Machovská Lhota;katastr
Machov;Machov;katastr
Vestec u Hořiček;Vestec u Hořiček;katastr
Světlá u Hořiček;Světlá u Hořiček;katastr
Lhota pod Hořičkami;Lhota pod Hořičkami;katastr
Jizbice u Náchoda;Jizbice u Náchoda;katastr
Jestřebí nad Metují;Jestřebí nad Metují;katastr
Blažkov u Slavoňova;Blažkov u Slavoňova;katastr
Zbýšov u Oslavan;Zbýšov u Oslavan;katastr
Žebrák;Žebrák;katastr
Úbočí u Dolního Žandova;Úbočí u Dolního Žandova;katastr
Mířkov;Mířkov;katastr
Koloděje;Koloděje;katastr
Prácheň;Prácheň;katastr
Chvalín;Chvalín;katastr
Okrouhlá u Branic;Okrouhlá u Branic;katastr
Chlum u Blovic;Chlum u Blovic;katastr
Suhrovice;Suhrovice;katastr
Velíková;Velíková;katastr
Pole;Pole;katastr
Jívoví;Jívoví;katastr
Počátky u Chotěboře;Počátky u Chotěboře;katastr
Petrovice u Štoků;Petrovice u Štoků;katastr
Olešná u Havlíčkova Brodu;Olešná u Havlíčkova Brodu;katastr
Pavlov u Ledče nad Sázavou;Pavlov u Ledče nad Sázavou;katastr
Olešenka;Olešenka;katastr
Olešnice u Okrouhlice;Olešnice u Okrouhlice;katastr
Chlístov u Okrouhlice;Chlístov u Okrouhlice;katastr
Nová Ves u Světlé nad Sázavou;Nová Ves u Světlé nad Sázavou;katastr
Oudoleň;Oudoleň;katastr
Nová Ves u Leštiny;Nová Ves u Leštiny;katastr
Dolní Brusnice;Dolní Brusnice;katastr
Víska u Chotěboře;Víska u Chotěboře;katastr
Slavětín u Oudoleně;Slavětín u Oudoleně;katastr
Stonařov;Stonařov;katastr
Stáj;Stáj;katastr
Smrčná na Moravě;Smrčná na Moravě;katastr
Helenín;Helenín;katastr
Skrýšov u Polné;Skrýšov u Polné;katastr
Horní Kosov;Horní Kosov;katastr
Horní Dubenky;Horní Dubenky;katastr
Dolní Smrčné;Dolní Smrčné;katastr
Dolní Cerekev;Dolní Cerekev;katastr
Střelecká;Střelecká;katastr
Dlouhá Brtnice;Dlouhá Brtnice;katastr
Rosice u Cerekvičky;Rosice u Cerekvičky;katastr
Dlouhá Ves u Havlíčkova Brodu;Dlouhá Ves u Havlíčkova Brodu;katastr
Dolní Jablonná;Dolní Jablonná;katastr
Zdeslavice;Zdeslavice;katastr
Hroznětín u Číhoště;Hroznětín u Číhoště;katastr
Česká Jablonná;Česká Jablonná;katastr
Janovice u Polné;Janovice u Polné;katastr
Zádolí u Vysokého Mýta;Zádolí u Vysokého Mýta;katastr
Česká Bělá;Česká Bělá;katastr
Čachotín;Čachotín;katastr
Broumova Lhota;Broumova Lhota;katastr
Kouty u Bojiště;Kouty u Bojiště;katastr
Sloupno u Chotěboře;Sloupno u Chotěboře;katastr
Malochyně;Malochyně;katastr
Starý Bydžov;Starý Bydžov;katastr
Smiřice;Smiřice;katastr
Loučná Hora;Loučná Hora;katastr
Sloupno nad Cidlinou;Sloupno nad Cidlinou;katastr
Kostelec u Jičíněvsi;Kostelec u Jičíněvsi;katastr
Bartoušov u Jičíněvsi;Bartoušov u Jičíněvsi;katastr
Jeřice;Jeřice;katastr
Staňkov u Pecky;Staňkov u Pecky;katastr
Chroustov u Miletína;Chroustov u Miletína;katastr
Chomutice;Chomutice;katastr
Cholenice;Cholenice;katastr
Hřmenín;Hřmenín;katastr
Hořice v Podkrkonoší;Hořice v Podkrkonoší;katastr
Staré Benátky;Staré Benátky;katastr
Bělá pod Bezdězem;Bělá pod Bezdězem;katastr
Malé Všelisy;Malé Všelisy;katastr
Bakov nad Jizerou;Bakov nad Jizerou;katastr
Bratronice u Luštěnic;Bratronice u Luštěnic;katastr
Nová Ves u Nelahozevsi;Nová Ves u Nelahozevsi;katastr
Nosálov;Nosálov;katastr
Netřeba;Netřeba;katastr
Lobkovice;Lobkovice;katastr
Volavá Lhota;Volavá Lhota;katastr
Pavlovice u Vlastějovic;Pavlovice u Vlastějovic;katastr
Kounice nad Sázavou;Kounice nad Sázavou;katastr
Útěšenovice;Útěšenovice;katastr
Česká Doubravice;Česká Doubravice;katastr
Brdo u Manětína;Brdo u Manětína;katastr
Kralovice u Rakovníka;Kralovice u Rakovníka;katastr
Zhořec u Manětína;Zhořec u Manětína;katastr
Kozojedy u Kralovic;Kozojedy u Kralovic;katastr
Borek u Kozojed;Borek u Kozojed;katastr
Bohy;Bohy;katastr
Hradecko;Hradecko;katastr
Štipoklasy u Číhané;Štipoklasy u Číhané;katastr
Budeč u Číhané;Budeč u Číhané;katastr
Čerňovice;Čerňovice;katastr
Hvozd u Manětína;Hvozd u Manětína;katastr
Blatnice u Nýřan;Blatnice u Nýřan;katastr
Čenětice;Čenětice;katastr
Mnichovice u Říčan;Mnichovice u Říčan;katastr
Lhota pod Libčany;Lhota pod Libčany;katastr
Měšice u Prahy;Měšice u Prahy;katastr
Líbeznice;Líbeznice;katastr
Mozolov;Mozolov;katastr
Kolnovice;Kolnovice;katastr
Podboří;Podboří;katastr
Zhoř u Mladé Vožice;Zhoř u Mladé Vožice;katastr
Dubnice;Dubnice;katastr
Nadějkov;Nadějkov;katastr
Bobr;Bobr;katastr
Mutice;Mutice;katastr
Nová Ves u Strakonic;Nová Ves u Strakonic;katastr
Vrbka u Roudníčku;Vrbka u Roudníčku;katastr
Račí u Nišovic;Račí u Nišovic;katastr
Nišovice;Nišovice;katastr
Nihošovice;Nihošovice;katastr
Němčice u Volyně;Němčice u Volyně;katastr
Nahořany u Čkyně;Nahořany u Čkyně;katastr
Krušlov;Krušlov;katastr
Vahlovice;Vahlovice;katastr
Račiněves;Račiněves;katastr
Holušice u Mužetic;Holušice u Mužetic;katastr
Sedlíkovice;Sedlíkovice;katastr
Sedliště u Mladějovic;Sedliště u Mladějovic;katastr
Hodyně u Dřevce;Hodyně u Dřevce;katastr
Žernovník u Dolního Jamného;Žernovník u Dolního Jamného;katastr
Světec u Dolního Jamného;Světec u Dolního Jamného;katastr
Matějovice u Dešenic;Matějovice u Dešenic;katastr
Žiznětice;Žiznětice;katastr
Milence;Milence;katastr
Oldřichovice u Děpoltic;Oldřichovice u Děpoltic;katastr
Divišovice u Děpoltic;Divišovice u Děpoltic;katastr
Újezd u Chanovic;Újezd u Chanovic;katastr
Černice u Defurových Lažan;Černice u Defurových Lažan;katastr
Zdebořice;Zdebořice;katastr
Rovná u Sušice;Rovná u Sušice;katastr
Petrovice u Sušice;Petrovice u Sušice;katastr
Velká Úpa I;Velká Úpa I;katastr
Horní Nemojov;Horní Nemojov;katastr
Mostek;Mostek;katastr
Sklenářovice;Sklenářovice;katastr
Starý Sedloňov;Starý Sedloňov;katastr
Horní Malá Úpa;Horní Malá Úpa;katastr
Libotov;Libotov;katastr
Libeč;Libeč;katastr
Lanžov;Lanžov;katastr
Nové Lesy;Nové Lesy;katastr
Horní Lánov;Horní Lánov;katastr
Kohoutov;Kohoutov;katastr
Kocbeře;Kocbeře;katastr
Třebnice;Třebnice;katastr
Kvaslice;Kvaslice;katastr
Pancíř;Pancíř;katastr
Alžbětín;Alžbětín;katastr
Velké Hydčice;Velké Hydčice;katastr
Velenovy;Velenovy;katastr
Špičák;Špičák;katastr
Zelená Lhota;Zelená Lhota;katastr
Plichtice;Plichtice;katastr
Vrhaveč u Klatov;Vrhaveč u Klatov;katastr
Malá Víska u Klatov;Malá Víska u Klatov;katastr
Viteň;Viteň;katastr
Brtí;Brtí;katastr
Mostiště u Hlohovic;Mostiště u Hlohovic;katastr
Hlohovičky;Hlohovičky;katastr
Ejpovice;Ejpovice;katastr
Drahoňův Újezd;Drahoňův Újezd;katastr
Pavlovsko;Pavlovsko;katastr
Všenice;Všenice;katastr
Smědčice;Smědčice;katastr
Březina u Rokycan;Březina u Rokycan;katastr
Vranovice u Břas;Vranovice u Břas;katastr
Kříše;Kříše;katastr
Zbiroh;Zbiroh;katastr
Volduchy;Volduchy;katastr
Veselá u Rokycan;Veselá u Rokycan;katastr
Háj u Staré Vody;Háj u Staré Vody;katastr
Číčová;Číčová;katastr
Skalná;Skalná;katastr
Pavlíkov u Třemešného;Pavlíkov u Třemešného;katastr
Horní Brusnice;Horní Brusnice;katastr
Třebovětice;Třebovětice;katastr
Třebnouševes;Třebnouševes;katastr
Tereziny Dary;Tereziny Dary;katastr
Štikov;Štikov;katastr
Nadslav;Nadslav;katastr
Libuň;Libuň;katastr
Vesec u Sobotky;Vesec u Sobotky;katastr
Dobšice;Dobšice;katastr
Jinonice;Jinonice;katastr
Kyje;Kyje;katastr
Libeň;Libeň;katastr
Bystřec;Bystřec;katastr
Komořany;Komořany;katastr
Radvanice u Chotěšova;Radvanice u Chotěšova;katastr
Pernolec;Pernolec;katastr
Kobylisy;Kobylisy;katastr
Rašov;Rašov;katastr
Třeboradice;Třeboradice;katastr
Dolní Dobrouč;Dolní Dobrouč;katastr
Plenkovice;Plenkovice;katastr
Mašovice u Meclova;Mašovice u Meclova;katastr
Nahořečice;Nahořečice;katastr
Kropáčova Vrutice;Kropáčova Vrutice;katastr
Krnsko;Krnsko;katastr
Plazy;Plazy;katastr
Petkovy;Petkovy;katastr
Kobylnice;Kobylnice;katastr
Pěčice;Pěčice;katastr
Obruby;Obruby;katastr
Nepřevázka;Nepřevázka;katastr
Debř;Debř;katastr
Radouš;Radouš;katastr
Hodyně u Skuhrova;Hodyně u Skuhrova;katastr
Rpety;Rpety;katastr
Libáň;Libáň;katastr
Bítouchov u Veselé;Bítouchov u Veselé;katastr
Vršce;Vršce;katastr
Labouň;Labouň;katastr
Kopidlno;Kopidlno;katastr
Kumburský Újezd;Kumburský Újezd;katastr
Konecchlumí;Konecchlumí;katastr
Kněžnice;Kněžnice;katastr
Kal;Kal;katastr
Lázně Bělohrad;Lázně Bělohrad;katastr
Vysoké Veselí;Vysoké Veselí;katastr
Selibice;Selibice;katastr
Tuchořice;Tuchořice;katastr
Čtveřín;Čtveřín;katastr
Vlachnovice;Vlachnovice;katastr
Lhotka u Mělníka;Lhotka u Mělníka;katastr
Bavorov;Bavorov;katastr
Číhaň;Číhaň;katastr
Bohušov;Bohušov;katastr
Kajetín;Kajetín;katastr
Hodov;Hodov;katastr
Újezd u Krásné;Újezd u Krásné;katastr
Sněžné;Sněžné;katastr
Strážné;Strážné;katastr
Žichovice;Žichovice;katastr
Holešín;Holešín;katastr
Srbice u Kolovče;Srbice u Kolovče;katastr
Hlohovčice;Hlohovčice;katastr
Starý Spálenec;Starý Spálenec;katastr
Krchleby u Staňkova;Krchleby u Staňkova;katastr
Smržovice;Smržovice;katastr
Borovice u Horšovského Týna;Borovice u Horšovského Týna;katastr
Radonice u Milavčí;Radonice u Milavčí;katastr
Sedlec u Poběžovic;Sedlec u Poběžovic;katastr
Petrovice u Domažlic;Petrovice u Domažlic;katastr
Osvračín;Osvračín;katastr
Puclice;Puclice;katastr
Nová Ves u Kdyně;Nová Ves u Kdyně;katastr
Němčice u Kdyně;Němčice u Kdyně;katastr
Vendolí;Vendolí;katastr
Třebařov;Třebařov;katastr
Bečkov;Bečkov;katastr
Trpín;Trpín;katastr
Telecí;Telecí;katastr
Batňovice;Batňovice;katastr
Moravský Lačnov;Moravský Lačnov;katastr
Suchá Lhota;Suchá Lhota;katastr
Strakov;Strakov;katastr
Starý Svojanov;Starý Svojanov;katastr
Radišov;Radišov;katastr
Stará Roveň;Stará Roveň;katastr
Sklené u Svitav;Sklené u Svitav;katastr
Hoškovice;Hoškovice;katastr
Otmíče;Otmíče;katastr
Osov;Osov;katastr
Hvozdec;Hvozdec;katastr
Poučník;Poučník;katastr
Budňany;Budňany;katastr
Chyňava;Chyňava;katastr
Počaply;Počaply;katastr
Hýskov;Hýskov;katastr
Liteň;Liteň;katastr
Lhotka u Hořovic;Lhotka u Hořovic;katastr
Kondrac;Kondrac;katastr
Kladruby u Vlašimi;Kladruby u Vlašimi;katastr
Šlotava;Šlotava;katastr
Oseček;Oseček;katastr
Nouzov u Dymokur;Nouzov u Dymokur;katastr
Opolánky;Opolánky;katastr
Okřínek;Okřínek;katastr
Drahelice;Drahelice;katastr
Nový Dvůr u Oskořínka;Nový Dvůr u Oskořínka;katastr
Netřebice u Nymburka;Netřebice u Nymburka;katastr
Milovice nad Labem;Milovice nad Labem;katastr
Lysá nad Labem;Lysá nad Labem;katastr
Libice nad Cidlinou;Libice nad Cidlinou;katastr
Milčice u Peček;Milčice u Peček;katastr
Hole u Svrkyně;Hole u Svrkyně;katastr
Milíkov;Milíkov;katastr
Březské;Březské;katastr
Stálky;Stálky;katastr
Slup;Slup;katastr
Slatina u Jevišovic;Slatina u Jevišovic;katastr
Rudlice;Rudlice;katastr
Rešice;Rešice;katastr
Prokopov;Prokopov;katastr
Práče;Práče;katastr
Podmyče;Podmyče;katastr
Plaveč;Plaveč;katastr
Oslnovice;Oslnovice;katastr
Nový Šaldorf;Nový Šaldorf;katastr
Keblov;Keblov;katastr
Uhřice u Sedlce;Uhřice u Sedlce;katastr
Sušetice;Sušetice;katastr
Ostrovánky;Ostrovánky;katastr
Bzí u Železného Brodu;Bzí u Železného Brodu;katastr
Lhotka u Zlaté Olešnice;Lhotka u Zlaté Olešnice;katastr
Jiřetín pod Bukovou;Jiřetín pod Bukovou;katastr
Rádlo;Rádlo;katastr
Huť;Huť;katastr
Alšovice;Alšovice;katastr
Mukařov u Jablonce nad Nisou;Mukařov u Jablonce nad Nisou;katastr
Vranové II;Vranové II;katastr
Sněhov;Sněhov;katastr
Ostrov u Tisé;Ostrov u Tisé;katastr
Stebno u Dubic;Stebno u Dubic;katastr
Telnice;Telnice;katastr
Tašov;Tašov;katastr
Horní Zálezly;Horní Zálezly;katastr
Olešnice u Svádova;Olešnice u Svádova;katastr
Stradov u Chabařovic;Stradov u Chabařovic;katastr
Stadice;Stadice;katastr
Malečov;Malečov;katastr
Husovice;Husovice;katastr
Církvice;Církvice;katastr
Lesní Hluboké;Lesní Hluboké;katastr
Kuřimské Jestřabí;Kuřimské Jestřabí;katastr
Líšný;Líšný;katastr
Jizerka;Jizerka;katastr
Lučany nad Nisou;Lučany nad Nisou;katastr
Kokonín;Kokonín;katastr
Koberovy;Koberovy;katastr
Besedice;Besedice;katastr
Milotičky;Milotičky;katastr
Brník;Brník;katastr
Kozojedy;Kozojedy;katastr
Kolešovice;Kolešovice;katastr
Karlova Ves;Karlova Ves;katastr
Soseň;Soseň;katastr
Čím;Čím;katastr
Nezdice na Šumavě;Nezdice na Šumavě;katastr
Nezamyslice u Horažďovic;Nezamyslice u Horažďovic;katastr
Javoří Pila;Javoří Pila;katastr
Filipova Huť;Filipova Huť;katastr
Mezihoří u Švihova;Mezihoří u Švihova;katastr
Lhovice;Lhovice;katastr
Slavíkovice;Slavíkovice;katastr
Rudoltice u Černíkova;Rudoltice u Černíkova;katastr
Zdeslav;Zdeslav;katastr
Poleň;Poleň;katastr
Pušperk;Pušperk;katastr
Křížovice u Číhaně;Křížovice u Číhaně;katastr
Kaliště u Červeného Poříčí;Kaliště u Červeného Poříčí;katastr
Brusnice;Brusnice;katastr
Žireč Ves;Žireč Ves;katastr
Sylvárov;Sylvárov;katastr
Žireč Městys;Žireč Městys;katastr
Zálesí u Dvora Králové;Zálesí u Dvora Králové;katastr
Dolní Olešnice;Dolní Olešnice;katastr
Dolní Kalná;Dolní Kalná;katastr
Dolní Branná;Dolní Branná;katastr
Černý Důl;Černý Důl;katastr
Libchyně;Libchyně;katastr
Jasenná;Jasenná;katastr
Jezbiny;Jezbiny;katastr
Jaroměř;Jaroměř;katastr
Lazec;Lazec;katastr
Horní Kaliště;Horní Kaliště;katastr
Jenín;Jenín;katastr
Zdíky;Zdíky;katastr
Besednice;Besednice;katastr
Hartunkov;Hartunkov;katastr
Bonkovice;Bonkovice;katastr
Český Heršlák;Český Heršlák;katastr
Dobřejice;Dobřejice;katastr
Debrník;Debrník;katastr
Čelkovice;Čelkovice;katastr
Čekanice u Tábora;Čekanice u Tábora;katastr
Vysoký Újezd;Vysoký Újezd;katastr
Moraveč u Mladé Vožice;Moraveč u Mladé Vožice;katastr
Nasavrky u Tábora;Nasavrky u Tábora;katastr
Olší u Opařan;Olší u Opařan;katastr
Skrýchov u Malšic;Skrýchov u Malšic;katastr
Kurojedy;Kurojedy;katastr
Kostelec u Stříbra;Kostelec u Stříbra;katastr
Lomy u Domaslavi;Lomy u Domaslavi;katastr
Kokašice;Kokašice;katastr
Milevo;Milevo;katastr
Česká Ves u Lesné;Česká Ves u Lesné;katastr
Kladruby u Stříbra;Kladruby u Stříbra;katastr
Ústí nad Mží;Ústí nad Mží;katastr
Štokov;Štokov;katastr
Jablonecké Paseky;Jablonecké Paseky;katastr
Ondříkovice;Ondříkovice;katastr
Držkov;Držkov;katastr
Mutišov;Mutišov;katastr
Desná III;Desná III;katastr
Desná II;Desná II;katastr
Desná I;Desná I;katastr
Lipovka;Lipovka;katastr
Rýnovice;Rýnovice;katastr
Šerchov;Šerchov;katastr
Rokle;Rokle;katastr
Rusová;Rusová;katastr
Dolina;Dolina;katastr
Trněný Újezd u Zákolan;Trněný Újezd u Zákolan;katastr
Zájezd u Buštěhradu;Zájezd u Buštěhradu;katastr
Vinařice u Kladna;Vinařice u Kladna;katastr
Lhota u Kamenných Žehrovic;Lhota u Kamenných Žehrovic;katastr
Unhošť;Unhošť;katastr
Makotřasy;Makotřasy;katastr
Velká Dobrá;Velká Dobrá;katastr
Hostouň u Prahy;Hostouň u Prahy;katastr
Horní Bezděkov;Horní Bezděkov;katastr
Kyšice;Kyšice;katastr
Koleč;Koleč;katastr
Dubí u Kladna;Dubí u Kladna;katastr
Kladno;Kladno;katastr
Líšnice u Sepekova;Líšnice u Sepekova;katastr
Nový Dvůr u Písku;Nový Dvůr u Písku;katastr
Paseky u Písku;Paseky u Písku;katastr
Zálší u Sepekova;Zálší u Sepekova;katastr
Staré Kestřany;Staré Kestřany;katastr
Jetětice;Jetětice;katastr
Jamný;Jamný;katastr
Podchýšská Lhota;Podchýšská Lhota;katastr
Chvaletice u Protivína;Chvaletice u Protivína;katastr
Chřešťovice;Chřešťovice;katastr
Hrejkovice;Hrejkovice;katastr
Dobrošov u Hrazan;Dobrošov u Hrazan;katastr
Horosedly;Horosedly;katastr
Loučka;Loučka;katastr
Švejcarova Lhota;Švejcarova Lhota;katastr
Lobodice;Lobodice;katastr
Oprostovice;Oprostovice;katastr
Oldřichov na Moravě;Oldřichov na Moravě;katastr
Svrčov;Svrčov;katastr
Kladníky;Kladníky;katastr
Křtomil;Křtomil;katastr
Hradčany na Moravě;Hradčany na Moravě;katastr
Hlinsko;Hlinsko;katastr
Kokory;Kokory;katastr
Grymov;Grymov;katastr
Lazníky;Lazníky;katastr
Vranov u Čerčan;Vranov u Čerčan;katastr
Vojkov u Votic;Vojkov u Votic;katastr
Minartice;Minartice;katastr
Kyjov;Kyjov;katastr
Štítná nad Vláří;Štítná nad Vláří;katastr
Poteč;Poteč;katastr
Veselka u Olešnice;Veselka u Olešnice;katastr
Rumberk;Rumberk;katastr
Bedřichov;Bedřichov;katastr
Vlčatín;Vlčatín;katastr
Telice;Telice;katastr
Tisová u Tachova;Tisová u Tachova;katastr
Stříbro;Stříbro;katastr
Únětice;Únětice;katastr
Úlibice;Úlibice;katastr
Bílsko u Kopidlna;Bílsko u Kopidlna;katastr
Makov u Litomyšle;Makov u Litomyšle;katastr
Tuř;Tuř;katastr
Střeleč;Střeleč;katastr
Soběraz;Soběraz;katastr
Šárovcova Lhota;Šárovcova Lhota;katastr
Choteč u Lázní Bělohradu;Choteč u Lázní Bělohradu;katastr
Šebrov;Šebrov;katastr
Staré Hrady;Staré Hrady;katastr
Svinošice;Svinošice;katastr
Spešov;Spešov;katastr
Vílov;Vílov;katastr
Veřechov;Veřechov;katastr
Mlynářovice;Mlynářovice;katastr
Horní Lhota u Klatov;Horní Lhota u Klatov;katastr
Horažďovická Lhota;Horažďovická Lhota;katastr
Točník u Klatov;Točník u Klatov;katastr
Jesení;Jesení;katastr
Budeč;Budeč;katastr
Dobrohošť;Dobrohošť;katastr
Bílkov;Bílkov;katastr
Mojné-Skřidla;Mojné-Skřidla;katastr
Cetviny;Cetviny;katastr
Tichá;Tichá;katastr
Stavěšice;Stavěšice;katastr
Skoronice;Skoronice;katastr
Nechvalín;Nechvalín;katastr
Mouchnice;Mouchnice;katastr
Milotice u Kyjova;Milotice u Kyjova;katastr
Lovčice u Kyjova;Lovčice u Kyjova;katastr
Hovorany;Hovorany;katastr
Domanín;Domanín;katastr
Ždánice;Ždánice;katastr
Ježov;Ježov;katastr
Čeložnice;Čeložnice;katastr
Bzenec;Bzenec;katastr
Bohuslavice u Kyjova;Bohuslavice u Kyjova;katastr
Vlásenice-Drbohlavy;Vlásenice-Drbohlavy;katastr
Čelistná;Čelistná;katastr
Čejkov;Čejkov;katastr
Častrov;Častrov;katastr
Sedliště u Častonína;Sedliště u Častonína;katastr
Štědrovice;Štědrovice;katastr
Čakovice u Pelhřimova;Čakovice u Pelhřimova;katastr
Bystrá;Bystrá;katastr
Buřenice;Buřenice;katastr
Bratřice;Bratřice;katastr
Branišov pod Křemešníkem;Branišov pod Křemešníkem;katastr
Bořetín;Bořetín;katastr
Bohdalín;Bohdalín;katastr
Straník;Straník;katastr
Jemnice u Tisové;Jemnice u Tisové;katastr
Kochánov II;Kochánov II;katastr
Milíře u Tachova;Milíře u Tachova;katastr
Tatenice;Tatenice;katastr
Štěpanice;Štěpanice;katastr
Babice u Holubče;Babice u Holubče;katastr
Terešov;Terešov;katastr
Újezd Svatého Kříže;Újezd Svatého Kříže;katastr
Nezdřev;Nezdřev;katastr
Líšná u Zbiroha;Líšná u Zbiroha;katastr
Studená u Chříče;Studená u Chříče;katastr
Olbramovice u Moravského Krumlova;Olbramovice u Moravského Krumlova;katastr
Jakubčovice;Jakubčovice;katastr
Medlice u Budišova nad Budišovkou;Medlice u Budišova nad Budišovkou;katastr
Kerhartice u Budišova nad Budišovkou;Kerhartice u Budišova nad Budišovkou;katastr
Hořejší Kunčice;Hořejší Kunčice;katastr
Neplachovice;Neplachovice;katastr
Kamenec;Kamenec;katastr
Hněvošice;Hněvošice;katastr
Darkovičky;Darkovičky;katastr
Hlučín;Hlučín;katastr
Chabičov ve Slezsku;Chabičov ve Slezsku;katastr
Filipovice;Filipovice;katastr
Dolní Životice;Dolní Životice;katastr
Čermná ve Slezsku;Čermná ve Slezsku;katastr
Studnice u Jívky;Studnice u Jívky;katastr
Jívka;Jívka;katastr
Javorník v Krkonoších;Javorník v Krkonoších;katastr
Rožnov;Rožnov;katastr
Neznášov;Neznášov;katastr
Šeřeč;Šeřeč;katastr
Kleny;Kleny;katastr
Velká Ledhuje;Velká Ledhuje;katastr
Pěkov;Pěkov;katastr
Hony;Hony;katastr
Pavlišov;Pavlišov;katastr
Dlouhé;Dlouhé;katastr
Spy;Spy;katastr
Hořepník;Hořepník;katastr
Hojanovice;Hojanovice;katastr
Eš;Eš;katastr
Dubovice;Dubovice;katastr
Vlkosovice;Vlkosovice;katastr
Horní Ves;Horní Ves;katastr
Horní Cerekev;Horní Cerekev;katastr
Kateřinice;Kateřinice;katastr
Polná u Českého Krumlova;Polná u Českého Krumlova;katastr
Kapličky;Kapličky;katastr
Svatomírov;Svatomírov;katastr
Věžovatá Pláně;Věžovatá Pláně;katastr
Štěkře;Štěkře;katastr
Měděnec;Měděnec;katastr
Horní Halže;Horní Halže;katastr
Háj u Loučné pod Klínovcem;Háj u Loučné pod Klínovcem;katastr
Kundratice u Chomutova;Kundratice u Chomutova;katastr
Stráž u Křimova;Stráž u Křimova;katastr
Menhartice u Křimova;Menhartice u Křimova;katastr
Strážky u Křimova;Strážky u Křimova;katastr
Křelovice u Pernarce;Křelovice u Pernarce;katastr
Trhomné;Trhomné;katastr
Konice u Mašťova;Konice u Mašťova;katastr
Krašovice u Plzně;Krašovice u Plzně;katastr
Kozolupy u Plzně;Kozolupy u Plzně;katastr
Popovice u Chrančovic;Popovice u Chrančovic;katastr
Lindava;Lindava;katastr
Kamenická Stráň;Kamenická Stráň;katastr
Dobříň;Dobříň;katastr
Horní Světlá pod Luží;Horní Světlá pod Luží;katastr
Kravaře v Čechách;Kravaře v Čechách;katastr
Korce;Korce;katastr
Skalka u Blíževedel;Skalka u Blíževedel;katastr
Malé Poříčí;Malé Poříčí;katastr
Bražec;Bražec;katastr
Běloves;Běloves;katastr
Nahořany nad Metují;Nahořany nad Metují;katastr
Vižňov;Vižňov;katastr
Meziměstí;Meziměstí;katastr
Velká Chmelná;Velká Chmelná;katastr
Malá Chmelná;Malá Chmelná;katastr
Tedražice;Tedražice;katastr
Drouhavec;Drouhavec;katastr
Mokřany;Mokřany;katastr
Bytíz;Bytíz;katastr
Zvíkov;Zvíkov;katastr
Suchá u Hlavňovic;Suchá u Hlavňovic;katastr
Milínov;Milínov;katastr
Pích;Pích;katastr
Čeletice;Čeletice;katastr
Vatětice;Vatětice;katastr
Chlum u Hartmanic;Chlum u Hartmanic;katastr
Újezdec;Újezdec;katastr
Petrovice I;Petrovice I;katastr
Paběnice;Paběnice;katastr
Pertoltice u Zruče nad Sázavou;Pertoltice u Zruče nad Sázavou;katastr
Milanovice;Milanovice;katastr
Chlístovice u Pertoltic;Chlístovice u Pertoltic;katastr
Dolní Pohleď;Dolní Pohleď;katastr
Soběšín;Soběšín;katastr
Ježovice;Ježovice;katastr
Rozkoš u Onomyšle;Rozkoš u Onomyšle;katastr
Onomyšl;Onomyšl;katastr
Janovická Lhota;Janovická Lhota;katastr
Tupadly u Čáslavi;Tupadly u Čáslavi;katastr
Vacanovice;Vacanovice;katastr
Bolíkovice;Bolíkovice;katastr
Žopy;Žopy;katastr
Žeranovice;Žeranovice;katastr
Brníčko;Brníčko;katastr
Javorovec;Javorovec;katastr
Medlovice u Uherského Hradiště;Medlovice u Uherského Hradiště;katastr
Jančí;Jančí;katastr
Velehrad;Velehrad;katastr
Uherský Ostroh;Uherský Ostroh;katastr
Tučapy;Tučapy;katastr
Stříbrnice u Uherského Hradiště;Stříbrnice u Uherského Hradiště;katastr
Markvarec;Markvarec;katastr
Defurovy Lažany;Defurovy Lažany;katastr
Modletice;Modletice;katastr
Malý Pěčín;Malý Pěčín;katastr
Lipolec;Lipolec;katastr
Županovice u Dešné;Županovice u Dešné;katastr
Bělčovice;Bělčovice;katastr
Chlumec u Dačic;Chlumec u Dačic;katastr
Hříšice;Hříšice;katastr
Vracov u Číhaně;Vracov u Číhaně;katastr
Horní Pole;Horní Pole;katastr
Horní Bolíkov;Horní Bolíkov;katastr
Heřmaneč;Heřmaneč;katastr
Mrákotín u Skutče;Mrákotín u Skutče;katastr
Martinice u Velkého Meziříčí;Martinice u Velkého Meziříčí;katastr
Lavičky;Lavičky;katastr
Kundratice u Křižanova;Kundratice u Křižanova;katastr
Kozlov u Křižanova;Kozlov u Křižanova;katastr
Jindřichov u Velké Bíteše;Jindřichov u Velké Bíteše;katastr
Závist u Velkého Meziříčí;Závist u Velkého Meziříčí;katastr
Jabloňov u Velkého Meziříčí;Jabloňov u Velkého Meziříčí;katastr
Hrbov u Velkého Meziříčí;Hrbov u Velkého Meziříčí;katastr
Horní Radslavice;Horní Radslavice;katastr
Horní Libochová;Horní Libochová;katastr
Holubí Zhoř;Holubí Zhoř;katastr
Heřmanov u Křižanova;Heřmanov u Křižanova;katastr
Javoříčko;Javoříčko;katastr
Kochavec;Kochavec;katastr
Horní Lhota u Luhačovic;Horní Lhota u Luhačovic;katastr
Haluzice;Haluzice;katastr
Bylnice;Bylnice;katastr
Brumov;Brumov;katastr
Vlachova Lhota;Vlachova Lhota;katastr
Šanov;Šanov;katastr
Slopné;Slopné;katastr
Suchonice;Suchonice;katastr
Valašské Klobouky;Valašské Klobouky;katastr
Študlov;Študlov;katastr
Nenkovice;Nenkovice;katastr
Starý Kramolín;Starý Kramolín;katastr
Smolov u Domažlic;Smolov u Domažlic;katastr
Nové Dvory u Močerad;Nové Dvory u Močerad;katastr
Hvožďany u Poběžovic;Hvožďany u Poběžovic;katastr
Mezholezy u Černíkova;Mezholezy u Černíkova;katastr
Mračnice;Mračnice;katastr
Zichov;Zichov;katastr
Hluboká u Kdyně;Hluboká u Kdyně;katastr
Chrastavice;Chrastavice;katastr
Chodov u Domažlic;Chodov u Domažlic;katastr
Maxov;Maxov;katastr
Horoušany u Hostouně;Horoušany u Hostouně;katastr
Horšov;Horšov;katastr
Holovousy v Podkrkonoší;Holovousy v Podkrkonoší;katastr
Pařezská Lhota;Pařezská Lhota;katastr
Hlásná Lhota u Jičína;Hlásná Lhota u Jičína;katastr
Březina u Jičína;Březina u Jičína;katastr
Střezetice;Střezetice;katastr
Drahoraz;Drahoraz;katastr
Doubrava;Doubrava;katastr
Domoslavice;Domoslavice;katastr
Dolní Černůtky;Dolní Černůtky;katastr
Dětenice;Dětenice;katastr
Brodek;Brodek;katastr
Češov;Češov;katastr
Červená Třemešná;Červená Třemešná;katastr
Bonětice;Bonětice;katastr
Lišany u Žatce;Lišany u Žatce;katastr
Drahomyšl;Drahomyšl;katastr
Jinačovice;Jinačovice;katastr
Chodouň;Chodouň;katastr
Skláře u Mnichova;Skláře u Mnichova;katastr
Kyselka u Hradiště;Kyselka u Hradiště;katastr
Vojkovice u Hradiště II;Vojkovice u Hradiště II;katastr
Stráž u Hradiště I;Stráž u Hradiště I;katastr
Doupovské Hradiště;Doupovské Hradiště;katastr
Podbořanský Rohozec u Hradiště II;Podbořanský Rohozec u Hradiště II;katastr
Bražec u Doupova;Bražec u Doupova;katastr
Albeřice u Hradiště;Albeřice u Hradiště;katastr
Strážov na Šumavě;Strážov na Šumavě;katastr
Újezd;Újezd;katastr
Opálka;Opálka;katastr
Lehom;Lehom;katastr
Krotějov;Krotějov;katastr
Předslav;Předslav;katastr
Měcholupy u Předslavi;Měcholupy u Předslavi;katastr
Loučim;Loučim;katastr
Kvíčovice;Kvíčovice;katastr
Semošice;Semošice;katastr
Křenovy;Křenovy;katastr
Dolní Neděliště;Dolní Neděliště;katastr
Koloveč;Koloveč;katastr
Vysoká u Malé Moravy;Vysoká u Malé Moravy;katastr
Sklené u Malé Moravy;Sklené u Malé Moravy;katastr
Lounky;Lounky;katastr
Litochovice nad Labem;Litochovice nad Labem;katastr
Libotenice;Libotenice;katastr
Libochovice;Libochovice;katastr
Libkovice pod Řípem;Libkovice pod Řípem;katastr
Liběšice u Litoměřic;Liběšice u Litoměřic;katastr
Čečovice;Čečovice;katastr
Lhotka nad Labem;Lhotka nad Labem;katastr
Muckov;Muckov;katastr
Kyškovice;Kyškovice;katastr
Brzánky;Brzánky;katastr
Dolní Bolíkov-Rubašov;Dolní Bolíkov-Rubašov;katastr
Volfířov;Volfířov;katastr
Služetín u Bezvěrova;Služetín u Bezvěrova;katastr
Kočín u Kralovic;Kočín u Kralovic;katastr
Vnorovice;Vnorovice;katastr
Velký Pěčín;Velký Pěčín;katastr
Střítež u Malonic;Střítež u Malonic;katastr
Malonice;Malonice;katastr
Kolinec;Kolinec;katastr
Žlíbek;Žlíbek;katastr
Lídlovy Dvory;Lídlovy Dvory;katastr
Kavrlík;Kavrlík;katastr
Červená u Kašperských Hor;Červená u Kašperských Hor;katastr
Orlovice;Orlovice;katastr
Filipová;Filipová;katastr
Vyšehorky;Vyšehorky;katastr
Nové Sady;Nové Sady;katastr
Luleč;Luleč;katastr
Lovčičky;Lovčičky;katastr
Vlasatice;Vlasatice;katastr
Popovice u Rajhradu;Popovice u Rajhradu;katastr
Ponětovice;Ponětovice;katastr
Podolí u Brna;Podolí u Brna;katastr
Maňová;Maňová;katastr
Jilmoví;Jilmoví;katastr
Ješetice;Ješetice;katastr
Javorník u Vlašimi;Javorník u Vlašimi;katastr
Chotýšany;Chotýšany;katastr
Choratice;Choratice;katastr
Vlkovec;Vlkovec;katastr
Chlístov u Benešova;Chlístov u Benešova;katastr
Hořetice;Hořetice;katastr
Dubějovice;Dubějovice;katastr
Božkovice;Božkovice;katastr
Hrazená Lhota;Hrazená Lhota;katastr
Přísečná;Přísečná;katastr
Lověšice;Lověšice;katastr
Přídolí;Přídolí;katastr
Lísky;Lísky;katastr
Kostelany;Kostelany;katastr
Těšnovice;Těšnovice;katastr
Hulín;Hulín;katastr
Hoštice u Litenčic;Hoštice u Litenčic;katastr
Cetechovice;Cetechovice;katastr
Sobělice;Sobělice;katastr
Vrbice u Velkých Pavlovic;Vrbice u Velkých Pavlovic;katastr
Velké Pavlovice;Velké Pavlovice;katastr
Velké Hostěrádky;Velké Hostěrádky;katastr
Uherčice u Hustopečí;Uherčice u Hustopečí;katastr
Blišice;Blišice;katastr
Šakvice;Šakvice;katastr
Bušanovice;Bušanovice;katastr
Bořanovice u Vimperka;Bořanovice u Vimperka;katastr
Hradčany u Čkyně;Hradčany u Čkyně;katastr
Hlásná Lhota;Hlásná Lhota;katastr
Budilov;Budilov;katastr
Bohumilice v Čechách;Bohumilice v Čechách;katastr
Milešice;Milešice;katastr
Chlum u Volar;Chlum u Volar;katastr
Vitějovice;Vitějovice;katastr
Výškovice u Vimperka;Výškovice u Vimperka;katastr
Svinná u Stříbra;Svinná u Stříbra;katastr
Butov;Butov;katastr
Újezd pod Přimdou;Újezd pod Přimdou;katastr
Slivenec;Slivenec;katastr
Seč u Blovic;Seč u Blovic;katastr
Sedlec u Žebráku;Sedlec u Žebráku;katastr
Střeziměř;Střeziměř;katastr
Hloubětín;Hloubětín;katastr
Vlčice u Javorníka;Vlčice u Javorníka;katastr
Hejnice u Žamberka;Hejnice u Žamberka;katastr
Trnová u Tachova;Trnová u Tachova;katastr
Mariánské Lázně;Mariánské Lázně;katastr
Budkovice;Budkovice;katastr
Předměstí u Města Libavá;Předměstí u Města Libavá;katastr
Dřemovice u Města Libavá;Dřemovice u Města Libavá;katastr
Zvířetice;Zvířetice;katastr
Řehlovice;Řehlovice;katastr
Řetouň;Řetouň;katastr
Roudníky;Roudníky;katastr
Roztoky nad Labem;Roztoky nad Labem;katastr
Povrly;Povrly;katastr
Krásné Březno;Krásné Březno;katastr
Mašovice pod Vysokým kamenem;Mašovice pod Vysokým kamenem;katastr
Dolní Litvínov;Dolní Litvínov;katastr
Petrovice u Chabařovic;Petrovice u Chabařovic;katastr
Neštěmice;Neštěmice;katastr
Mojžíř;Mojžíř;katastr
Němčí u Malečova;Němčí u Malečova;katastr
Kojetice u Malečova;Kojetice u Malečova;katastr
Merklín u Karlových Var;Merklín u Karlových Var;katastr
Kozlov;Kozlov;katastr
Kostrčany;Kostrčany;katastr
Smilov u Štědré;Smilov u Štědré;katastr
Háje u Karlových Var;Háje u Karlových Var;katastr
Horní Žďár u Ostrova;Horní Žďár u Ostrova;katastr
Neznašovy;Neznašovy;katastr
Velký Bor u Horažďovic;Velký Bor u Horažďovic;katastr
Jetenovice;Jetenovice;katastr
Újezd u Plánice;Újezd u Plánice;katastr
Mlýnské Struhadlo;Mlýnské Struhadlo;katastr
Týnec u Janovic nad Úhlavou;Týnec u Janovic nad Úhlavou;katastr
Klenová;Klenová;katastr
Nepomuk v Brdech;Nepomuk v Brdech;katastr
Borovno v Brdech;Borovno v Brdech;katastr
Číčov v Brdech;Číčov v Brdech;katastr
Trokavec v Brdech;Trokavec v Brdech;katastr
Skořice v Brdech;Skořice v Brdech;katastr
Štítov v Brdech;Štítov v Brdech;katastr
Mirošov v Brdech;Mirošov v Brdech;katastr
Láz v Brdech;Láz v Brdech;katastr
Strašice v Brdech;Strašice v Brdech;katastr
Jince v Brdech;Jince v Brdech;katastr
Těně v Brdech;Těně v Brdech;katastr
Lážovice;Lážovice;katastr
Dobřív v Brdech;Dobřív v Brdech;katastr
Bor u Sedlčan;Bor u Sedlčan;katastr
Nečín;Nečín;katastr
Narysov;Narysov;katastr
Nalžovice;Nalžovice;katastr
Milín;Milín;katastr
Střemy;Střemy;katastr
Tajná;Tajná;katastr
Kadlín;Kadlín;katastr
Vrchovnice;Vrchovnice;katastr
Skramouš;Skramouš;katastr
Řepín;Řepín;katastr
Horní Dohalice;Horní Dohalice;katastr
Přívory;Přívory;katastr
Třebušice;Třebušice;katastr
Velebudice;Velebudice;katastr
Volevčice;Volevčice;katastr
Patokryje;Patokryje;katastr
Mníšek v Krušných horách;Mníšek v Krušných horách;katastr
Mikulovice v Krušných horách;Mikulovice v Krušných horách;katastr
Meziboří u Litvínova;Meziboří u Litvínova;katastr
Mariánské Radčice;Mariánské Radčice;katastr
Svinčice;Svinčice;katastr
Lužice u Mostu;Lužice u Mostu;katastr
Lom u Mostu;Lom u Mostu;katastr
České Zlatníky;České Zlatníky;katastr
Louka u Litvínova;Louka u Litvínova;katastr
Sušice nad Otavou;Sušice nad Otavou;katastr
Dolní Staňkov;Dolní Staňkov;katastr
Vchynice-Tetov I;Vchynice-Tetov I;katastr
Soběšice u Sušice;Soběšice u Sušice;katastr
Svojšice u Sušice;Svojšice u Sušice;katastr
Humpolec u Sušice;Humpolec u Sušice;katastr
Rozsedly;Rozsedly;katastr
Zhůří u Rejštejna;Zhůří u Rejštejna;katastr
Bukovník;Bukovník;katastr
Javorná u Polomu;Javorná u Polomu;katastr
Zhůří;Zhůří;katastr
Debrník u Železné Rudy;Debrník u Železné Rudy;katastr
Železná Ruda;Železná Ruda;katastr
Mramotice;Mramotice;katastr
Rokytná;Rokytná;katastr
Morašice;Morašice;katastr
Milíčovice;Milíčovice;katastr
Mackovice;Mackovice;katastr
Lubnice;Lubnice;katastr
Lechovice;Lechovice;katastr
Lančov;Lančov;katastr
Milokošť;Milokošť;katastr
Medlice;Medlice;katastr
Velká nad Veličkou;Velká nad Veličkou;katastr
Suchov;Suchov;katastr
Rohatec;Rohatec;katastr
Luby;Luby;katastr
Slavonice;Slavonice;katastr
Slaný;Slaný;katastr
Sazená;Sazená;katastr
Třebín;Třebín;katastr
Šach;Šach;katastr
Čeradice u Pálečku;Čeradice u Pálečku;katastr
Kamenný Most;Kamenný Most;katastr
Libovice u Slaného;Libovice u Slaného;katastr
Přelíc;Přelíc;katastr
Dvořiště;Dvořiště;katastr
Oškobrh;Oškobrh;katastr
Opolany;Opolany;katastr
Janovice u Frýdku-Místku;Janovice u Frýdku-Místku;katastr
Horní Tošanovice;Horní Tošanovice;katastr
Horní Domaslavice;Horní Domaslavice;katastr
Panské Nové Dvory;Panské Nové Dvory;katastr
Frýdek;Frýdek;katastr
Kocurovice;Kocurovice;katastr
Dolní Tošanovice;Dolní Tošanovice;katastr
Dolní Domaslavice;Dolní Domaslavice;katastr
Dobratice;Dobratice;katastr
Kunčičky u Bašky;Kunčičky u Bašky;katastr
Chlístov u Železného Brodu;Chlístov u Železného Brodu;katastr
Hrubá Horka;Hrubá Horka;katastr
Zlatá Olešnice Navarovská;Zlatá Olešnice Navarovská;katastr
Cerekvice nad Bystřicí;Cerekvice nad Bystřicí;katastr
Dolní Hraničná;Dolní Hraničná;katastr
Vackov;Vackov;katastr
Vysočany u Ovesných Kladrub;Vysočany u Ovesných Kladrub;katastr
Sedčice;Sedčice;katastr
Přívlaky;Přívlaky;katastr
Přední Poříčí;Přední Poříčí;katastr
Cetyně;Cetyně;katastr
Bukovany u Kozárovic;Bukovany u Kozárovic;katastr
Buková u Příbramě;Buková u Příbramě;katastr
Březové Hory;Březové Hory;katastr
Ostrov u Ouběnic;Ostrov u Ouběnic;katastr
Křemenice;Křemenice;katastr
Bláhov;Bláhov;katastr
Habrovice;Habrovice;katastr
Moravany u Dubic;Moravany u Dubic;katastr
Dolní Zálezly;Dolní Zálezly;katastr
Božtěšice;Božtěšice;katastr
Chlumec u Chabařovic;Chlumec u Chabařovic;katastr
Hrdlovka;Hrdlovka;katastr
Žalany;Žalany;katastr
Rýdeč;Rýdeč;katastr
Újezdeček;Újezdeček;katastr
Jedovnice;Jedovnice;katastr
Holštejn;Holštejn;katastr
Klemov;Klemov;katastr
Osek u Rokycan;Osek u Rokycan;katastr
Telčice;Telčice;katastr
Božičany;Božičany;katastr
Ryžovna;Ryžovna;katastr
Ostrov u Březové;Ostrov u Březové;katastr
Branice;Branice;katastr
Bor u Karlových Var;Bor u Karlových Var;katastr
Kosmová;Kosmová;katastr
Komárov u Štědré;Komárov u Štědré;katastr
Rudolec u Březové;Rudolec u Březové;katastr
Kolová;Kolová;katastr
Drahovice;Drahovice;katastr
Hrudkov;Hrudkov;katastr
Velké Strážné;Velké Strážné;katastr
Všeměry-Zátoň;Všeměry-Zátoň;katastr
Větřní;Větřní;katastr
Hašlovice;Hašlovice;katastr
Dvořetín;Dvořetín;katastr
Svéraz;Svéraz;katastr
Bratkovice;Bratkovice;katastr
Borotice;Borotice;katastr
Uhlíkov u Českého Krumlova;Uhlíkov u Českého Krumlova;katastr
Bor u Březnice;Bor u Březnice;katastr
Bohutín;Bohutín;katastr
Polerady;Polerady;katastr
Staré Město nad Metují;Staré Město nad Metují;katastr
Babí u Náchoda;Babí u Náchoda;katastr
Městec;Městec;katastr
Martinice u Skutče;Martinice u Skutče;katastr
Zdislav;Zdislav;katastr
Lukavice;Lukavice;katastr
Nové Lhotice;Nové Lhotice;katastr
Licibořice;Licibořice;katastr
Křižanovice;Křižanovice;katastr
Lhota u Chroustovic;Lhota u Chroustovic;katastr
Jetonice;Jetonice;katastr
Lešany;Lešany;katastr
Polánka;Polánka;katastr
Černín u Lukavce;Černín u Lukavce;katastr
Perknov;Perknov;katastr
Habry;Habry;katastr
Chvalovice u Nymburka;Chvalovice u Nymburka;katastr
Dobeš;Dobeš;katastr
Rochov;Rochov;katastr
Obrvaň;Obrvaň;katastr
Habrek;Habrek;katastr
Římovice;Římovice;katastr
Kněžice u Podbořan;Kněžice u Podbořan;katastr
Kaštice;Kaštice;katastr
Veletice;Veletice;katastr
Lužec;Lužec;katastr
Valeč u Hrotovic;Valeč u Hrotovic;katastr
Řípov;Řípov;katastr
Třebenice na Moravě;Třebenice na Moravě;katastr
Plešice;Plešice;katastr
Štěměchy;Štěměchy;katastr
Kojatín;Kojatín;katastr
Svatoslav u Třebíče;Svatoslav u Třebíče;katastr
Studenec u Třebíče;Studenec u Třebíče;katastr
Stařeč;Stařeč;katastr
Lhota u Konice;Lhota u Konice;katastr
Dešná;Dešná;katastr
Bousín;Bousín;katastr
Želeč na Hané;Želeč na Hané;katastr
Bohostice;Bohostice;katastr
Černov;Černov;katastr
Cebiv;Cebiv;katastr
Útvina;Útvina;katastr
Sedlo u Toužimi;Sedlo u Toužimi;katastr
Třebouň;Třebouň;katastr
Štědrá;Štědrá;katastr
Mostec;Mostec;katastr
Lažany u Štědré;Lažany u Štědré;katastr
Radyně;Radyně;katastr
Lachovice;Lachovice;katastr
Pulovice;Pulovice;katastr
Žalmanov;Žalmanov;katastr
Nemanice;Nemanice;katastr
Kohoutov u Ždírce nad Doubravou;Kohoutov u Ždírce nad Doubravou;katastr
Zdislavice u Herálce;Zdislavice u Herálce;katastr
Vrbka u Ledče nad Sázavou;Vrbka u Ledče nad Sázavou;katastr
Sychrov u Ledče nad Sázavou;Sychrov u Ledče nad Sázavou;katastr
Vilémovice u Ledče nad Sázavou;Vilémovice u Ledče nad Sázavou;katastr
Zvěstovice;Zvěstovice;katastr
Zhoř u Vilémova;Zhoř u Vilémova;katastr
Heřmanice u Vilémova;Heřmanice u Vilémova;katastr
Veselý Žďár;Veselý Žďár;katastr
Klášter u Vilémova;Klášter u Vilémova;katastr
Miřátky;Miřátky;katastr
Úsobí;Úsobí;katastr
Chodeč u Mělníka;Chodeč u Mělníka;katastr
Bosyně;Bosyně;katastr
Vraňany;Vraňany;katastr
Popovec u Zběšiček;Popovec u Zběšiček;katastr
Velký Újezd u Chorušic;Velký Újezd u Chorušic;katastr
Choroušky;Choroušky;katastr
Horní Počaply;Horní Počaply;katastr
Dřínov;Dřínov;katastr
Debrno;Debrno;katastr
Střezivojice;Střezivojice;katastr
Jestřebice u Kokořína;Jestřebice u Kokořína;katastr
Zahájí u Chorušic;Zahájí u Chorušic;katastr
Kovářovice;Kovářovice;katastr
Pasohlávky;Pasohlávky;katastr
Ostrovačice;Ostrovačice;katastr
Ostopovice;Ostopovice;katastr
Omice;Omice;katastr
Litava;Litava;katastr
Řikonín;Řikonín;katastr
Pihel;Pihel;katastr
Žibřidice;Žibřidice;katastr
Všelibice;Všelibice;katastr
Březová u Všelibic;Březová u Všelibic;katastr
Horní Vítkov;Horní Vítkov;katastr
Zavidov;Zavidov;katastr
Vesec u Liberce;Vesec u Liberce;katastr
Malá Turná;Malá Turná;katastr
Sloučín;Sloučín;katastr
Koclov;Koclov;katastr
Slaník;Slaník;katastr
Marčovice;Marčovice;katastr
Makarov;Makarov;katastr
Černětice;Černětice;katastr
Benešov nad Ploučnicí;Benešov nad Ploučnicí;katastr
Předmíř;Předmíř;katastr
Dřevčice;Dřevčice;katastr
Domašice;Domašice;katastr
Lada;Lada;katastr
Dolní Libchava;Dolní Libchava;katastr
Popovice nad Rokytnou;Popovice nad Rokytnou;katastr
Jaroměřice nad Rokytnou;Jaroměřice nad Rokytnou;katastr
Krokočín;Krokočín;katastr
Horní Újezd u Třebíče;Horní Újezd u Třebíče;katastr
Horní Heřmanice;Horní Heřmanice;katastr
Heraltice;Heraltice;katastr
Chlístov u Rokytnice nad Rokytnou;Chlístov u Rokytnice nad Rokytnou;katastr
Hartvíkovice;Hartvíkovice;katastr
Dolní Vilémovice;Dolní Vilémovice;katastr
Dalešice;Dalešice;katastr
Číměř nad Jihlavou;Číměř nad Jihlavou;katastr
Čikov;Čikov;katastr
Brtnický Číchov;Brtnický Číchov;katastr
Čečelice;Čečelice;katastr
Jenišovice u Mělníka;Jenišovice u Mělníka;katastr
Daminěves;Daminěves;katastr
Truskavna;Truskavna;katastr
Hraběšín;Hraběšín;katastr
Horka nad Sázavou;Horka nad Sázavou;katastr
Lipina u Zruče nad Sázavou;Lipina u Zruče nad Sázavou;katastr
Semtěš u Bílého Podolí;Semtěš u Bílého Podolí;katastr
Předbořice;Předbořice;katastr
Třebešice;Třebešice;katastr
Církvice u Kutné Hory;Církvice u Kutné Hory;katastr
Štipoklasy u Černín;Štipoklasy u Černín;katastr
Prostřední Ves;Prostřední Ves;katastr
Zábrdovice u Křince;Zábrdovice u Křince;katastr
Pojedy;Pojedy;katastr
Hrubý Jeseník;Hrubý Jeseník;katastr
Krchleby u Nymburka;Krchleby u Nymburka;katastr
Kounice;Kounice;katastr
Sovolusky u Košíku;Sovolusky u Košíku;katastr
Vlkov pod Oškobrhem;Vlkov pod Oškobrhem;katastr
Záhornice u Městce Králové;Záhornice u Městce Králové;katastr
Kouty u Poděbrad;Kouty u Poděbrad;katastr
Vrbice u Poděbrad;Vrbice u Poděbrad;katastr
Vrbová Lhota;Vrbová Lhota;katastr
Střihov;Střihov;katastr
Kamilov;Kamilov;katastr
Křtěnovice;Křtěnovice;katastr
Turovec;Turovec;katastr
Stěžery;Stěžery;katastr
Hartvíkov;Hartvíkov;katastr
Jirkov;Jirkov;katastr
Chomutov I;Chomutov I;katastr
Hora Svatého Šebestiána;Hora Svatého Šebestiána;katastr
Podmilesy;Podmilesy;katastr
Petlery;Petlery;katastr
Holetice;Holetice;katastr
Denětice;Denětice;katastr
Pyšná;Pyšná;katastr
Orasín;Orasín;katastr
Krašovice;Krašovice;katastr
Běřín;Běřín;katastr
Řeplice;Řeplice;katastr
Kotoučov;Kotoučov;katastr
Dvorecko;Dvorecko;katastr
Zaříčany;Zaříčany;katastr
Bílé Podolí;Bílé Podolí;katastr
Vernýřov;Vernýřov;katastr
Kralice;Kralice;katastr
Kácov;Kácov;katastr
Chabeřice;Chabeřice;katastr
Chřenovice;Chřenovice;katastr
Utín;Utín;katastr
Radčice;Radčice;katastr
Rejdice;Rejdice;katastr
Střevelná;Střevelná;katastr
Úhošťany;Úhošťany;katastr
Přísečnice;Přísečnice;katastr
Loučná pod Klínovcem;Loučná pod Klínovcem;katastr
Jindřišská;Jindřišská;katastr
Bílence;Bílence;katastr
Pavlov u Vernéřova;Pavlov u Vernéřova;katastr
Skalka u Kyjova;Skalka u Kyjova;katastr
Koryta;Koryta;katastr
Dynín;Dynín;katastr
Dobšice u Týna nad Vltavou;Dobšice u Týna nad Vltavou;katastr
Dobrá Voda u Českých Budějovic;Dobrá Voda u Českých Budějovic;katastr
Zahorčičky;Zahorčičky;katastr
Soběsuky u Nepomuka;Soběsuky u Nepomuka;katastr
Radošice;Radošice;katastr
Prádlo;Prádlo;katastr
Podhůří u Nepomuka;Podhůří u Nepomuka;katastr
Partoltice;Partoltice;katastr
Nová Ves u Nepomuka;Nová Ves u Nepomuka;katastr
Nepomuk;Nepomuk;katastr
Mohelnice u Nepomuka;Mohelnice u Nepomuka;katastr
Čmelíny;Čmelíny;katastr
Březín;Březín;katastr
Mrtník;Mrtník;katastr
Mladotice;Mladotice;katastr
Černá Hať;Černá Hať;katastr
Luková u Manětína;Luková u Manětína;katastr
Vladměřice;Vladměřice;katastr
Lipí u Manětína;Lipí u Manětína;katastr
Lednice;Lednice;katastr
Hromnice;Hromnice;katastr
Lovětín u Třešti;Lovětín u Třešti;katastr
Rytířsko;Rytířsko;katastr
Hrbov;Hrbov;katastr
Malešovice;Malešovice;katastr
Kostelec na Hané;Kostelec na Hané;katastr
Konice;Konice;katastr
Kladky;Kladky;katastr
Babolky;Babolky;katastr
Klužínek;Klužínek;katastr
Hrubčice;Hrubčice;katastr
Hradčany u Prostějova;Hradčany u Prostějova;katastr
Staré Purkartice;Staré Purkartice;katastr
Němčice nad Hanou;Němčice nad Hanou;katastr
Kralice na Hané;Kralice na Hané;katastr
Hošťálkovy;Hošťálkovy;katastr
Spálené;Spálené;katastr
Křížová ve Slezsku;Křížová ve Slezsku;katastr
Horní Povelice;Horní Povelice;katastr
Jelení u Holčovic;Jelení u Holčovic;katastr
Holčovice;Holčovice;katastr
Dlouhá Ves;Dlouhá Ves;katastr
Heřmanovice;Heřmanovice;katastr
Dolní Povelice;Dolní Povelice;katastr
Dívčí Hrad;Dívčí Hrad;katastr
Radim u Brantic;Radim u Brantic;katastr
Brantice;Brantice;katastr
Karlov u Bohušova;Karlov u Bohušova;katastr
Dlouhá Voda;Dlouhá Voda;katastr
Hrozová;Hrozová;katastr
Běhařovice;Běhařovice;katastr
Velešovice;Velešovice;katastr
Holubice;Holubice;katastr
Královopolské Vážany;Královopolské Vážany;katastr
Vážany u Vyškova;Vážany u Vyškova;katastr
Jirkov u Železného Brodu;Jirkov u Železného Brodu;katastr
Švábenice;Švábenice;katastr
Studnice u Vyškova;Studnice u Vyškova;katastr
Blanné;Blanné;katastr
Úhořilka;Úhořilka;katastr
Zbožice;Zbožice;katastr
Knyk;Knyk;katastr
Homole u Nechalova;Homole u Nechalova;katastr
Radeč u Nedrahovic;Radeč u Nedrahovic;katastr
Nová Ves pod Pleší;Nová Ves pod Pleší;katastr
Nesvačily pod Třemšínem;Nesvačily pod Třemšínem;katastr
Kamenice u Nedrahovic;Kamenice u Nedrahovic;katastr
Žebrák u Nečína;Žebrák u Nečína;katastr
Lipiny;Lipiny;katastr
Nalžovické Podhájí;Nalžovické Podhájí;katastr
Okrouhlá u Chebu;Okrouhlá u Chebu;katastr
Nedrahovické Podhájí;Nedrahovické Podhájí;katastr
Pňovice pod Třemšínem;Pňovice pod Třemšínem;katastr
Vilasova Lhota;Vilasova Lhota;katastr
Petrovice u Sedlčan;Petrovice u Sedlčan;katastr
Skrbovice;Skrbovice;katastr
Javorek;Javorek;katastr
Hodíškov;Hodíškov;katastr
Hlinné;Hlinné;katastr
Kocanda;Kocanda;katastr
Poděšín;Poděšín;katastr
Vysoké;Vysoké;katastr
Počítky;Počítky;katastr
Pavlov;Pavlov;katastr
Ostrov nad Oslavou;Ostrov nad Oslavou;katastr
Nové Město na Moravě;Nové Město na Moravě;katastr
Špinov;Špinov;katastr
Nížkov;Nížkov;katastr
Miškovice u Kouřimi;Miškovice u Kouřimi;katastr
Toušice;Toušice;katastr
Tatce;Tatce;katastr
Poboří;Poboří;katastr
Borečnice;Borečnice;katastr
Čimelice;Čimelice;katastr
Cerhonice;Cerhonice;katastr
Ohař;Ohař;katastr
Zběšice;Zběšice;katastr
Bilinka;Bilinka;katastr
Údraž;Údraž;katastr
Řečice u Humpolce;Řečice u Humpolce;katastr
Pravíkov;Pravíkov;katastr
Tytry;Tytry;katastr
Třeboc;Třeboc;katastr
Bácovice;Bácovice;katastr
Šípy;Šípy;katastr
Sýkořice;Sýkořice;katastr
Svojetín;Svojetín;katastr
Srbeč;Srbeč;katastr
Slabce;Slabce;katastr
Skupá;Skupá;katastr
Senomaty;Senomaty;katastr
Struhadlo;Struhadlo;katastr
Krakov;Krakov;katastr
Divišovice;Divišovice;katastr
Komárovice;Komárovice;katastr
Kelč-Nové Město;Kelč-Nové Město;katastr
Jasenice u Valašského Meziříčí;Jasenice u Valašského Meziříčí;katastr
Solanec pod Soláněm;Solanec pod Soláněm;katastr
Hutisko;Hutisko;katastr
Horní Bečva;Horní Bečva;katastr
Vysoká u Valašského Meziříčí;Vysoká u Valašského Meziříčí;katastr
Vigantice;Vigantice;katastr
Nebočady;Nebočady;katastr
Labská Stráň;Labská Stráň;katastr
Vojtanov;Vojtanov;katastr
Výspa;Výspa;katastr
Vysoká u Staré Vody;Vysoká u Staré Vody;katastr
Čepřovice;Čepřovice;katastr
Sudoměř u Čejetic;Sudoměř u Čejetic;katastr
Čečelovice;Čečelovice;katastr
Buzice;Buzice;katastr
Březí u Blatné;Březí u Blatné;katastr
Jindřichovice u Blatenky;Jindřichovice u Blatenky;katastr
Blatenka;Blatenka;katastr
Měkynec;Měkynec;katastr
Bezdědovice;Bezdědovice;katastr
Bělčice;Bělčice;katastr
Albrechtice;Albrechtice;katastr
Damnov;Damnov;katastr
Buková u Nových Hradů;Buková u Nových Hradů;katastr
Kozašice;Kozašice;katastr
Chýšť;Chýšť;katastr
Chvaletice;Chvaletice;katastr
Máslojedy;Máslojedy;katastr
Lužec nad Cidlinou;Lužec nad Cidlinou;katastr
Luková nad Cidlinou;Luková nad Cidlinou;katastr
Lodín;Lodín;katastr
Lišice;Lišice;katastr
Libřice;Libřice;katastr
Libníkovice;Libníkovice;katastr
Želí;Želí;katastr
Libčany;Libčany;katastr
Klášter nad Dědinou;Klášter nad Dědinou;katastr
Sudkov;Sudkov;katastr
Studená Loučka;Studená Loučka;katastr
Stajiště;Stajiště;katastr
Strupšín;Strupšín;katastr
Rokytnice u Přerova;Rokytnice u Přerova;katastr
Lověšice u Přerova;Lověšice u Přerova;katastr
Přerov;Přerov;katastr
Sobíšky;Sobíšky;katastr
Veltruby;Veltruby;katastr
Radslavice u Přerova;Radslavice u Přerova;katastr
Velké Chvalovice;Velké Chvalovice;katastr
Vítězov;Vítězov;katastr
Kojetice na Moravě;Kojetice na Moravě;katastr
Klučov;Klučov;katastr
Hrotovice;Hrotovice;katastr
Tvorovice;Tvorovice;katastr
Chlum nad Jihlavou;Chlum nad Jihlavou;katastr
Boňov;Boňov;katastr
Batouchovice;Batouchovice;katastr
Budíkovice;Budíkovice;katastr
Březník;Březník;katastr
Partutovice;Partutovice;katastr
Pulkov;Pulkov;katastr
Paršovice;Paršovice;katastr
Boňkov u Hranic;Boňkov u Hranic;katastr
Bohuslavice nad Moravou;Bohuslavice nad Moravou;katastr
Radomilov;Radomilov;katastr
Úblo;Úblo;katastr
Brumovice u Opavy;Brumovice u Opavy;katastr
Dolní Bohdíkov;Dolní Bohdíkov;katastr
Branka u Opavy;Branka u Opavy;katastr
Bohuslavice u Hlučína;Bohuslavice u Hlučína;katastr
Bohdanovice;Bohdanovice;katastr
Nové Oldřůvky;Nové Oldřůvky;katastr
Vlaštovičky;Vlaštovičky;katastr
Klokočov u Vítkova;Klokočov u Vítkova;katastr
Větřkovice u Vítkova;Větřkovice u Vítkova;katastr
Zakřany;Zakřany;katastr
Troubsko;Troubsko;katastr
Tišnovská Nová Ves;Tišnovská Nová Ves;katastr
Předklášteří;Předklášteří;katastr
Tetčice;Tetčice;katastr
Štěpánovice u Tišnova;Štěpánovice u Tišnova;katastr
Syrovice;Syrovice;katastr
Svatoslav u Tišnova;Svatoslav u Tišnova;katastr
Silůvky;Silůvky;katastr
Sentice;Sentice;katastr
Rozdrojovice;Rozdrojovice;katastr
Rosice u Brna;Rosice u Brna;katastr
Stanoviště na Moravě;Stanoviště na Moravě;katastr
Úhřetice;Úhřetice;katastr
Tuněchody;Tuněchody;katastr
Želkovice;Želkovice;katastr
Vysoký Újezd nad Dědinou;Vysoký Újezd nad Dědinou;katastr
Vysoká nad Labem;Vysoká nad Labem;katastr
Výrava;Výrava;katastr
Přestavlky;Přestavlky;katastr
Smidarská Lhota;Smidarská Lhota;katastr
Janovice u Vinar;Janovice u Vinar;katastr
Újezd u Hradce Králové;Újezd u Hradce Králové;katastr
Třebechovice pod Orebem;Třebechovice pod Orebem;katastr
Rosnice u Všestar;Rosnice u Všestar;katastr
Polánky nad Dědinou;Polánky nad Dědinou;katastr
Hrušovany u Chomutova;Hrušovany u Chomutova;katastr
Jilmová;Jilmová;katastr
Roztyly;Roztyly;katastr
Nová Ves u Křimova;Nová Ves u Křimova;katastr
Louchov;Louchov;katastr
České Hamry u Vejprt;České Hamry u Vejprt;katastr
Stranná u Nechranic;Stranná u Nechranic;katastr
Březno u Chomutova;Březno u Chomutova;katastr
Svahová;Svahová;katastr
Černovice u Chomutova;Černovice u Chomutova;katastr
Boleboř;Boleboř;katastr
Zákoutí;Zákoutí;katastr
Mezihoří u Chomutova;Mezihoří u Chomutova;katastr
Komárno;Komárno;katastr
Jankovice u Holešova;Jankovice u Holešova;katastr
Chomýž;Chomýž;katastr
Všetuly;Všetuly;katastr
Hlinsko pod Hostýnem;Hlinsko pod Hostýnem;katastr
Dobrotice;Dobrotice;katastr
Hrdá Ves;Hrdá Ves;katastr
Urbanov;Urbanov;katastr
Telč;Telč;katastr
Ludslavice;Ludslavice;katastr
Zvolenovice;Zvolenovice;katastr
Vápovice;Vápovice;katastr
Strachoňovice;Strachoňovice;katastr
Malý Uhřínov;Malý Uhřínov;katastr
Kunčina Ves u Zdobnice;Kunčina Ves u Zdobnice;katastr
Záměl;Záměl;katastr
Vyhnanice u Voděrad;Vyhnanice u Voděrad;katastr
Záhornice;Záhornice;katastr
Zádolí u Trnova;Zádolí u Trnova;katastr
Malhostice;Malhostice;katastr
Přítkov;Přítkov;katastr
Mackov;Mackov;katastr
Nová Ves u Oseka;Nová Ves u Oseka;katastr
Žichov;Žichov;katastr
Měrunice;Měrunice;katastr
Lysec;Lysec;katastr
Ratenice;Ratenice;katastr
Ratboř;Ratboř;katastr
Radovesnice II;Radovesnice II;katastr
Lipec;Lipec;katastr
Radovesnice I;Radovesnice I;katastr
Přišimasy;Přišimasy;katastr
Pašinka;Pašinka;katastr
Chotouň;Chotouň;katastr
Hradišťko I;Hradišťko I;katastr
Nespice;Nespice;katastr
Jaroškov;Jaroškov;katastr
Sviny;Sviny;katastr
Jestřabí Lhota;Jestřabí Lhota;katastr
Plačovice;Plačovice;katastr
Báňovice;Báňovice;katastr
Stoječín;Stoječín;katastr
Český Rudolec;Český Rudolec;katastr
Mutná;Mutná;katastr
Jítrava;Jítrava;katastr
Světlá pod Ještědem;Světlá pod Ještědem;katastr
Býkovice u Louňovic;Býkovice u Louňovic;katastr
Jersice;Jersice;katastr
Stráž nad Nisou;Stráž nad Nisou;katastr
Polesí u Rynoltic;Polesí u Rynoltic;katastr
Příšovice;Příšovice;katastr
Přibyslavice;Přibyslavice;katastr
Dolní Slivno;Dolní Slivno;katastr
Dolánky;Dolánky;katastr
Dobrovice;Dobrovice;katastr
Dneboh;Dneboh;katastr
Březovice pod Bezdězem;Březovice pod Bezdězem;katastr
Bezno;Bezno;katastr
Bezmíř;Bezmíř;katastr
Hrzín;Hrzín;katastr
Václavice u Benešova;Václavice u Benešova;katastr
Třebešice u Divišova;Třebešice u Divišova;katastr
Tomice u Votic;Tomice u Votic;katastr
Zelené;Zelené;katastr
Lužany u Přeštic;Lužany u Přeštic;katastr
Střítež nad Ludinou;Střítež nad Ludinou;katastr
Středolesí;Středolesí;katastr
Skalička u Hranic;Skalička u Hranic;katastr
Rakov u Hranic;Rakov u Hranic;katastr
Všechovice;Všechovice;katastr
Velká u Hranic;Velká u Hranic;katastr
Horní Těšice;Horní Těšice;katastr
Teplice nad Bečvou;Teplice nad Bečvou;katastr
Padesát Lánů;Padesát Lánů;katastr
Ústí;Ústí;katastr
Mistrovice nad Orlicí;Mistrovice nad Orlicí;katastr
Poruba nad Bečvou;Poruba nad Bečvou;katastr
Polom u Hranic;Polom u Hranic;katastr
Malé Hydčice;Malé Hydčice;katastr
Nuzice;Nuzice;katastr
Veveří u Nových Hradů;Veveří u Nových Hradů;katastr
Nové Hrady;Nové Hrady;katastr
Mýtiny;Mýtiny;katastr
Netěchovice;Netěchovice;katastr
Březí u Trhových Svinů;Březí u Trhových Svinů;katastr
Nová Ves u Českých Budějovic;Nová Ves u Českých Budějovic;katastr
Heřmaň u Českých Budějovic;Heřmaň u Českých Budějovic;katastr
Borovnice u Českých Budějovic;Borovnice u Českých Budějovic;katastr
Nesměň u Ločenic;Nesměň u Ločenic;katastr
Tuchonice;Tuchonice;katastr
Radešov u Rejštejna;Radešov u Rejštejna;katastr
Závišín u Bělčic;Závišín u Bělčic;katastr
Petříkovice;Petříkovice;katastr
Záluží u Vodňan;Záluží u Vodňan;katastr
Záhrobí;Záhrobí;katastr
Záboří u Blatné;Záboří u Blatné;katastr
Volenice;Volenice;katastr
Vodňany;Vodňany;katastr
Modlíkov;Modlíkov;katastr
Bratronice;Bratronice;katastr
Volyně;Volyně;katastr
Lhota pod Kůstrým;Lhota pod Kůstrým;katastr
Střeziměřice;Střeziměřice;katastr
Miskolezy;Miskolezy;katastr
Hlavňov;Hlavňov;katastr
Rokytník;Rokytník;katastr
Velký Dřevíč;Velký Dřevíč;katastr
Hronov;Hronov;katastr
Litoboř;Litoboř;katastr
Slotov;Slotov;katastr
Heřmanice nad Labem;Heřmanice nad Labem;katastr
Dolní Radechová;Dolní Radechová;katastr
Dolany u Jaroměře;Dolany u Jaroměře;katastr
Zlíč;Zlíč;katastr
Říkov;Říkov;katastr
Svinná u Štítar;Svinná u Štítar;katastr
Svatá Kateřina u Chudenína;Svatá Kateřina u Chudenína;katastr
Kanice u Domažlic;Kanice u Domažlic;katastr
Chotěnov u Mariánských Lázní;Chotěnov u Mariánských Lázní;katastr
Bratčice;Bratčice;katastr
Boněnov;Boněnov;katastr
Hradiště u Domažlic;Hradiště u Domažlic;katastr
Bojanovice pod Rabím;Bojanovice pod Rabím;katastr
Rybáře u Libé;Rybáře u Libé;katastr
Hřensko;Hřensko;katastr
Dobroměřice;Dobroměřice;katastr
Běstovice;Běstovice;katastr
Vratislávka;Vratislávka;katastr
Vranov u Brna;Vranov u Brna;katastr
Čavisov;Čavisov;katastr
Zbyslavice;Zbyslavice;katastr
Velká Polom;Velká Polom;katastr
Stará Bělá;Stará Bělá;katastr
Polanka nad Odrou;Polanka nad Odrou;katastr
Vratimov;Vratimov;katastr
Nová Plesná;Nová Plesná;katastr
Třebovice ve Slezsku;Třebovice ve Slezsku;katastr
Hrušov;Hrušov;katastr
Raduň;Raduň;katastr
Rakvice;Rakvice;katastr
Daskabát;Daskabát;katastr
Drahanovice;Drahanovice;katastr
Dalov;Dalov;katastr
Horní Loděnice;Horní Loděnice;katastr
Doloplazy u Olomouce;Doloplazy u Olomouce;katastr
Hnojice;Hnojice;katastr
Hlušovice;Hlušovice;katastr
Hlubočky;Hlubočky;katastr
Grygov;Grygov;katastr
Droždín;Droždín;katastr
Ludéřov;Ludéřov;katastr
Moravská Loděnice;Moravská Loděnice;katastr
Sedlatice;Sedlatice;katastr
Olešnice na Moravě;Olešnice na Moravě;katastr
Nýrov;Nýrov;katastr
Prstná;Prstná;katastr
Novičí;Novičí;katastr
Horní Hoštice;Horní Hoštice;katastr
Vsetín;Vsetín;katastr
Miňůvky;Miňůvky;katastr
Liptál;Liptál;katastr
Dřínov u Kroměříže;Dřínov u Kroměříže;katastr
Počenice;Počenice;katastr
Seninka;Seninka;katastr
Lidečko;Lidečko;katastr
Pulčín;Pulčín;katastr
Újezd u Přelouče;Újezd u Přelouče;katastr
Újezd u Sezemic;Újezd u Sezemic;katastr
Turov nad Loučnou;Turov nad Loučnou;katastr
Turkovice u Přelouče;Turkovice u Přelouče;katastr
Říčany u Brna;Říčany u Brna;katastr
Knínice u Libouchce;Knínice u Libouchce;katastr
Zubrnice;Zubrnice;katastr
Zalužany u Vyklic;Zalužany u Vyklic;katastr
Velké Chvojno;Velké Chvojno;katastr
Malé Chvojno;Malé Chvojno;katastr
Vítov u Velkého Března;Vítov u Velkého Března;katastr
Čeřeniště;Čeřeniště;katastr
Svádov;Svádov;katastr
Sokolnice;Sokolnice;katastr
Rohozec u Tišnova;Rohozec u Tišnova;katastr
Otmarov;Otmarov;katastr
Radostice u Brna;Radostice u Brna;katastr
Přibyslavice u Velké Bíteše;Přibyslavice u Velké Bíteše;katastr
Příbram na Moravě;Příbram na Moravě;katastr
Popůvky u Brna;Popůvky u Brna;katastr
Němčičky u Hustopečí;Němčičky u Hustopečí;katastr
Sobotovice;Sobotovice;katastr
Pejškov u Tišnova;Pejškov u Tišnova;katastr
Osiky;Osiky;katastr
Opatovice u Rajhradu;Opatovice u Rajhradu;katastr
Ochoz u Tišnova;Ochoz u Tišnova;katastr
Nová Ves u Heřmanova;Nová Ves u Heřmanova;katastr
Netín;Netín;katastr
Klášterská Lhota;Klášterská Lhota;katastr
Horní Vernéřovice;Horní Vernéřovice;katastr
Dolní Vernéřovice;Dolní Vernéřovice;katastr
Černá Hora v Krkonoších;Černá Hora v Krkonoších;katastr
Kochánov u Stránecké Zhoře;Kochánov u Stránecké Zhoře;katastr
Janovice u Trutnova;Janovice u Trutnova;katastr
Petříkovice u Trutnova;Petříkovice u Trutnova;katastr
Choustníkovo Hradiště;Choustníkovo Hradiště;katastr
Šašovice;Šašovice;katastr
Nové Sady u Velké Bíteše;Nové Sady u Velké Bíteše;katastr
Chotěvice;Chotěvice;katastr
Bratroňov;Bratroňov;katastr
Klokočov;Klokočov;katastr
Kamenice u Herálce;Kamenice u Herálce;katastr
Kámen u Habrů;Kámen u Habrů;katastr
Střítež u Trutnova;Střítež u Trutnova;katastr
Maršov u Úpice;Maršov u Úpice;katastr
Jiříkov u Kamene;Jiříkov u Kamene;katastr
Jilemník;Jilemník;katastr
Vestecká Lhotka;Vestecká Lhotka;katastr
Čečkovice u Jeřišna;Čečkovice u Jeřišna;katastr
Jedouchov;Jedouchov;katastr
Jedlá;Jedlá;katastr
Dobrá Voda u Jedlé;Dobrá Voda u Jedlé;katastr
Kovářov u Seče;Kovářov u Seče;katastr
Lozice;Lozice;katastr
Kostelec u Heřmanova Městce;Kostelec u Heřmanova Městce;katastr
Moravany u Ronova;Moravany u Ronova;katastr
Kněžice u Ronova;Kněžice u Ronova;katastr
Kladno u Hlinska;Kladno u Hlinska;katastr
Zalažany;Zalažany;katastr
Kerhartice nad Orlicí;Kerhartice nad Orlicí;katastr
Jeníkov u Hlinska;Jeníkov u Hlinska;katastr
Vestec u Chrudimi;Vestec u Chrudimi;katastr
Chlum u Hlinska;Chlum u Hlinska;katastr
Říčky u Orlického Podhůří;Říčky u Orlického Podhůří;katastr
Hroubovice;Hroubovice;katastr
Vitiněves;Vitiněves;katastr
Vidonice;Vidonice;katastr
Stupná;Stupná;katastr
Veliš u Jičína;Veliš u Jičína;katastr
Valdov;Valdov;katastr
Řeheč;Řeheč;katastr
Újezd pod Troskami;Újezd pod Troskami;katastr
Údrnice;Údrnice;katastr
Zboží u Nové Paky;Zboží u Nové Paky;katastr
Česká Proseč;Česká Proseč;katastr
Kacákova Lhota;Kacákova Lhota;katastr
Butoves;Butoves;katastr
Vřesník u Tetína;Vřesník u Tetína;katastr
Libošovice;Libošovice;katastr
Prostřední Nová Ves;Prostřední Nová Ves;katastr
Lány u Lázní Bělohradu;Lány u Lázní Bělohradu;katastr
Hřídelec;Hřídelec;katastr
Dolní Nová Ves;Dolní Nová Ves;katastr
Kyje u Jičína;Kyje u Jičína;katastr
Kovač;Kovač;katastr
Kamenice u Konecchlumí;Kamenice u Konecchlumí;katastr
Víchovská Lhota;Víchovská Lhota;katastr
Víchová nad Jizerou;Víchová nad Jizerou;katastr
Valteřice v Krkonoších;Valteřice v Krkonoších;katastr
Studenec u Horek;Studenec u Horek;katastr
Rovnáčov;Rovnáčov;katastr
Roztoky u Jilemnice;Roztoky u Jilemnice;katastr
Horní Rokytnice nad Jizerou;Horní Rokytnice nad Jizerou;katastr
Františkov v Krkonoších;Františkov v Krkonoších;katastr
Dolní Rokytnice;Dolní Rokytnice;katastr
Peřimov;Peřimov;katastr
Křížlice;Křížlice;katastr
Hrabačov;Hrabačov;katastr
Roudnice v Krkonoších;Roudnice v Krkonoších;katastr
Jablonec nad Jizerou;Jablonec nad Jizerou;katastr
Nové Smrkovice;Nové Smrkovice;katastr
Stromkovice;Stromkovice;katastr
Horní Branná;Horní Branná;katastr
Štrbice;Štrbice;katastr
Sobákov;Sobákov;katastr
Mníšek u Liberce;Mníšek u Liberce;katastr
Machnín;Machnín;katastr
Ostašov u Liberce;Ostašov u Liberce;katastr
Horní Hanychov;Horní Hanychov;katastr
Kateřinky u Liberce;Kateřinky u Liberce;katastr
Rochlice u Liberce;Rochlice u Liberce;katastr
Ruprechtice;Ruprechtice;katastr
Křižany;Křižany;katastr
Radčice u Krásné Studánky;Radčice u Krásné Studánky;katastr
Krásná Studánka;Krásná Studánka;katastr
Růžodol I;Růžodol I;katastr
Jistebsko;Jistebsko;katastr
Pavlovice u Jestřebí;Pavlovice u Jestřebí;katastr
Okrouhlá u Nového Boru;Okrouhlá u Nového Boru;katastr
Chotěnov;Chotěnov;katastr
Chmelík;Chmelík;katastr
Horní Újezd u Litomyšle;Horní Újezd u Litomyšle;katastr
Horní Sloupnice;Horní Sloupnice;katastr
Chrastavec;Chrastavec;katastr
Hartmanice u Poličky;Hartmanice u Poličky;katastr
Hamry nad Křetínkou;Hamry nad Křetínkou;katastr
Dolní Újezd u Litomyšle;Dolní Újezd u Litomyšle;katastr
Čistá u Litomyšle;Čistá u Litomyšle;katastr
Cerekvice nad Loučnou;Cerekvice nad Loučnou;katastr
Bukovka;Bukovka;katastr
Bukovina nad Labem;Bukovina nad Labem;katastr
Horní Ředice;Horní Ředice;katastr
Bohumileč;Bohumileč;katastr
Bílé Vchynice;Bílé Vchynice;katastr
Bezděkov;Bezděkov;katastr
Horní Morava;Horní Morava;katastr
Všeruby u Kdyně;Všeruby u Kdyně;katastr
Skuhrov nad Bělou;Skuhrov nad Bělou;katastr
Vranov nad Dyjí;Vranov nad Dyjí;katastr
Rašov u Litvínova;Rašov u Litvínova;katastr
Klíny II;Klíny II;katastr
Bystré u Poličky;Bystré u Poličky;katastr
Vítkovice u Lubence;Vítkovice u Lubence;katastr
Železná u Libořic;Železná u Libořic;katastr
Libočany;Libočany;katastr
Hajniště u Duchcova;Hajniště u Duchcova;katastr
Liběšice u Žatce;Liběšice u Žatce;katastr
Dubčany u Liběšic;Dubčany u Liběšic;katastr
Přibenice;Přibenice;katastr
Neprobylice u Kaštic;Neprobylice u Kaštic;katastr
Stránky;Stránky;katastr
Komořany u Mostu;Komořany u Mostu;katastr
Újezdec u Litomyšle;Újezdec u Litomyšle;katastr
Kunratice u Cvikova;Kunratice u Cvikova;katastr
Krompach;Krompach;katastr
Svitava;Svitava;katastr
Dolní Světlá pod Luží;Dolní Světlá pod Luží;katastr
Slatina u Jevíčka;Slatina u Jevíčka;katastr
Rané;Rané;katastr
Kozly u České Lípy;Kozly u České Lípy;katastr
Horky u Dubé;Horky u Dubé;katastr
Kamenický Šenov;Kamenický Šenov;katastr
Kamenice u Zákup;Kamenice u Zákup;katastr
Jestřebí u České Lípy;Jestřebí u České Lípy;katastr
Chotovice u Nového Boru;Chotovice u Nového Boru;katastr
Chlum u Dubé;Chlum u Dubé;katastr
Staročernsko;Staročernsko;katastr
Černice u Horního Jiřetína;Černice u Horního Jiřetína;katastr
Rudolice v Horách;Rudolice v Horách;katastr
Hora Svaté Kateřiny;Hora Svaté Kateřiny;katastr
Břehy;Břehy;katastr
Drozdice;Drozdice;katastr
Dolní Jiřetín;Dolní Jiřetín;katastr
Čtrnáct Dvorců;Čtrnáct Dvorců;katastr
Český Jiřetín;Český Jiřetín;katastr
Janov u Litvínova;Janov u Litvínova;katastr
Barchov u Pardubic;Barchov u Pardubic;katastr
Slatinice u Mostu;Slatinice u Mostu;katastr
Brandov;Brandov;katastr
Srbsko u Karlštejna;Srbsko u Karlštejna;katastr
Olešná u Hořovic;Olešná u Hořovic;katastr
Nižbor;Nižbor;katastr
Loděnice u Berouna;Loděnice u Berouna;katastr
Mnich u Nové Bystřice;Mnich u Nové Bystřice;katastr
Blansko u Kaplice;Blansko u Kaplice;katastr
Dolní Dvořiště;Dolní Dvořiště;katastr
Suchdol u Bujanova;Suchdol u Bujanova;katastr
Malče;Malče;katastr
Klení;Klení;katastr
Benešov nad Černou;Benešov nad Černou;katastr
Velký Jindřichov;Velký Jindřichov;katastr
Rožmberk nad Vltavou;Rožmberk nad Vltavou;katastr
Horní Jílovice;Horní Jílovice;katastr
Skalice u Benešova;Skalice u Benešova;katastr
Strojetice;Strojetice;katastr
Soutice;Soutice;katastr
Struhařov u Benešova;Struhařov u Benešova;katastr
Zdiměřice u Načeradce;Zdiměřice u Načeradce;katastr
Stará Hlína;Stará Hlína;katastr
Staňkov;Staňkov;katastr
Záblatí u Ponědraže;Záblatí u Ponědraže;katastr
Ponědrážka;Ponědrážka;katastr
Novosedly nad Nežárkou;Novosedly nad Nežárkou;katastr
Bečov nad Teplou;Bečov nad Teplou;katastr
Andělská Hora;Andělská Hora;katastr
Vysoká u Dalovic;Vysoká u Dalovic;katastr
Okounov u Hradiště;Okounov u Hradiště;katastr
Veclov;Veclov;katastr
Valtínov;Valtínov;katastr
Stráň;Stráň;katastr
Budkov u Střížovic;Budkov u Střížovic;katastr
Leština u Strmilova;Leština u Strmilova;katastr
Stráž nad Nežárkou;Stráž nad Nežárkou;katastr
Staré Město pod Landštejnem;Staré Město pod Landštejnem;katastr
Třebovice u Českého Krumlova;Třebovice u Českého Krumlova;katastr
Slavětín u Načeradce;Slavětín u Načeradce;katastr
Sedmpány;Sedmpány;katastr
Dojetřice;Dojetřice;katastr
Černé Budy;Černé Budy;katastr
Bělokozly;Bělokozly;katastr
Čakovice u Řehenic;Čakovice u Řehenic;katastr
Babice u Řehenic;Babice u Řehenic;katastr
Ratměřice;Ratměřice;katastr
Radošovice u Vlašimi;Radošovice u Vlašimi;katastr
Sedlec u Votic;Sedlec u Votic;katastr
Blaženice;Blaženice;katastr
Maskovice;Maskovice;katastr
Martinice u Votic;Martinice u Votic;katastr
Světlá pod Blaníkem;Světlá pod Blaníkem;katastr
Kozmice u Benešova;Kozmice u Benešova;katastr
Martinice u Dolních Kralovic;Martinice u Dolních Kralovic;katastr
Dub u Kondrace;Dub u Kondrace;katastr
Jiřetice u Neustupova;Jiřetice u Neustupova;katastr
Heřmaničky;Heřmaničky;katastr
Drachkov;Drachkov;katastr
Drahňovice;Drahňovice;katastr
Znosim;Znosim;katastr
Klenovice u Chrančovic;Klenovice u Chrančovic;katastr
Chotíkov;Chotíkov;katastr
Košetice u Hunčic;Košetice u Hunčic;katastr
Žichlice u Hromnic;Žichlice u Hromnic;katastr
Horní Sekyřany;Horní Sekyřany;katastr
Dolní Sekyřany;Dolní Sekyřany;katastr
Doubrava u Plzně;Doubrava u Plzně;katastr
Dolany u Plzně;Dolany u Plzně;katastr
Svaté Pole;Svaté Pole;katastr
Suchodol;Suchodol;katastr
Bohdaneč u Zbraslavic;Bohdaneč u Zbraslavic;katastr
Suchdol u Kutné Hory;Suchdol u Kutné Hory;katastr
Buk u Jindřichova Hradce;Buk u Jindřichova Hradce;katastr
Matějovec nad Nežárkou;Matějovec nad Nežárkou;katastr
Jarošov nad Nežárkou;Jarošov nad Nežárkou;katastr
Senotín;Senotín;katastr
Blato u Hůrek;Blato u Hůrek;katastr
Pejdlova Rosička;Pejdlova Rosička;katastr
Starý Bozděchov;Starý Bozděchov;katastr
Okrouhlá Radouň;Okrouhlá Radouň;katastr
Malíkov nad Nežárkou;Malíkov nad Nežárkou;katastr
Horní Olešná;Horní Olešná;katastr
Pomezí pod Landštejnem;Pomezí pod Landštejnem;katastr
Zaječice;Zaječice;katastr
Budyně nad Ohří;Budyně nad Ohří;katastr
Hostěnice u Brozan;Hostěnice u Brozan;katastr
Brozany nad Ohří;Brozany nad Ohří;katastr
Brňany;Brňany;katastr
Bohušovice nad Ohří;Bohušovice nad Ohří;katastr
Bechlín;Bechlín;katastr
Střížovice u Snědovic;Střížovice u Snědovic;katastr
Slatina pod Hazmburkem;Slatina pod Hazmburkem;katastr
Siřejovice;Siřejovice;katastr
Kostelec nad Ohří;Kostelec nad Ohří;katastr
Roudnice nad Labem;Roudnice nad Labem;katastr
Tuchyně;Tuchyně;katastr
Skubice;Skubice;katastr
Janské Údolí;Janské Údolí;katastr
Slavkov u Českého Krumlova;Slavkov u Českého Krumlova;katastr
Srnín;Srnín;katastr
Smolné Pece;Smolné Pece;katastr
Malčice-Osek;Malčice-Osek;katastr
Chrást u Mladé Boleslavi;Chrást u Mladé Boleslavi;katastr
Bezděčín u Mladé Boleslavi;Bezděčín u Mladé Boleslavi;katastr
Jemníky u Mladé Boleslavi;Jemníky u Mladé Boleslavi;katastr
Kosořice;Kosořice;katastr
Kovanec;Kovanec;katastr
Struhy;Struhy;katastr
Vranov pod Ralskem;Vranov pod Ralskem;katastr
Běleč u Litně;Běleč u Litně;katastr
Chlustina;Chlustina;katastr
Mořinka;Mořinka;katastr
Mezouň;Mezouň;katastr
Chrustenice;Chrustenice;katastr
Veselíčko u Milevska;Veselíčko u Milevska;katastr
Velká u Milevska;Velká u Milevska;katastr
Mirovice;Mirovice;katastr
Lučkovice;Lučkovice;katastr
Janovičky u Bohuňova;Janovičky u Bohuňova;katastr
Horní Police;Horní Police;katastr
Vamberk;Vamberk;katastr
Chlístov u Dobrušky;Chlístov u Dobrušky;katastr
Velký Uhřínov;Velký Uhřínov;katastr
Zdelov;Zdelov;katastr
Týniště nad Orlicí;Týniště nad Orlicí;katastr
Libel;Libel;katastr
Rájec;Rájec;katastr
Malé Březno nad Labem;Malé Březno nad Labem;katastr
Trnov;Trnov;katastr
Slemeno u Rychnova nad Kněžnou;Slemeno u Rychnova nad Kněžnou;katastr
Slatina nad Zdobnicí;Slatina nad Zdobnicí;katastr
Odranec;Odranec;katastr
Jimramovské Pavlovice;Jimramovské Pavlovice;katastr
Újezd u Žďáru nad Sázavou;Újezd u Žďáru nad Sázavou;katastr
Voděrady u Rychnova nad Kněžnou;Voděrady u Rychnova nad Kněžnou;katastr
Moravská Svratka;Moravská Svratka;katastr
Česká Cikánka;Česká Cikánka;katastr
Šumná u Litvínova;Šumná u Litvínova;katastr
Štěpánov nad Svratkou;Štěpánov nad Svratkou;katastr
Borovec;Borovec;katastr
Polom u Sulkovce;Polom u Sulkovce;katastr
Moravecké Janovice;Moravecké Janovice;katastr
Mitrov;Mitrov;katastr
Habří;Habří;katastr
Skorotice;Skorotice;katastr
Leština u Malého Března;Leština u Malého Března;katastr
Červená Lhota;Červená Lhota;katastr
Čechtín;Čechtín;katastr
Luční Chvojno;Luční Chvojno;katastr
Arnultovice u Lučního Chvojna;Arnultovice u Lučního Chvojna;katastr
Slavošov;Slavošov;katastr
Libkovice u Mostu;Libkovice u Mostu;katastr
Budov u Svádova;Budov u Svádova;katastr
Stanovice u Nové Cerekve;Stanovice u Nové Cerekve;katastr
Nová Buková;Nová Buková;katastr
Chocenice;Chocenice;katastr
Štětí II;Štětí II;katastr
Páleč u Milešova;Páleč u Milešova;katastr
Lesy;Lesy;katastr
Budišov nad Budišovkou;Budišov nad Budišovkou;katastr
Dobřečov;Dobřečov;katastr
Rejchartice;Rejchartice;katastr
Naděje;Naděje;katastr
Pokutice;Pokutice;katastr
Dřevec;Dřevec;katastr
Buček;Buček;katastr
Valštejn;Valštejn;katastr
Sedlčánky;Sedlčánky;katastr
Mštěnovice;Mštěnovice;katastr
Petrovice u Karviné;Petrovice u Karviné;katastr
Dolní Marklovice;Dolní Marklovice;katastr
Horšovský Týn;Horšovský Týn;katastr
Sokolí;Sokolí;katastr
Slavice;Slavice;katastr
Louňová;Louňová;katastr
Záluží;Záluží;katastr
Hostovlice u Čáslavi;Hostovlice u Čáslavi;katastr
Kotovice;Kotovice;katastr
Malinec;Malinec;katastr
Zhůř;Zhůř;katastr
Jarov u Blovic;Jarov u Blovic;katastr
Pytlov;Pytlov;katastr
Vadčice;Vadčice;katastr
Bažantov;Bažantov;katastr
Pavlův Studenec 1;Pavlův Studenec 1;katastr
Zadní Výtoň;Zadní Výtoň;katastr
Proseč pod Ještědem;Proseč pod Ještědem;katastr
Kozolupy;Kozolupy;katastr
Štědrkov;Štědrkov;katastr
Mladoňov;Mladoňov;katastr
Smetanova Lhota;Smetanova Lhota;katastr
Ovčáry u Dřís;Ovčáry u Dřís;katastr
Olovnice;Olovnice;katastr
Domoraz;Domoraz;katastr
Česká Lípa;Česká Lípa;katastr
Velešice u Pačejova;Velešice u Pačejova;katastr
Podvihov;Podvihov;katastr
Karasín;Karasín;katastr
Sibřina;Sibřina;katastr
Babice u Poutnova;Babice u Poutnova;katastr
Pohora;Pohora;katastr
Kaliště u Sebranic;Kaliště u Sebranic;katastr
Malá Skalice;Malá Skalice;katastr
Trnovany u Žatce;Trnovany u Žatce;katastr
Senetářov;Senetářov;katastr
Litíč;Litíč;katastr
Olešná u Rakovníka;Olešná u Rakovníka;katastr
Michnovka;Michnovka;katastr
Zámostí u Rožďalovic;Zámostí u Rožďalovic;katastr
Uzeničky;Uzeničky;katastr
Vlkov nad Lesy;Vlkov nad Lesy;katastr
Chomle;Chomle;katastr
Nová Ves u Rakovníka;Nová Ves u Rakovníka;katastr
Borovany;Borovany;katastr
Dráchov;Dráchov;katastr
Červené Poříčí;Červené Poříčí;katastr
Chudeč;Chudeč;katastr
Hliněný Újezd;Hliněný Újezd;katastr
Květnov u Chomutova;Květnov u Chomutova;katastr
Tupadly u Klatov;Tupadly u Klatov;katastr
Hamry na Šumavě;Hamry na Šumavě;katastr
Hrádek u Sušice;Hrádek u Sušice;katastr
Blatno u Chomutova;Blatno u Chomutova;katastr
Kojetín u Petrovic;Kojetín u Petrovic;katastr
Kamenné Žehrovice;Kamenné Žehrovice;katastr
Chvalov u Červených Janovic;Chvalov u Červených Janovic;katastr
Rohatce;Rohatce;katastr
Studnice u Lodhéřova;Studnice u Lodhéřova;katastr
Holešice;Holešice;katastr
Heřmanice u Žandova;Heřmanice u Žandova;katastr
Horní Růžodol;Horní Růžodol;katastr
Slavětín nad Metují;Slavětín nad Metují;katastr
Dětřichovec;Dětřichovec;katastr
Slatina u Hradce Králové;Slatina u Hradce Králové;katastr
Těchlovice u Hradce Králové;Těchlovice u Hradce Králové;katastr
Bělá u Horní Cerekve;Bělá u Horní Cerekve;katastr
Bezděkov u Libice nad Doubravou;Bezděkov u Libice nad Doubravou;katastr
Kojkovice;Kojkovice;katastr
Klouzovy u Chotěboře;Klouzovy u Chotěboře;katastr
Údavy;Údavy;katastr
Markvartice;Markvartice;katastr
Ochoz u Brna;Ochoz u Brna;katastr
Uhřínovice u Voděrad;Uhřínovice u Voděrad;katastr
Lipová pod Blanskem;Lipová pod Blanskem;katastr
Těchnice;Těchnice;katastr
Hejčín;Hejčín;katastr
Nouzov u Senomat;Nouzov u Senomat;katastr
Hořejany;Hořejany;katastr
Bedlno;Bedlno;katastr
Skuhrov u Mělníka;Skuhrov u Mělníka;katastr
Kvášňovice;Kvášňovice;katastr
Býchory;Býchory;katastr
Třebnuška;Třebnuška;katastr
Rohenice;Rohenice;katastr
Libenice u Tábora;Libenice u Tábora;katastr
Kunov;Kunov;katastr
Těchobuzice;Těchobuzice;katastr
Řídelov;Řídelov;katastr
Rychnov na Moravě;Rychnov na Moravě;katastr
Ladín;Ladín;katastr
Milenov;Milenov;katastr
Zdeňkov;Zdeňkov;katastr
Nový Jimramov;Nový Jimramov;katastr
Letiny;Letiny;katastr
Zastávka;Zastávka;katastr
Křimov;Křimov;katastr
Radějov u Strážnice;Radějov u Strážnice;katastr
Roudná u Horšovského Týna;Roudná u Horšovského Týna;katastr
Nová Ves v Orlických horách;Nová Ves v Orlických horách;katastr
Podoliby;Podoliby;katastr
Dolní Lhota;Dolní Lhota;katastr
Kupařovice;Kupařovice;katastr
Krčín;Krčín;katastr
Noutonice;Noutonice;katastr
Lhota u Rakovníka;Lhota u Rakovníka;katastr
Čejkovice u Hluboké nad Vltavou;Čejkovice u Hluboké nad Vltavou;katastr
Dolní Bělá;Dolní Bělá;katastr
Dlouhé Hradiště;Dlouhé Hradiště;katastr
Liboc u Kynšperka nad Ohří;Liboc u Kynšperka nad Ohří;katastr
Lužná u Františkových Lázní;Lužná u Františkových Lázní;katastr
Červené Janovice;Červené Janovice;katastr
Podlesí pod Landštejnem;Podlesí pod Landštejnem;katastr
Lhotsko;Lhotsko;katastr
Habartice u Frýdlantu;Habartice u Frýdlantu;katastr
Čáslavice;Čáslavice;katastr
Dobroslavice;Dobroslavice;katastr
Hradišťany;Hradišťany;katastr
Zlatá Olešnice Semilská;Zlatá Olešnice Semilská;katastr
Vítonice u Bystřice pod Hostýnem;Vítonice u Bystřice pod Hostýnem;katastr
Losina;Losina;katastr
Žižkov;Žižkov;katastr
Lesná u Tachova;Lesná u Tachova;katastr
Úpor;Úpor;katastr
Přetín;Přetín;katastr
Kaňkov;Kaňkov;katastr
Břežany II;Břežany II;katastr
Sudoměřice u Tábora;Sudoměřice u Tábora;katastr
Polánka u Nepomuka;Polánka u Nepomuka;katastr
Břínkov;Břínkov;katastr
Savín;Savín;katastr
Řásná;Řásná;katastr
Lučina u Tachova;Lučina u Tachova;katastr
Dolní Žandov;Dolní Žandov;katastr
Zbraslav;Zbraslav;katastr
Nová Ves u Albrechtic;Nová Ves u Albrechtic;katastr
Kratochvilka;Kratochvilka;katastr
Javorník u Stach;Javorník u Stach;katastr
Štít;Štít;katastr
Heřmaň;Heřmaň;katastr
Rohanov u Prachatic;Rohanov u Prachatic;katastr
Bukovina u Mladotic;Bukovina u Mladotic;katastr
Žabovřesky u Českých Budějovic;Žabovřesky u Českých Budějovic;katastr
Škrle;Škrle;katastr
Radouň u Štětí;Radouň u Štětí;katastr
Braňany;Braňany;katastr
Číbuz;Číbuz;katastr
Slatina nad Úpou;Slatina nad Úpou;katastr
Chrtníč;Chrtníč;katastr
Žitenice;Žitenice;katastr
Nová Ves u Oslavan;Nová Ves u Oslavan;katastr
Bor u Nedvědice;Bor u Nedvědice;katastr
Korozluky;Korozluky;katastr
Herbertov;Herbertov;katastr
Zábřeh u Hlučína;Zábřeh u Hlučína;katastr
Nové Město;Nové Město;katastr
Peklo;Peklo;katastr
Souměř;Souměř;katastr
Postřelná;Postřelná;katastr
Tišice;Tišice;katastr
Klíčov u Mrákova;Klíčov u Mrákova;katastr
Dřevohostice;Dřevohostice;katastr
Záhlinice;Záhlinice;katastr
Bačetín;Bačetín;katastr
Prameny;Prameny;katastr
Klamoš;Klamoš;katastr
Třískolupy pod Přimdou;Třískolupy pod Přimdou;katastr
Bílov v Čechách;Bílov v Čechách;katastr
Mladějovice;Mladějovice;katastr
Strýčkovy;Strýčkovy;katastr
Dunávice;Dunávice;katastr
Barchůvek;Barchůvek;katastr
Sendraž;Sendraž;katastr
Benetice u Světlé nad Sázavou;Benetice u Světlé nad Sázavou;katastr
Pařidla;Pařidla;katastr
Vítonice u Znojma;Vítonice u Znojma;katastr
Zlatkov;Zlatkov;katastr
Česká Ves;Česká Ves;katastr
Míkovice nad Olšavou;Míkovice nad Olšavou;katastr
Valšovice;Valšovice;katastr
Hradčany;Hradčany;katastr
Korunní;Korunní;katastr
Čeřín;Čeřín;katastr
Kanín;Kanín;katastr
Chotětín;Chotětín;katastr
Vysoká Pec;Vysoká Pec;katastr
Lačnov;Lačnov;katastr
České Milovy;České Milovy;katastr
Vlčí Doly;Vlčí Doly;katastr
Malhotice;Malhotice;katastr
Moravská Cikánka;Moravská Cikánka;katastr
Spytihněv;Spytihněv;katastr
Újezd u Průhonic;Újezd u Průhonic;katastr
Velečín;Velečín;katastr
Boňkov;Boňkov;katastr
Těně;Těně;katastr
Mladý Smolivec;Mladý Smolivec;katastr
Zlatá u Kynšperka nad Ohří;Zlatá u Kynšperka nad Ohří;katastr
Čejkovice u Zbýšova;Čejkovice u Zbýšova;katastr
Trstěnice u Litomyšle;Trstěnice u Litomyšle;katastr
Zvole u Zábřeha;Zvole u Zábřeha;katastr
Náchod;Náchod;katastr
Jarcová;Jarcová;katastr
Chodov;Chodov;katastr
Brandýsek;Brandýsek;katastr
Opatovice;Opatovice;katastr
Krátošice;Krátošice;katastr
Pozděchov;Pozděchov;katastr
Nasobůrky;Nasobůrky;katastr
Bartovice;Bartovice;katastr
Mikulovice u Jeseníka;Mikulovice u Jeseníka;katastr
Žlunice;Žlunice;katastr
Sebečice;Sebečice;katastr
Kovalovice;Kovalovice;katastr
Skláře na Šumavě;Skláře na Šumavě;katastr
Ovesné;Ovesné;katastr
Zbyslav u Klatov;Zbyslav u Klatov;katastr
Adamov u Tupadel;Adamov u Tupadel;katastr
Sovenice u Mnichova Hradiště;Sovenice u Mnichova Hradiště;katastr
Mlýny;Mlýny;katastr
Tetín;Tetín;katastr
Vesce u Moravských Budějovic;Vesce u Moravských Budějovic;katastr
Kostelec u Zlína;Kostelec u Zlína;katastr
Nová Ves u Rýmařova;Nová Ves u Rýmařova;katastr
Poruba u Orlové;Poruba u Orlové;katastr
Zadní Hrádek;Zadní Hrádek;katastr
Písnice;Písnice;katastr
Košice u Soběslavi;Košice u Soběslavi;katastr
Meziříčko u Letovic;Meziříčko u Letovic;katastr
Pastviny u Studánky;Pastviny u Studánky;katastr
Sazovice;Sazovice;katastr
Mnichov u Poběžovic;Mnichov u Poběžovic;katastr
Česká Čermná;Česká Čermná;katastr
Libčice u Dolních Kralovic;Libčice u Dolních Kralovic;katastr
Chodský Újezd;Chodský Újezd;katastr
Drslavice u Tupadel;Drslavice u Tupadel;katastr
Velký Borek;Velký Borek;katastr
Rukáveč;Rukáveč;katastr
Žirovnice;Žirovnice;katastr
Domašín;Domašín;katastr
Važice;Važice;katastr
Bezděkov u Krásné Hory;Bezděkov u Krásné Hory;katastr
Křepice u Hustopečí;Křepice u Hustopečí;katastr
Zborov na Moravě;Zborov na Moravě;katastr
Klášterní Hradisko;Klášterní Hradisko;katastr
Křeslice;Křeslice;katastr
Kuchař;Kuchař;katastr
Křenice;Křenice;katastr
Rohanov;Rohanov;katastr
Karolinka;Karolinka;katastr
Salaš u Velehradu;Salaš u Velehradu;katastr
Jestřebice;Jestřebice;katastr
Kamýk;Kamýk;katastr
Březí u Týna nad Vltavou;Březí u Týna nad Vltavou;katastr
Vesce pod Řípem;Vesce pod Řípem;katastr
Dolní Skrýchov;Dolní Skrýchov;katastr
Bukovina u Pecky;Bukovina u Pecky;katastr
Hubenov;Hubenov;katastr
Krumvíř;Krumvíř;katastr
Hlavnice;Hlavnice;katastr
Lazy u Orlové;Lazy u Orlové;katastr
Satalice;Satalice;katastr
Svojšice;Svojšice;katastr
Želevice;Želevice;katastr
Poďousy;Poďousy;katastr
Lhota u Vlachnovic;Lhota u Vlachnovic;katastr
Věžky;Věžky;katastr
Vésky;Vésky;katastr
Nahošovice;Nahošovice;katastr
Kněžpole;Kněžpole;katastr
Nízká Srbská;Nízká Srbská;katastr
Chvalovice u Netolic;Chvalovice u Netolic;katastr
Vojnice u Koštic;Vojnice u Koštic;katastr
Staňkovice u Uhlířských Janovic;Staňkovice u Uhlířských Janovic;katastr
Zářečí nad Svitavou;Zářečí nad Svitavou;katastr
Lubník;Lubník;katastr
Starovičky;Starovičky;katastr
Blansko u Hrochova Týnce;Blansko u Hrochova Týnce;katastr
Višňové;Višňové;katastr
Roženecké Paseky;Roženecké Paseky;katastr
Labuty;Labuty;katastr
Radotín;Radotín;katastr
Hvozd;Hvozd;katastr
Lísková u Nemanic;Lísková u Nemanic;katastr
Bílý Potok;Bílý Potok;katastr
Divice;Divice;katastr
Vír;Vír;katastr
Libyně;Libyně;katastr
Podhůří u Vysoké Pece;Podhůří u Vysoké Pece;katastr
Výškov u Chodové Plané;Výškov u Chodové Plané;katastr
Vraždovy Lhotice;Vraždovy Lhotice;katastr
Petrovičky u Hořic;Petrovičky u Hořic;katastr
Chotěboř;Chotěboř;katastr
Světnov;Světnov;katastr
Pernek;Pernek;katastr
Opatovice u Hranic;Opatovice u Hranic;katastr
Dolní Měcholupy;Dolní Měcholupy;katastr
Kletice;Kletice;katastr
Dobranov;Dobranov;katastr
Drmaly;Drmaly;katastr
Džbánov u Vysokého Mýta;Džbánov u Vysokého Mýta;katastr
Domaželice;Domaželice;katastr
Panské Dubenky;Panské Dubenky;katastr
Víckov;Víckov;katastr
Nová Pláň;Nová Pláň;katastr
Hořany;Hořany;katastr
Chocholatá Lhota;Chocholatá Lhota;katastr
Přestanice;Přestanice;katastr
Smilovice u Staňkovic;Smilovice u Staňkovic;katastr
Moravská Dlouhá;Moravská Dlouhá;katastr
Bojanov u Dolní Libochové;Bojanov u Dolní Libochové;katastr
Klobouky u Brna;Klobouky u Brna;katastr
Židovice nad Labem;Židovice nad Labem;katastr
Olomouc-město;Olomouc-město;katastr
Bečváry;Bečváry;katastr
Vševily;Vševily;katastr
Všešímy;Všešímy;katastr
Kyžlířov;Kyžlířov;katastr
Damírov;Damírov;katastr
Stříbrnice nad Hanou;Stříbrnice nad Hanou;katastr
Horní Jiřetín;Horní Jiřetín;katastr
Mšec;Mšec;katastr
Radějovice u Netonic;Radějovice u Netonic;katastr
Dolní Lhota u Stráže nad Nežárkou;Dolní Lhota u Stráže nad Nežárkou;katastr
Bříšťany;Bříšťany;katastr
Hvězda;Hvězda;katastr
Nemojov;Nemojov;katastr
Želivec;Želivec;katastr
Křínov;Křínov;katastr
Drnovec;Drnovec;katastr
Kunice u Říčan;Kunice u Říčan;katastr
Kovářov u Potštátu;Kovářov u Potštátu;katastr
Kněžmost;Kněžmost;katastr
Doubravka u Bělé nad Radbuzou;Doubravka u Bělé nad Radbuzou;katastr
Bělý;Bělý;katastr
Kostelík;Kostelík;katastr
Dolina u Krajkové;Dolina u Krajkové;katastr
Dolní Pěna;Dolní Pěna;katastr
Dolní Řasnice;Dolní Řasnice;katastr
Šebanov;Šebanov;katastr
Hřibojedy;Hřibojedy;katastr
Libov;Libov;katastr
Mladoňovice na Moravě;Mladoňovice na Moravě;katastr
Štěrboholy;Štěrboholy;katastr
Pohoří na Šumavě;Pohoří na Šumavě;katastr
Horní Kamenice u Staňkova;Horní Kamenice u Staňkova;katastr
Zdislavice;Zdislavice;katastr
Muglinov;Muglinov;katastr
Býkovice;Býkovice;katastr
Mladotice u Drhovle;Mladotice u Drhovle;katastr
Třebomyslice u Horažďovic;Třebomyslice u Horažďovic;katastr
Slavošov u Zruče nad Sázavou;Slavošov u Zruče nad Sázavou;katastr
Ketkovice;Ketkovice;katastr
Vlasenice u Kamenice nad Lipou;Vlasenice u Kamenice nad Lipou;katastr
Vyšný;Vyšný;katastr
Pustá Rybná;Pustá Rybná;katastr
Stará Role;Stará Role;katastr
Opočnice;Opočnice;katastr
Podolanka;Podolanka;katastr
Stará Říše;Stará Říše;katastr
Beňov;Beňov;katastr
Třeskonice;Třeskonice;katastr
Drhovle;Drhovle;katastr
Bezděkov u Hartmanic;Bezděkov u Hartmanic;katastr
Josefov u Jaroměře;Josefov u Jaroměře;katastr
Rabakov;Rabakov;katastr
Sedlice u Hradce Králové;Sedlice u Hradce Králové;katastr
Koňkovice;Koňkovice;katastr
Chcebuz;Chcebuz;katastr
Stanislavice;Stanislavice;katastr
Vršovice;Vršovice;katastr
Osečná;Osečná;katastr
Vitín;Vitín;katastr
Klokočí;Klokočí;katastr
Skytaly;Skytaly;katastr
Pernarec;Pernarec;katastr
Slibovice;Slibovice;katastr
Dolánky u Kaštic;Dolánky u Kaštic;katastr
Pomezná;Pomezná;katastr
Lichkov;Lichkov;katastr
Komárov u Napajedel;Komárov u Napajedel;katastr
Čabová;Čabová;katastr
Nuzířov;Nuzířov;katastr
Kublov;Kublov;katastr
Holýšov;Holýšov;katastr
Těšánky;Těšánky;katastr
Tasnovice;Tasnovice;katastr
Hojkov;Hojkov;katastr
Oldřichov u Písku;Oldřichov u Písku;katastr
Záboří u Českých Budějovic;Záboří u Českých Budějovic;katastr
Bělušice u Mostu;Bělušice u Mostu;katastr
Kámen u Kraslic;Kámen u Kraslic;katastr
Přepeře;Přepeře;katastr
Sukorady u Hořic;Sukorady u Hořic;katastr
Bořetice u Hustopečí;Bořetice u Hustopečí;katastr
Kalná Voda;Kalná Voda;katastr
Hostivař;Hostivař;katastr
Tajanov u Tupadel;Tajanov u Tupadel;katastr
Březová;Březová;katastr
Samotíšky;Samotíšky;katastr
Bedřichovice;Bedřichovice;katastr
Vernéřovice;Vernéřovice;katastr
Ločenice;Ločenice;katastr
Všebořice u Dolních Kralovic;Všebořice u Dolních Kralovic;katastr
Krásnice;Krásnice;katastr
Vémyslice;Vémyslice;katastr
Zpupná Lhota;Zpupná Lhota;katastr
Strašnice;Strašnice;katastr
Horní Okolí;Horní Okolí;katastr
Bežerovice;Bežerovice;katastr
Lysice;Lysice;katastr
Žabčice;Žabčice;katastr
Brzice;Brzice;katastr
Oleško u Zvole;Oleško u Zvole;katastr
Dehtáře u Českých Budějovic;Dehtáře u Českých Budějovic;katastr
Ondřejov u Českého Krumlova;Ondřejov u Českého Krumlova;katastr
Krasonice;Krasonice;katastr
Dobré Pole;Dobré Pole;katastr
Míšov;Míšov;katastr
Řeporyje;Řeporyje;katastr
Skály u Protivína;Skály u Protivína;katastr
Padařov;Padařov;katastr
Nová Říše;Nová Říše;katastr
Čechy;Čechy;katastr
Kobylnice u Brna;Kobylnice u Brna;katastr
Domamyšl;Domamyšl;katastr
Hostkovice u Třebětína;Hostkovice u Třebětína;katastr
Hrdlovka-Nový Dvůr;Hrdlovka-Nový Dvůr;katastr
Korytany;Korytany;katastr
Petrovice u Strážkovic;Petrovice u Strážkovic;katastr
Myslotín;Myslotín;katastr
Pozďatín;Pozďatín;katastr
Budislav;Budislav;katastr
Kroměždice;Kroměždice;katastr
Lanšperk;Lanšperk;katastr
Lukavice v Čechách;Lukavice v Čechách;katastr
Libá;Libá;katastr
Přestavlky u Slap;Přestavlky u Slap;katastr
Kaceřov u Kynšperka nad Ohří;Kaceřov u Kynšperka nad Ohří;katastr
Sedlo u Číměře;Sedlo u Číměře;katastr
Březinka u Hošťalovic;Březinka u Hošťalovic;katastr
Vraclávek;Vraclávek;katastr
Zábřeh na Moravě;Zábřeh na Moravě;katastr
Hostavice;Hostavice;katastr
Odřepsy;Odřepsy;katastr
Ludíkov;Ludíkov;katastr
Louka u Jemnice;Louka u Jemnice;katastr
Kunratice;Kunratice;katastr
Chudeřice;Chudeřice;katastr
Kramolín u Kojákovic;Kramolín u Kojákovic;katastr
Lomy u Kunžaku;Lomy u Kunžaku;katastr
Čistá u Horek;Čistá u Horek;katastr
Karlovice u Zlína;Karlovice u Zlína;katastr
Budkov;Budkov;katastr
Hředle;Hředle;katastr
Ostrov na Šumavě;Ostrov na Šumavě;katastr
Sychotín;Sychotín;katastr
Věstínek;Věstínek;katastr
Kanice;Kanice;katastr
Pěčnov;Pěčnov;katastr
Zdeslavice u Černín;Zdeslavice u Černín;katastr
Bílsko u Hořic;Bílsko u Hořic;katastr
Křídlůvky;Křídlůvky;katastr
Kračín;Kračín;katastr
Prosek;Prosek;katastr
Lideň;Lideň;katastr
Podbradec;Podbradec;katastr
Karlovec;Karlovec;katastr
Machová;Machová;katastr
Podolí u Rožďalovic;Podolí u Rožďalovic;katastr
Zvíkov u Lišova;Zvíkov u Lišova;katastr
Bezděkov u Dolních Kralovic;Bezděkov u Dolních Kralovic;katastr
Lhotka u České Třebové;Lhotka u České Třebové;katastr
Sněžné na Moravě;Sněžné na Moravě;katastr
Horní Datyně;Horní Datyně;katastr
Židovice u Hnojnic;Židovice u Hnojnic;katastr
Věžná;Věžná;katastr
Nečas;Nečas;katastr
Vržanov;Vržanov;katastr
Horní Lipina;Horní Lipina;katastr
Záhoří u Milče;Záhoří u Milče;katastr
Březí u Pernarce;Březí u Pernarce;katastr
Chodová Planá;Chodová Planá;katastr
Milešov nad Vltavou;Milešov nad Vltavou;katastr
Roudnička;Roudnička;katastr
Zahrada;Zahrada;katastr
Kunovice u Uherského Hradiště;Kunovice u Uherského Hradiště;katastr
Doly u Boru;Doly u Boru;katastr
Řimovice;Řimovice;katastr
Dolní Rudná;Dolní Rudná;katastr
Bukov u Hořoviček;Bukov u Hořoviček;katastr
Hroška;Hroška;katastr
Novosedly u Rakovníka;Novosedly u Rakovníka;katastr
Nesperská Lhota;Nesperská Lhota;katastr
Malenovice u Kutné Hory;Malenovice u Kutné Hory;katastr
Zboží;Zboží;katastr
Moraveč;Moraveč;katastr
Kfely u Horního Slavkova;Kfely u Horního Slavkova;katastr
Sepekov;Sepekov;katastr
Horní Krupka;Horní Krupka;katastr
Levonice;Levonice;katastr
Dvorce u Jihlavy;Dvorce u Jihlavy;katastr
Něžovice;Něžovice;katastr
Sudkovice;Sudkovice;katastr
Březová nad Svitavou;Březová nad Svitavou;katastr
Kostelní Myslová;Kostelní Myslová;katastr
Habartov;Habartov;katastr
Tučapy u Holešova;Tučapy u Holešova;katastr
Obříství;Obříství;katastr
Hrádeček;Hrádeček;katastr
Pláně na Šumavě;Pláně na Šumavě;katastr
Pláň;Pláň;katastr
Městečko u Křivoklátu;Městečko u Křivoklátu;katastr
Vranice;Vranice;katastr
Roudnice;Roudnice;katastr
Borkovany;Borkovany;katastr
Benkovice;Benkovice;katastr
Dolní Nivy;Dolní Nivy;katastr
Mlýnec;Mlýnec;katastr
Minkovice;Minkovice;katastr
Malá Losenice;Malá Losenice;katastr
Rožmitál;Rožmitál;katastr
Výrov u Husince;Výrov u Husince;katastr
Kačice;Kačice;katastr
Svobodné Dvory;Svobodné Dvory;katastr
Kaňovice u Luhačovic;Kaňovice u Luhačovic;katastr
Prlov;Prlov;katastr
Teplýšovice;Teplýšovice;katastr
Týřovice u Pačejova;Týřovice u Pačejova;katastr
Hluzov;Hluzov;katastr
Dluhonice;Dluhonice;katastr
Senešnice;Senešnice;katastr
Dobřeň u Kutné Hory;Dobřeň u Kutné Hory;katastr
Zbudovice;Zbudovice;katastr
Džbánov u Litomyšle;Džbánov u Litomyšle;katastr
Kunštát u Orlického Záhoří;Kunštát u Orlického Záhoří;katastr
Polička;Polička;katastr
Hudlice;Hudlice;katastr
Žešov;Žešov;katastr
Doňov;Doňov;katastr
Hůrka u Libé;Hůrka u Libé;katastr
Malinová;Malinová;katastr
Kunějov;Kunějov;katastr
Velká Bukovina u Chvalkovic;Velká Bukovina u Chvalkovic;katastr
Pašice;Pašice;katastr
Židovice u Bečova;Židovice u Bečova;katastr
Oldřiš u Poličky;Oldřiš u Poličky;katastr
Zahrádka u Omlenic;Zahrádka u Omlenic;katastr
Přečín;Přečín;katastr
Okarec;Okarec;katastr
Velký Luh;Velký Luh;katastr
Velký Bor u Strunkovic;Velký Bor u Strunkovic;katastr
Braškov;Braškov;katastr
Suchá u Nechanic;Suchá u Nechanic;katastr
Želkovice u Loun;Želkovice u Loun;katastr
Nedvězíčko;Nedvězíčko;katastr
Rakov u Svatkovic;Rakov u Svatkovic;katastr
Kadeřín;Kadeřín;katastr
Kunčina Ves;Kunčina Ves;katastr
Tužice;Tužice;katastr
Libeň u Libeře;Libeň u Libeře;katastr
Malenice;Malenice;katastr
Dětřichov u Frýdlantu;Dětřichov u Frýdlantu;katastr
Hvozdná;Hvozdná;katastr
Nová Hradečná;Nová Hradečná;katastr
Zahrádčice;Zahrádčice;katastr
Výsluní;Výsluní;katastr
Kolešov;Kolešov;katastr
Živanice;Živanice;katastr
Měcholupy u Blovic;Měcholupy u Blovic;katastr
Albrechtice u Frýdlantu;Albrechtice u Frýdlantu;katastr
Zaječice u Bečova;Zaječice u Bečova;katastr
Hrobice na Moravě;Hrobice na Moravě;katastr
Třebětice;Třebětice;katastr
Řeřichy;Řeřichy;katastr
Otěvěk;Otěvěk;katastr
Žleb u Prostějoviček;Žleb u Prostějoviček;katastr
Bukovina;Bukovina;katastr
Babčice;Babčice;katastr
Střížovice u Kunžaku;Střížovice u Kunžaku;katastr
Kunčice u Letohradu;Kunčice u Letohradu;katastr
Tvrdkov;Tvrdkov;katastr
Ješov;Ješov;katastr
Roučkovice;Roučkovice;katastr
Podivice;Podivice;katastr
Pstruží;Pstruží;katastr
Stroupeč;Stroupeč;katastr
Dolní Hořice;Dolní Hořice;katastr
Královské Poříčí;Královské Poříčí;katastr
Dolní Heřmanice;Dolní Heřmanice;katastr
Žabovřesky nad Ohří;Žabovřesky nad Ohří;katastr
Citice;Citice;katastr
Malešín;Malešín;katastr
Lebedov;Lebedov;katastr
Studánka u Aše;Studánka u Aše;katastr
Hořice na Šumavě;Hořice na Šumavě;katastr
Deštná u Jindřichova Hradce;Deštná u Jindřichova Hradce;katastr
Dolní Bezděkov u Kladna;Dolní Bezděkov u Kladna;katastr
Bačkov;Bačkov;katastr
Dětřichov nad Bystřicí;Dětřichov nad Bystřicí;katastr
Bublava;Bublava;katastr
Nehodiv;Nehodiv;katastr
Býškovice;Býškovice;katastr
Libenice;Libenice;katastr
Rájov u Třískolup;Rájov u Třískolup;katastr
Hranice u Slavošova;Hranice u Slavošova;katastr
Dobrá Voda u Křižanova;Dobrá Voda u Křižanova;katastr
Březová u Vítkova;Březová u Vítkova;katastr
Vysočany;Vysočany;katastr
Bradlné;Bradlné;katastr
Tvrzice;Tvrzice;katastr
Topolná;Topolná;katastr
Odolice;Odolice;katastr
Hněvkov u Mačkova;Hněvkov u Mačkova;katastr
Krsmol;Krsmol;katastr
Starovice;Starovice;katastr
Dolní Kamenice u Holýšova;Dolní Kamenice u Holýšova;katastr
Hrachov;Hrachov;katastr
Ohníč;Ohníč;katastr
Čachrov;Čachrov;katastr
Křinice;Křinice;katastr
Krásná Lípa u Křimova;Krásná Lípa u Křimova;katastr
Podhořany u Nových Hradů;Podhořany u Nových Hradů;katastr
Zlátenka;Zlátenka;katastr
Mladé Bříště;Mladé Bříště;katastr
Kamenice u Březové;Kamenice u Březové;katastr
Loužná;Loužná;katastr
Boškov;Boškov;katastr
Skránčice;Skránčice;katastr
Bohuslav;Bohuslav;katastr
Dvorce u Stráže nad Nežárkou;Dvorce u Stráže nad Nežárkou;katastr
Sedlec u Vraclavi;Sedlec u Vraclavi;katastr
Nečtiny;Nečtiny;katastr
Tehov;Tehov;katastr
Oseky;Oseky;katastr
Jindřichovice u Malonic;Jindřichovice u Malonic;katastr
Bolešín;Bolešín;katastr
Pestřice;Pestřice;katastr
Úbočí u Výsluní;Úbočí u Výsluní;katastr
Klenice;Klenice;katastr
Horní Litvínov;Horní Litvínov;katastr
Zorkovice;Zorkovice;katastr
Hartmanice I;Hartmanice I;katastr
Kovářov u Bouzova;Kovářov u Bouzova;katastr
Žihle;Žihle;katastr
Kněžice u Městce Králové;Kněžice u Městce Králové;katastr
Drsník;Drsník;katastr
Boletice;Boletice;katastr
Zhoř u Pacova;Zhoř u Pacova;katastr
Velešice u Hoštky;Velešice u Hoštky;katastr
Mezihorská;Mezihorská;katastr
Poleňka;Poleňka;katastr
Chořelice;Chořelice;katastr
Kúsky;Kúsky;katastr
Dmýštice;Dmýštice;katastr
Dolany u Kladna;Dolany u Kladna;katastr
Malá Bukovina u Chvalkovic;Malá Bukovina u Chvalkovic;katastr
Sedlec u Litoměřic;Sedlec u Litoměřic;katastr
Jindřichovice v Krušných horách;Jindřichovice v Krušných horách;katastr
Stará Vožice;Stará Vožice;katastr
Přívrat;Přívrat;katastr
Otice;Otice;katastr
Chotělice;Chotělice;katastr
Zahorčice u Lnář;Zahorčice u Lnář;katastr
Račice nad Trotinou;Račice nad Trotinou;katastr
Okřešice u Třebíče;Okřešice u Třebíče;katastr
Dolní Chodov;Dolní Chodov;katastr
Nové Zámky;Nové Zámky;katastr
Cholina;Cholina;katastr
Prusice;Prusice;katastr
Hracholusky u Prachatic;Hracholusky u Prachatic;katastr
Předměřice nad Jizerou;Předměřice nad Jizerou;katastr
Horní Žďár;Horní Žďár;katastr
Čakovice;Čakovice;katastr
Dětřichov u Svitav;Dětřichov u Svitav;katastr
Rataje u Vlašimi;Rataje u Vlašimi;katastr
Kožušany;Kožušany;katastr
Benešovice u Přelouče;Benešovice u Přelouče;katastr
Lubná u Rakovníka;Lubná u Rakovníka;katastr
Rataje nad Sázavou;Rataje nad Sázavou;katastr
Ústí nad Orlicí;Ústí nad Orlicí;katastr
Nový Kramolín;Nový Kramolín;katastr
Plešovice;Plešovice;katastr
Prachatice;Prachatice;katastr
Paceřice;Paceřice;katastr
Deštnice;Deštnice;katastr
Mělnická Vrutice;Mělnická Vrutice;katastr
Lhotka u Dobříše;Lhotka u Dobříše;katastr
Doubravice u Leštiny;Doubravice u Leštiny;katastr
Trocnov;Trocnov;katastr
Tatrovice;Tatrovice;katastr
Rybáře;Rybáře;katastr
Zemětice;Zemětice;katastr
Evaň;Evaň;katastr
Stará;Stará;katastr
Černousy;Černousy;katastr
Zbrašín;Zbrašín;katastr
Vítkov u Sokolova;Vítkov u Sokolova;katastr
Třímany;Třímany;katastr
Zahrádka u Starého Sedla;Zahrádka u Starého Sedla;katastr
Kamenice u Jihlavy;Kamenice u Jihlavy;katastr
Jetřichov;Jetřichov;katastr
Zliv u Českých Budějovic;Zliv u Českých Budějovic;katastr
Dolní Oldřiš;Dolní Oldřiš;katastr
Výškov u Počerad;Výškov u Počerad;katastr
Hrušková;Hrušková;katastr
Biřkov;Biřkov;katastr
Tisem;Tisem;katastr
Medlov;Medlov;katastr
Dobronice u Bechyně;Dobronice u Bechyně;katastr
Šerkov;Šerkov;katastr
Hostišová;Hostišová;katastr
Šindelová;Šindelová;katastr
Hranice u Nových Hradů;Hranice u Nových Hradů;katastr
Kožlí u Myštic;Kožlí u Myštic;katastr
Žiželice u Žatce;Žiželice u Žatce;katastr
Hodoviz;Hodoviz;katastr
Předměřice nad Labem;Předměřice nad Labem;katastr
Kuroslepy;Kuroslepy;katastr
Obora u Šindelové;Obora u Šindelové;katastr
Kdyně;Kdyně;katastr
Jiřín;Jiřín;katastr
Želeč u Žatce;Želeč u Žatce;katastr
Březí u Šebestěnic;Březí u Šebestěnic;katastr
Brod nad Dyjí;Brod nad Dyjí;katastr
Kostelecký Dvůr;Kostelecký Dvůr;katastr
Malá Morava;Malá Morava;katastr
Mlékojedy u Neratovic;Mlékojedy u Neratovic;katastr
Domamyslice;Domamyslice;katastr
Polní Chrčice;Polní Chrčice;katastr
Zahrádka u Čachrova;Zahrádka u Čachrova;katastr
Jankovská Lhota;Jankovská Lhota;katastr
Ořechov;Ořechov;katastr
Havlovice u Domažlic;Havlovice u Domažlic;katastr
Velká Ves;Velká Ves;katastr
Štiptoň;Štiptoň;katastr
Vonšov;Vonšov;katastr
Neratovice;Neratovice;katastr
Volyně u Výsluní;Volyně u Výsluní;katastr
Bedřichov u Zhořce;Bedřichov u Zhořce;katastr
Pohoř;Pohoř;katastr
Troja;Troja;katastr
Šindlov;Šindlov;katastr
Libkov;Libkov;katastr
Hubenice;Hubenice;katastr
Újezdec u Mělníka;Újezdec u Mělníka;katastr
Travná u Horního Bradla;Travná u Horního Bradla;katastr
Loučka u Bílska;Loučka u Bílska;katastr
Ruda u Nového Strašecí;Ruda u Nového Strašecí;katastr
Radiměř;Radiměř;katastr
Ohaře;Ohaře;katastr
Boršov nad Vltavou;Boršov nad Vltavou;katastr
Maňávka u Českého Krumlova;Maňávka u Českého Krumlova;katastr
Lelekovice;Lelekovice;katastr
Hájek u Všerub;Hájek u Všerub;katastr
Hřebečníky;Hřebečníky;katastr
Ledce u Stránky;Ledce u Stránky;katastr
Hladov;Hladov;katastr
Litoradlice;Litoradlice;katastr
Březiny u Poličky;Březiny u Poličky;katastr
Popice;Popice;katastr
Pernink;Pernink;katastr
Borová Lada;Borová Lada;katastr
Rodinov;Rodinov;katastr
Zhořec u Bezdružic;Zhořec u Bezdružic;katastr
Ráječko;Ráječko;katastr
Lázně Kynžvart;Lázně Kynžvart;katastr
Záhoří u Humpolce;Záhoří u Humpolce;katastr
Dlouhá Stráň;Dlouhá Stráň;katastr
Chotěšov;Chotěšov;katastr
Smilovice u Luštěnic;Smilovice u Luštěnic;katastr
Pitrov;Pitrov;katastr
Rašovice u Nymburka;Rašovice u Nymburka;katastr
Vlková;Vlková;katastr
Knínice;Knínice;katastr
Okoř;Okoř;katastr
Slivonice;Slivonice;katastr
Sedlejov;Sedlejov;katastr
Nýřany;Nýřany;katastr
Poušť;Poušť;katastr
Markvartice v Podještědí;Markvartice v Podještědí;katastr
Černá Voda u Orlického Záhoří;Černá Voda u Orlického Záhoří;katastr
Měchov;Měchov;katastr
Mladotice u Čachrova;Mladotice u Čachrova;katastr
Hostovlice;Hostovlice;katastr
Mostek u Křižovatky;Mostek u Křižovatky;katastr
Velké Bílovice;Velké Bílovice;katastr
Třebovice;Třebovice;katastr
Jelenice;Jelenice;katastr
Omlenice;Omlenice;katastr
Křetín;Křetín;katastr
Nusle;Nusle;katastr
Kozlovice u Nepomuka;Kozlovice u Nepomuka;katastr
Jablonné v Podještědí;Jablonné v Podještědí;katastr
Nížkovice;Nížkovice;katastr
Brť;Brť;katastr
Vísky;Vísky;katastr
Moravice;Moravice;katastr
Dolní Kralovice;Dolní Kralovice;katastr
Jindřichovice na Moravě;Jindřichovice na Moravě;katastr
Čejetice u Mladé Boleslavi;Čejetice u Mladé Boleslavi;katastr
Bylany u Mostu;Bylany u Mostu;katastr
Rabyně;Rabyně;katastr
Mysliboř;Mysliboř;katastr
Třtice nad Olešnicí;Třtice nad Olešnicí;katastr
Výškovice u Michalových Hor;Výškovice u Michalových Hor;katastr
Hostomice nad Bílinou;Hostomice nad Bílinou;katastr
Bransouze;Bransouze;katastr
Ostrov nad Ohří;Ostrov nad Ohří;katastr
Stádlec;Stádlec;katastr
Rašovka;Rašovka;katastr
Hřibsko;Hřibsko;katastr
Sedlec u Libochovic;Sedlec u Libochovic;katastr
Vysoká Jedle;Vysoká Jedle;katastr
Topolany u Vyškova;Topolany u Vyškova;katastr
Slavkov pod Hostýnem;Slavkov pod Hostýnem;katastr
Semice u Písku;Semice u Písku;katastr
Komora;Komora;katastr
Uhlířská Lhota;Uhlířská Lhota;katastr
Radošov u Kyselky;Radošov u Kyselky;katastr
Bílý Potok pod Smrkem;Bílý Potok pod Smrkem;katastr
Malešov u Hoštky;Malešov u Hoštky;katastr
Bílkovice;Bílkovice;katastr
Domašín u Klášterce nad Ohří;Domašín u Klášterce nad Ohří;katastr
Čímice u Sušice;Čímice u Sušice;katastr
Vícenice u Klatov;Vícenice u Klatov;katastr
Újezd u Kasejovic;Újezd u Kasejovic;katastr
Dubnice pod Ralskem;Dubnice pod Ralskem;katastr
Heršpice;Heršpice;katastr
Poseč;Poseč;katastr
České Vrbné;České Vrbné;katastr
Brtnička;Brtnička;katastr
Petrovice u Blanska;Petrovice u Blanska;katastr
Obecnice;Obecnice;katastr
Lhůta u Vysokého Mýta;Lhůta u Vysokého Mýta;katastr
Krakořice;Krakořice;katastr
Netřebice;Netřebice;katastr
Sedlec u Mikulova;Sedlec u Mikulova;katastr
Písty;Písty;katastr
Hoštěc;Hoštěc;katastr
Střítež u Volyně;Střítež u Volyně;katastr
Smrček u Žumberku;Smrček u Žumberku;katastr
Kamenný Dvůr;Kamenný Dvůr;katastr
Dlouhá;Dlouhá;katastr
Sulimov;Sulimov;katastr
Tuchoraz;Tuchoraz;katastr
Štěpánovice u Klatov;Štěpánovice u Klatov;katastr
Borek u Miletína;Borek u Miletína;katastr
Svařenice;Svařenice;katastr
Libčice;Libčice;katastr
Budčeves;Budčeves;katastr
Zdechovice;Zdechovice;katastr
Strážnice na Moravě;Strážnice na Moravě;katastr
Sobětice u Žimutic;Sobětice u Žimutic;katastr
Domaslavice;Domaslavice;katastr
Hoštka;Hoštka;katastr
Stanovice;Stanovice;katastr
Jablůnka;Jablůnka;katastr
Edrovice;Edrovice;katastr
Kvítkovice u Lipí;Kvítkovice u Lipí;katastr
Karlov u Roškopova;Karlov u Roškopova;katastr
Lomec;Lomec;katastr
Brtná;Brtná;katastr
Střílky;Střílky;katastr
Záhraď;Záhraď;katastr
Zhořec u Pacova;Zhořec u Pacova;katastr
Zadní Chalupy;Zadní Chalupy;katastr
Levínská Olešnice;Levínská Olešnice;katastr
Krajková;Krajková;katastr
Bezdědice u Hostomic;Bezdědice u Hostomic;katastr
Charváty;Charváty;katastr
Broumov;Broumov;katastr
Zálužice I;Zálužice I;katastr
Heřmanice u Nové Paky;Heřmanice u Nové Paky;katastr
Studénka nad Odrou;Studénka nad Odrou;katastr
Radčice u Malont;Radčice u Malont;katastr
Malý Háj;Malý Háj;katastr
Běsno;Běsno;katastr
Světlá u Hartmanic;Světlá u Hartmanic;katastr
Cholunná;Cholunná;katastr
Mýto v Čechách;Mýto v Čechách;katastr
Putim;Putim;katastr
Jevišovka;Jevišovka;katastr
Nevřeň;Nevřeň;katastr
Úžice u Kralup nad Vltavou;Úžice u Kralup nad Vltavou;katastr
Vyskytná;Vyskytná;katastr
Kudlovice;Kudlovice;katastr
Chodeč;Chodeč;katastr
Chudobín;Chudobín;katastr
Lišice u Sulovic;Lišice u Sulovic;katastr
Kluky;Kluky;katastr
Úvaly u Valtic;Úvaly u Valtic;katastr
Nový Hrozenkov;Nový Hrozenkov;katastr
Kocourov;Kocourov;katastr
Drozdov v Čechách;Drozdov v Čechách;katastr
Nové Kopisty;Nové Kopisty;katastr
Starosedlský Hrádek;Starosedlský Hrádek;katastr
Únanov;Únanov;katastr
Vykmanov u Ostrova;Vykmanov u Ostrova;katastr
Hrbov u Lhenic;Hrbov u Lhenic;katastr
Korno;Korno;katastr
Borek u Rokycan;Borek u Rokycan;katastr
Dubí-Pozorka;Dubí-Pozorka;katastr
Prodašice;Prodašice;katastr
Katov;Katov;katastr
Vladořice;Vladořice;katastr
Velmovice;Velmovice;katastr
Voznice;Voznice;katastr
Rašovice u Hlasiva;Rašovice u Hlasiva;katastr
Česká Ves v Podještědí;Česká Ves v Podještědí;katastr
Mezná u Pelhřimova;Mezná u Pelhřimova;katastr
Letky;Letky;katastr
Knapovec;Knapovec;katastr
Láz u Radomyšle;Láz u Radomyšle;katastr
Dolejší Krušec;Dolejší Krušec;katastr
Lednice na Moravě;Lednice na Moravě;katastr
Vojslavice nad Želivkou;Vojslavice nad Želivkou;katastr
Prusy;Prusy;katastr
Trhové Dušníky;Trhové Dušníky;katastr
Střelice u Litovle;Střelice u Litovle;katastr
Blansko;Blansko;katastr
Dolní Pochlovice;Dolní Pochlovice;katastr
Dolní Houžovec;Dolní Houžovec;katastr
Rejhotice;Rejhotice;katastr
Bakov;Bakov;katastr
Životice u Kasejovic;Životice u Kasejovic;katastr
Věž;Věž;katastr
Podmoky;Podmoky;katastr
Mladcová;Mladcová;katastr
Břeclav;Břeclav;katastr
Velká Chyška;Velká Chyška;katastr
Pačejov;Pačejov;katastr
Zábeštní Lhota;Zábeštní Lhota;katastr
Lišany u Rakovníka;Lišany u Rakovníka;katastr
Dubá;Dubá;katastr
Horní Beřkovice;Horní Beřkovice;katastr
Holušice;Holušice;katastr
Krhov;Krhov;katastr
Sudín;Sudín;katastr
Hořejší Těšov;Hořejší Těšov;katastr
Tvrdonice;Tvrdonice;katastr
Čakovičky;Čakovičky;katastr
Nové Hamry;Nové Hamry;katastr
Želetava;Želetava;katastr
Třebeš;Třebeš;katastr
Dobrá Voda u Číměře;Dobrá Voda u Číměře;katastr
Bohumilice;Bohumilice;katastr
Potok;Potok;katastr
Pištín;Pištín;katastr
Sklenov;Sklenov;katastr
Břežany u Žatce;Břežany u Žatce;katastr
Probluz;Probluz;katastr
Vajglov;Vajglov;katastr
Kotel;Kotel;katastr
Melč;Melč;katastr
Bělotín;Bělotín;katastr
Příchvoj;Příchvoj;katastr
Bratronice u Kladna;Bratronice u Kladna;katastr
Částkovice u Hostětic;Částkovice u Hostětic;katastr
Bezvěrov;Bezvěrov;katastr
Tuhnice;Tuhnice;katastr
Lhota u Zlína;Lhota u Zlína;katastr
Dolní Kramolín;Dolní Kramolín;katastr
Drahůnky;Drahůnky;katastr
Vrbice u Roudnice nad Labem;Vrbice u Roudnice nad Labem;katastr
Labuť;Labuť;katastr
Chorušice;Chorušice;katastr
Ctiněves;Ctiněves;katastr
Nadryby;Nadryby;katastr
Litochovice u Volyně;Litochovice u Volyně;katastr
Buková u Třešti;Buková u Třešti;katastr
Lázy;Lázy;katastr
Nýrsko;Nýrsko;katastr
Žeravice;Žeravice;katastr
Babice u Netolic;Babice u Netolic;katastr
Dubí-Bystřice;Dubí-Bystřice;katastr
Albrechtice u Rýmařova;Albrechtice u Rýmařova;katastr
Malonty;Malonty;katastr
Věstoňovice;Věstoňovice;katastr
Olešná u Blanska;Olešná u Blanska;katastr
Slavkov u Brna;Slavkov u Brna;katastr
Libořezy;Libořezy;katastr
Henčlov;Henčlov;katastr
Trokavec;Trokavec;katastr
Malé Hoštice;Malé Hoštice;katastr
Skomelno;Skomelno;katastr
Loubí pod Vlhoštěm;Loubí pod Vlhoštěm;katastr
Krásný Les v Krušných horách;Krásný Les v Krušných horách;katastr
Kytín;Kytín;katastr
Hovězí;Hovězí;katastr
Zámlyní;Zámlyní;katastr
Hořejší Krušec;Hořejší Krušec;katastr
Nové Mlýny;Nové Mlýny;katastr
Plachtín;Plachtín;katastr
Mratín;Mratín;katastr
Vřesník;Vřesník;katastr
Brtnice;Brtnice;katastr
Libčice nad Vltavou;Libčice nad Vltavou;katastr
Arnoštov u Českého Krumlova;Arnoštov u Českého Krumlova;katastr
Vršovice u Loun;Vršovice u Loun;katastr
Čelákovy;Čelákovy;katastr
Nové Modlany;Nové Modlany;katastr
Ovčáry u Kolína;Ovčáry u Kolína;katastr
Háj u Jindřichovic;Háj u Jindřichovic;katastr
Černá;Černá;katastr
Vysoká u Hustopečí nad Bečvou;Vysoká u Hustopečí nad Bečvou;katastr
Bochov;Bochov;katastr
Mcely;Mcely;katastr
Cihelny u Podivic;Cihelny u Podivic;katastr
Přední Lhota u Poděbrad;Přední Lhota u Poděbrad;katastr
Vůsí;Vůsí;katastr
Bedřichovka;Bedřichovka;katastr
Sadov;Sadov;katastr
Němčice;Němčice;katastr
Staňkovice u Žatce;Staňkovice u Žatce;katastr
Vlačice;Vlačice;katastr
Kladruby u Kohoutova;Kladruby u Kohoutova;katastr
Bílsko u Vodňan;Bílsko u Vodňan;katastr
Liběšovice;Liběšovice;katastr
Krašov;Krašov;katastr
Kaly;Kaly;katastr
Stříbrnice v Čechách;Stříbrnice v Čechách;katastr
Želetice u Kyjova;Želetice u Kyjova;katastr
Prášily;Prášily;katastr
Ostatky u Křenůvek;Ostatky u Křenůvek;katastr
Lety u Dobřichovic;Lety u Dobřichovic;katastr
Bečov u Mostu;Bečov u Mostu;katastr
Mezilesí;Mezilesí;katastr
Málkovice;Málkovice;katastr
Březí u Mikulova;Březí u Mikulova;katastr
Němčice u Ivančic;Němčice u Ivančic;katastr
Mirošovice u Rataj nad Sázavou;Mirošovice u Rataj nad Sázavou;katastr
Bochovice;Bochovice;katastr
Zvonovice;Zvonovice;katastr
Hostíčkov;Hostíčkov;katastr
Proseč-Obořiště;Proseč-Obořiště;katastr
Lhůta u Klatov;Lhůta u Klatov;katastr
Věckovice u Janovic nad Úhlavou;Věckovice u Janovic nad Úhlavou;katastr
Metánov;Metánov;katastr
Olšovec;Olšovec;katastr
Neprochovy;Neprochovy;katastr
Troubky nad Bečvou;Troubky nad Bečvou;katastr
Mezholezy u Horšovského Týna;Mezholezy u Horšovského Týna;katastr
Bratrouchov;Bratrouchov;katastr
Kouty nad Desnou;Kouty nad Desnou;katastr
Horní Lideč;Horní Lideč;katastr
Červené Záhoří;Červené Záhoří;katastr
Vítkovice v Krkonoších;Vítkovice v Krkonoších;katastr
Rašovice u Uhlířských Janovic;Rašovice u Uhlířských Janovic;katastr
Nesovice;Nesovice;katastr
Čimice;Čimice;katastr
Halenkov;Halenkov;katastr
Vrbička;Vrbička;katastr
Želízy;Želízy;katastr
Uherčice u Znojma;Uherčice u Znojma;katastr
Trnitá;Trnitá;katastr
Kluček;Kluček;katastr
Lochousice;Lochousice;katastr
Vitín u Počepic;Vitín u Počepic;katastr
Lipanovice;Lipanovice;katastr
Klášterec nad Orlicí;Klášterec nad Orlicí;katastr
Lučice na Moravě;Lučice na Moravě;katastr
Dvory u Lažišť;Dvory u Lažišť;katastr
Kanovsko;Kanovsko;katastr
Dlouhá Lhota u Tábora;Dlouhá Lhota u Tábora;katastr
Horní Rokytňany;Horní Rokytňany;katastr
Růžďka;Růžďka;katastr
Romava;Romava;katastr
Sedlec u Kralovic;Sedlec u Kralovic;katastr
Závsí;Závsí;katastr
Vitice u Humpolce;Vitice u Humpolce;katastr
Velká Lhota u Valašského Meziříčí;Velká Lhota u Valašského Meziříčí;katastr
Staré Město u Bruntálu;Staré Město u Bruntálu;katastr
Libovice;Libovice;katastr
Osinky u Krumsína;Osinky u Krumsína;katastr
Dubečno;Dubečno;katastr
Šnekov;Šnekov;katastr
Cheznovice;Cheznovice;katastr
Byškovice;Byškovice;katastr
Slatina u Hostouně;Slatina u Hostouně;katastr
Třemešné;Třemešné;katastr
Chrastava I;Chrastava I;katastr
Nový Jičín-Dolní Předměstí;Nový Jičín-Dolní Předměstí;katastr
Újezdec u Mochtína;Újezdec u Mochtína;katastr
Havraň;Havraň;katastr
Proseničky;Proseničky;katastr
Podlázky;Podlázky;katastr
Ohrazenice na Moravě;Ohrazenice na Moravě;katastr
Staré Sedliště;Staré Sedliště;katastr
Hranické Loučky;Hranické Loučky;katastr
Dolní Beřkovice;Dolní Beřkovice;katastr
Mnichovice u Loučovic;Mnichovice u Loučovic;katastr
Horka u Libochovic;Horka u Libochovic;katastr
Koryta u Hněvanova;Koryta u Hněvanova;katastr
Kelč-Staré Město;Kelč-Staré Město;katastr
Podmoky u Městce Králové;Podmoky u Městce Králové;katastr
Študlov u Vítějevsi;Študlov u Vítějevsi;katastr
Kněžpole u Uherského Hradiště;Kněžpole u Uherského Hradiště;katastr
Dolní Šebířov;Dolní Šebířov;katastr
Kosoř;Kosoř;katastr
Boubín;Boubín;katastr
Žatec;Žatec;katastr
Bratčice u Potěh;Bratčice u Potěh;katastr
Letošov;Letošov;katastr
Střížkov;Střížkov;katastr
Ústí u Vsetína;Ústí u Vsetína;katastr
Milčeves;Milčeves;katastr
Oslavany;Oslavany;katastr
Drhovice;Drhovice;katastr
Budětice;Budětice;katastr
Ocmanice;Ocmanice;katastr
Dolejší Těšov;Dolejší Těšov;katastr
Moravská Nová Ves;Moravská Nová Ves;katastr
Vstiš;Vstiš;katastr
Oselce;Oselce;katastr
Krymlov;Krymlov;katastr
Roztěž;Roztěž;katastr
Stranná u Telče;Stranná u Telče;katastr
Vodokrty;Vodokrty;katastr
Březovice;Březovice;katastr
Dobroše;Dobroše;katastr
Předonín;Předonín;katastr
Třebutičky;Třebutičky;katastr
Charvátská Nová Ves;Charvátská Nová Ves;katastr
Vlčtejn;Vlčtejn;katastr
Ležky;Ležky;katastr
Horní Sytová;Horní Sytová;katastr
Vojkovice u Kralup nad Vltavou;Vojkovice u Kralup nad Vltavou;katastr
Louky nad Dřevnicí;Louky nad Dřevnicí;katastr
Vlašim;Vlašim;katastr
Hlásnice u Šternberka;Hlásnice u Šternberka;katastr
Uhelná Příbram;Uhelná Příbram;katastr
Mnichovo Hradiště;Mnichovo Hradiště;katastr
Biskupice u Hrotovic;Biskupice u Hrotovic;katastr
Tlestky;Tlestky;katastr
Spytovice;Spytovice;katastr
Vlkanov u Nového Kramolína;Vlkanov u Nového Kramolína;katastr
Stránka u Mšena;Stránka u Mšena;katastr
Jamné u Tišnova;Jamné u Tišnova;katastr
Nová Role;Nová Role;katastr
Soběsuky;Soběsuky;katastr
Býčkovice;Býčkovice;katastr
Jablonec u Českého Krumlova;Jablonec u Českého Krumlova;katastr
Mastířovice;Mastířovice;katastr
Topělec;Topělec;katastr
Občiny u Drahan;Občiny u Drahan;katastr
Tymákov;Tymákov;katastr
Chloumek u Hořic;Chloumek u Hořic;katastr
Trhavice;Trhavice;katastr
Martinice u Onšova;Martinice u Onšova;katastr
Oldřichov v Hájích;Oldřichov v Hájích;katastr
Senorady;Senorady;katastr
Žilov;Žilov;katastr
Bezník;Bezník;katastr
Vlachovice;Vlachovice;katastr
Hryzely;Hryzely;katastr
Císařov;Císařov;katastr
Domaslavičky;Domaslavičky;katastr
Tisová u Vysokého Mýta;Tisová u Vysokého Mýta;katastr
Orasice;Orasice;katastr
Bystřička I;Bystřička I;katastr
Krakovčice;Krakovčice;katastr
Bošovice u Čížové;Bošovice u Čížové;katastr
Střevač;Střevač;katastr
Oskava;Oskava;katastr
Stojčín;Stojčín;katastr
Nová Ves I;Nová Ves I;katastr
Obděnice;Obděnice;katastr
Malenovice u Zlína;Malenovice u Zlína;katastr
Arneštovice;Arneštovice;katastr
Rouské;Rouské;katastr
Kostěnice;Kostěnice;katastr
Jezeří;Jezeří;katastr
Bušovice;Bušovice;katastr
Těšetiny;Těšetiny;katastr
Krasoňovice;Krasoňovice;katastr
Ostrožská Lhota;Ostrožská Lhota;katastr
Kněževes u Prahy;Kněževes u Prahy;katastr
Lhenice u Bžan;Lhenice u Bžan;katastr
Mankovice;Mankovice;katastr
Litol;Litol;katastr
Sedlec u Temelína;Sedlec u Temelína;katastr
Stará Knížecí Huť;Stará Knížecí Huť;katastr
Bezděkov u Velké Bíteše;Bezděkov u Velké Bíteše;katastr
Vlčí;Vlčí;katastr
Kotouň;Kotouň;katastr
Stolín;Stolín;katastr
Rohoznice u Hořic;Rohoznice u Hořic;katastr
Bystřice u Benešova;Bystřice u Benešova;katastr
Nedvězí u Olomouce;Nedvězí u Olomouce;katastr
Léskovec;Léskovec;katastr
Přívozec;Přívozec;katastr
Nová Ves u Křižovatky;Nová Ves u Křižovatky;katastr
Letkovice;Letkovice;katastr
Veliš;Veliš;katastr
Bavory;Bavory;katastr
Slezské Předměstí;Slezské Předměstí;katastr
Heřmánky;Heřmánky;katastr
Mladošovice;Mladošovice;katastr
Výžerky;Výžerky;katastr
Lipí u Náchoda;Lipí u Náchoda;katastr
Dobroutov;Dobroutov;katastr
Zubčice;Zubčice;katastr
Horní Moravice;Horní Moravice;katastr
Vrbice u Hořoviček;Vrbice u Hořoviček;katastr
Kylešovice;Kylešovice;katastr
Vyšovatka;Vyšovatka;katastr
Chvalkovice v Čechách;Chvalkovice v Čechách;katastr
Domaslav;Domaslav;katastr
Zvěstonín;Zvěstonín;katastr
Zahorčice u Volyně;Zahorčice u Volyně;katastr
Orlické Zlákovice;Orlické Zlákovice;katastr
Mnichovský Týnec;Mnichovský Týnec;katastr
Hojšín;Hojšín;katastr
Útušice;Útušice;katastr
Kryry;Kryry;katastr
Pohled;Pohled;katastr
Záhoří u Verušiček;Záhoří u Verušiček;katastr
Olešnice v Orlických horách;Olešnice v Orlických horách;katastr
Kamení;Kamení;katastr
Brzkov;Brzkov;katastr
Žumberk u Nových Hradů;Žumberk u Nových Hradů;katastr
Bukovice;Bukovice;katastr
Kšice;Kšice;katastr
Včelná;Včelná;katastr
Metujka;Metujka;katastr
Horka u Chrudimi;Horka u Chrudimi;katastr
Přestavlky u Roudnice nad Labem;Přestavlky u Roudnice nad Labem;katastr
Únětice u Blovic;Únětice u Blovic;katastr
Radochovy;Radochovy;katastr
Božanov;Božanov;katastr
Krchlebská Lhota;Krchlebská Lhota;katastr
Zubří u Nového Města na Moravě;Zubří u Nového Města na Moravě;katastr
Drahouš;Drahouš;katastr
Sopotnice;Sopotnice;katastr
Šumavské Hoštice;Šumavské Hoštice;katastr
Městec u Nahořan;Městec u Nahořan;katastr
Štítov u Blovic;Štítov u Blovic;katastr
Jedlí;Jedlí;katastr
Svíba;Svíba;katastr
Konojedy;Konojedy;katastr
Štítary u Krásné;Štítary u Krásné;katastr
Pohořelice nad Jihlavou;Pohořelice nad Jihlavou;katastr
Lesov;Lesov;katastr
Kelčany;Kelčany;katastr
Jedousov;Jedousov;katastr
Doksy u Máchova jezera;Doksy u Máchova jezera;katastr
Všekary;Všekary;katastr
Studce;Studce;katastr
Lhota u Sedla;Lhota u Sedla;katastr
Dehtín;Dehtín;katastr
Trstěnice u Moravského Krumlova;Trstěnice u Moravského Krumlova;katastr
Klatovy;Klatovy;katastr
Rojšín;Rojšín;katastr
Brodek u Přerova;Brodek u Přerova;katastr
Chlum Svaté Maří;Chlum Svaté Maří;katastr
Tis u Habrů;Tis u Habrů;katastr
Šlovice u Plzně;Šlovice u Plzně;katastr
Velké Němčice;Velké Němčice;katastr
Bolechovice I;Bolechovice I;katastr
Brněnec;Brněnec;katastr
Bojanovice u Zlobic;Bojanovice u Zlobic;katastr
Kvilda;Kvilda;katastr
Vranov u Mnichova;Vranov u Mnichova;katastr
Kobylnice nad Doubravou;Kobylnice nad Doubravou;katastr
Rusava;Rusava;katastr
Petřvald u Nového Jičína;Petřvald u Nového Jičína;katastr
Horní Vilímeč;Horní Vilímeč;katastr
Dobronín;Dobronín;katastr
Buštěhrad;Buštěhrad;katastr
Josefov u Rožné;Josefov u Rožné;katastr
Drážkov;Drážkov;katastr
Vojkovice u Židlochovic;Vojkovice u Židlochovic;katastr
Nová Ves u Dírné;Nová Ves u Dírné;katastr
Sklené u Žďáru nad Sázavou;Sklené u Žďáru nad Sázavou;katastr
Žďár u Blovic;Žďár u Blovic;katastr
Křenice u Prahy;Křenice u Prahy;katastr
Divišov u Benešova;Divišov u Benešova;katastr
Mrklov;Mrklov;katastr
Mezholezy u Kutné Hory;Mezholezy u Kutné Hory;katastr
Dušníky;Dušníky;katastr
Libiš;Libiš;katastr
Věvrov;Věvrov;katastr
Horní Rozmyšl;Horní Rozmyšl;katastr
Veselí-Předměstí;Veselí-Předměstí;katastr
Lelov;Lelov;katastr
Hejnov;Hejnov;katastr
Děkanovice;Děkanovice;katastr
Andělka;Andělka;katastr
Žádlovice;Žádlovice;katastr
Třebětín;Třebětín;katastr
Písařova Vesce;Písařova Vesce;katastr
Lhota u Trutnova;Lhota u Trutnova;katastr
Havlovice u Miřetic;Havlovice u Miřetic;katastr
Spálené Poříčí;Spálené Poříčí;katastr
Želejov;Želejov;katastr
Pukšice;Pukšice;katastr
Kamenec u Poličky;Kamenec u Poličky;katastr
Mirošov u Valašských Klobouk;Mirošov u Valašských Klobouk;katastr
Zábrdí u Lažišť;Zábrdí u Lažišť;katastr
Lhotka;Lhotka;katastr
Sudovice;Sudovice;katastr
Jaroslavice u Zlína;Jaroslavice u Zlína;katastr
Korycany;Korycany;katastr
Petrov u Hodonína;Petrov u Hodonína;katastr
Zalešany;Zalešany;katastr
Krásná;Krásná;katastr
Hvězdoňovice;Hvězdoňovice;katastr
Janova Ves;Janova Ves;katastr
Pomezí na Šumavě;Pomezí na Šumavě;katastr
Popov u Stříbra;Popov u Stříbra;katastr
Rašovice u Bučovic;Rašovice u Bučovic;katastr
Břízsko;Břízsko;katastr
Lutotín;Lutotín;katastr
Zahořany u Mníšku pod Brdy;Zahořany u Mníšku pod Brdy;katastr
Dolní Javoří;Dolní Javoří;katastr
Včelnička;Včelnička;katastr
Svinná u České Třebové;Svinná u České Třebové;katastr
Hrubá Voda;Hrubá Voda;katastr
Vrbičany;Vrbičany;katastr
Velké Poříčí;Velké Poříčí;katastr
Horušany;Horušany;katastr
Břest;Břest;katastr
Křížatky;Křížatky;katastr
Široký Důl;Široký Důl;katastr
Zlámanka;Zlámanka;katastr
Dřísy;Dřísy;katastr
Dobříčany;Dobříčany;katastr
Stehelčeves;Stehelčeves;katastr
Vysoké Žibřidovice;Vysoké Žibřidovice;katastr
Mochtín;Mochtín;katastr
Kotousov;Kotousov;katastr
Lošánky;Lošánky;katastr
Lhůta u Tymákova;Lhůta u Tymákova;katastr
Lískovice;Lískovice;katastr
Skašov;Skašov;katastr
Boháňka;Boháňka;katastr
Milonice u Lipůvky;Milonice u Lipůvky;katastr
Jevíčko-město;Jevíčko-město;katastr
Velké Heraltice;Velké Heraltice;katastr
Němčovice;Němčovice;katastr
Zechovice;Zechovice;katastr
Niměřice;Niměřice;katastr
Horní Folmava;Horní Folmava;katastr
Jarošov u Uherského Hradiště;Jarošov u Uherského Hradiště;katastr
Krupka;Krupka;katastr
Ivančice;Ivančice;katastr
Prackovice nad Labem;Prackovice nad Labem;katastr
Kamenka;Kamenka;katastr
Smědeč;Smědeč;katastr
Čavyně;Čavyně;katastr
Bořetín u Strmilova;Bořetín u Strmilova;katastr
Děhylov;Děhylov;katastr
Patřín;Patřín;katastr
Vinice u Městce Králové;Vinice u Městce Králové;katastr
Ostrý;Ostrý;katastr
Dobrá u Frýdku-Místku;Dobrá u Frýdku-Místku;katastr
Slezský Kočov;Slezský Kočov;katastr
Unkovice;Unkovice;katastr
Vyšehněvice;Vyšehněvice;katastr
Nová Ves nad Lužnicí;Nová Ves nad Lužnicí;katastr
Oborná;Oborná;katastr
Otěšín;Otěšín;katastr
Janov u Hřenska;Janov u Hřenska;katastr
Starý Knín;Starý Knín;katastr
Benetice;Benetice;katastr
Liberec;Liberec;katastr
Krsy;Krsy;katastr
Kuřimany;Kuřimany;katastr
Tupesy u Přelouče;Tupesy u Přelouče;katastr
Staré Smrkovice;Staré Smrkovice;katastr
Plevňov;Plevňov;katastr
Milovice;Milovice;katastr
Čtyřkoly;Čtyřkoly;katastr
Andělská Hora u Chrastavy;Andělská Hora u Chrastavy;katastr
Kunčice;Kunčice;katastr
Třebíška;Třebíška;katastr
Dobrošov;Dobrošov;katastr
Bukovany u Týnce nad Sázavou;Bukovany u Týnce nad Sázavou;katastr
Medlov u Zborovic;Medlov u Zborovic;katastr
Kaničky;Kaničky;katastr
Židovice;Židovice;katastr
Rašín;Rašín;katastr
Dolní Suchá u Chotyně;Dolní Suchá u Chotyně;katastr
Roupov;Roupov;katastr
Kořenec;Kořenec;katastr
Jasánky;Jasánky;katastr
Loučná;Loučná;katastr
Kociánov;Kociánov;katastr
Šebestěnice;Šebestěnice;katastr
Ivaň;Ivaň;katastr
Dubice u České Lípy;Dubice u České Lípy;katastr
Stanový;Stanový;katastr
Klikařov;Klikařov;katastr
Dřínov u Komořan;Dřínov u Komořan;katastr
Oldřichovice u Ústí nad Orlicí;Oldřichovice u Ústí nad Orlicí;katastr
Veselá u Častrova;Veselá u Častrova;katastr
Hološiny;Hološiny;katastr
Sedlečko u Veliše;Sedlečko u Veliše;katastr
Šťáhlavy;Šťáhlavy;katastr
Hlinsko v Čechách;Hlinsko v Čechách;katastr
Machovice;Machovice;katastr
Hraničné Petrovice;Hraničné Petrovice;katastr
Mníšek pod Brdy;Mníšek pod Brdy;katastr
Radim u Jičína;Radim u Jičína;katastr
Laziště u Pertoltic;Laziště u Pertoltic;katastr
Hořiněves;Hořiněves;katastr
Rakovice;Rakovice;katastr
Modlíkov u Přibyslavi;Modlíkov u Přibyslavi;katastr
Jestřebí u Brtnice;Jestřebí u Brtnice;katastr
Hodkov;Hodkov;katastr
Ludgeřovice;Ludgeřovice;katastr
Broumov u Zadního Chodova;Broumov u Zadního Chodova;katastr
Vysoká u Havlíčkova Brodu;Vysoká u Havlíčkova Brodu;katastr
Pšov u Žlutic;Pšov u Žlutic;katastr
Tupesy na Moravě;Tupesy na Moravě;katastr
Kaliště u Lipí;Kaliště u Lipí;katastr
Horky u Želetavy;Horky u Želetavy;katastr
Kamenný Přívoz;Kamenný Přívoz;katastr
Pozořice;Pozořice;katastr
Ježovy;Ježovy;katastr
Hoděčín;Hoděčín;katastr
Šelešovice;Šelešovice;katastr
Pyšely;Pyšely;katastr
Popovice u Dolního Bukovska;Popovice u Dolního Bukovska;katastr
Březnice;Březnice;katastr
Opočno nad Loučnou;Opočno nad Loučnou;katastr
Poláky;Poláky;katastr
Přímětice;Přímětice;katastr
Vavřinec;Vavřinec;katastr
Vacenovice;Vacenovice;katastr
Nelahozeves;Nelahozeves;katastr
Libíč;Libíč;katastr
Klucké Chvalovice;Klucké Chvalovice;katastr
Lužná u Vsetína;Lužná u Vsetína;katastr
Újezd u Valašských Klobouk;Újezd u Valašských Klobouk;katastr
Sulovice;Sulovice;katastr
Stružinec;Stružinec;katastr
Františkov u Liberce;Františkov u Liberce;katastr
Štiřín;Štiřín;katastr
Filipov;Filipov;katastr
Dobrovítova Lhota;Dobrovítova Lhota;katastr
Bystřany-Světice;Bystřany-Světice;katastr
Přílepy u Holešova;Přílepy u Holešova;katastr
Dvorec;Dvorec;katastr
Hradčany u Tišnova;Hradčany u Tišnova;katastr
Zahrady;Zahrady;katastr
Podveky;Podveky;katastr
Pyšel;Pyšel;katastr
Křesanov;Křesanov;katastr
Veselí nad Moravou;Veselí nad Moravou;katastr
Vysoká Pec u Nejdku;Vysoká Pec u Nejdku;katastr
Křižanovice u Bučovic;Křižanovice u Bučovic;katastr
Třebelice;Třebelice;katastr
Michalovice u Havlíčkova Brodu;Michalovice u Havlíčkova Brodu;katastr
Dolní Rápotice;Dolní Rápotice;katastr
Čížkov u Blovic;Čížkov u Blovic;katastr
Čenkov u Malšic;Čenkov u Malšic;katastr
Skalice u Znojma;Skalice u Znojma;katastr
Vlkov u Rakovníka;Vlkov u Rakovníka;katastr
Popovice u Přerova;Popovice u Přerova;katastr
Droužkovice;Droužkovice;katastr
Ostašovice;Ostašovice;katastr
Olešno;Olešno;katastr
Bochoř;Bochoř;katastr
Dominikální Paseky;Dominikální Paseky;katastr
Vlastislav;Vlastislav;katastr
Loučeň;Loučeň;katastr
Nový Poddvorov;Nový Poddvorov;katastr
Hořany u Kutné Hory;Hořany u Kutné Hory;katastr
Životice u Nového Jičína;Životice u Nového Jičína;katastr
Srní u Boče;Srní u Boče;katastr
Borek u Štědré;Borek u Štědré;katastr
Líšná;Líšná;katastr
Makov u Předslavi;Makov u Předslavi;katastr
Častohostice;Častohostice;katastr
Jinočany;Jinočany;katastr
Batelov;Batelov;katastr
Javorná na Šumavě;Javorná na Šumavě;katastr
Polánka u Moravského Krumlova;Polánka u Moravského Krumlova;katastr
Otěvěky;Otěvěky;katastr
Hrušovany u Brna;Hrušovany u Brna;katastr
Lobzy u Ošelína;Lobzy u Ošelína;katastr
Kundratice u Rozsoch;Kundratice u Rozsoch;katastr
Malotice;Malotice;katastr
Nebovidy;Nebovidy;katastr
Verušičky;Verušičky;katastr
Krsov;Krsov;katastr
Chodská Lhota;Chodská Lhota;katastr
Hlinná;Hlinná;katastr
Nechvalice u Bystřan;Nechvalice u Bystřan;katastr
Jindřichov u Hranic;Jindřichov u Hranic;katastr
Všestudy;Všestudy;katastr
Kněž;Kněž;katastr
Břežánky;Břežánky;katastr
Smrk u Úžic;Smrk u Úžic;katastr
Podomí;Podomí;katastr
Příštpo;Příštpo;katastr
Buk pod Boubínem;Buk pod Boubínem;katastr
Rácovice;Rácovice;katastr
Borek nad Sázavou;Borek nad Sázavou;katastr
Arnolec;Arnolec;katastr
Všeteč;Všeteč;katastr
Kašnice;Kašnice;katastr
Záboří u Kel;Záboří u Kel;katastr
Chlum u Blatné;Chlum u Blatné;katastr
Podhořany;Podhořany;katastr
Nová Ves u Voděrad;Nová Ves u Voděrad;katastr
Lošany;Lošany;katastr
Čeradice u Žatce;Čeradice u Žatce;katastr
Sýrovice;Sýrovice;katastr
Boršov u Moravské Třebové;Boršov u Moravské Třebové;katastr
Kopytov;Kopytov;katastr
Trboušany;Trboušany;katastr
Sobotka;Sobotka;katastr
Knížecí;Knížecí;katastr
Strměchy;Strměchy;katastr
Přední Ždírnice;Přední Ždírnice;katastr
Sirá;Sirá;katastr
Moravský Žižkov;Moravský Žižkov;katastr
Ostrov u Bohdanče;Ostrov u Bohdanče;katastr
Přebudov;Přebudov;katastr
Nové Městečko;Nové Městečko;katastr
Zahájí u Hluboké nad Vltavou;Zahájí u Hluboké nad Vltavou;katastr
Příluky u Zlína;Příluky u Zlína;katastr
Branov;Branov;katastr
Vojtovice;Vojtovice;katastr
Jetišov;Jetišov;katastr
Chabařovice;Chabařovice;katastr
Lučice u Chudenic;Lučice u Chudenic;katastr
Závist u Rybníku;Závist u Rybníku;katastr
Chlum u Zbýšova;Chlum u Zbýšova;katastr
Závišice;Závišice;katastr
Úsilné;Úsilné;katastr
Skryje;Skryje;katastr
Lháň;Lháň;katastr
Miletín u Onomyšle;Miletín u Onomyšle;katastr
Mysletice;Mysletice;katastr
Stoklasná Lhota;Stoklasná Lhota;katastr
Dolní Žďár;Dolní Žďár;katastr
Bukovsko;Bukovsko;katastr
Stupice;Stupice;katastr
Pletený Újezd;Pletený Újezd;katastr
Velké Kunětice;Velké Kunětice;katastr
Ktiš;Ktiš;katastr
Luhov u Líšťan;Luhov u Líšťan;katastr
Dětřichov u Moravské Třebové;Dětřichov u Moravské Třebové;katastr
Pucheř;Pucheř;katastr
Popelištná;Popelištná;katastr
Kochov;Kochov;katastr
Újezd u Svatého Kříže;Újezd u Svatého Kříže;katastr
Libanice;Libanice;katastr
Jaronín;Jaronín;katastr
Zálesí u Javorníka;Zálesí u Javorníka;katastr
Libníč;Libníč;katastr
Přeskače;Přeskače;katastr
Dluhoště;Dluhoště;katastr
Čeperka;Čeperka;katastr
Újezdec u Bělčic;Újezdec u Bělčic;katastr
Dolní Metelsko;Dolní Metelsko;katastr
Nekvasovy;Nekvasovy;katastr
Vrskmaň;Vrskmaň;katastr
Lesná v Krušných horách;Lesná v Krušných horách;katastr
Bašnice;Bašnice;katastr
Okřesaneč;Okřesaneč;katastr
Roštín;Roštín;katastr
Starý Plzenec;Starý Plzenec;katastr
Dolní Hedeč;Dolní Hedeč;katastr
Bojmany;Bojmany;katastr
Nevojice;Nevojice;katastr
Starý Láz;Starý Láz;katastr
Tasovice nad Dyjí;Tasovice nad Dyjí;katastr
Nová Ves u Chotěšic;Nová Ves u Chotěšic;katastr
Voleč;Voleč;katastr
Kaletice;Kaletice;katastr
Dunice;Dunice;katastr
Vřesina u Opavy;Vřesina u Opavy;katastr
Kyjice;Kyjice;katastr
Bříza;Bříza;katastr
Dolní Štěpanice;Dolní Štěpanice;katastr
Korbelova Lhota;Korbelova Lhota;katastr
Příložany;Příložany;katastr
Katov u Budislavi;Katov u Budislavi;katastr
Jiratice;Jiratice;katastr
Střeble;Střeble;katastr
Postřekov;Postřekov;katastr
Habrkovice;Habrkovice;katastr
Pavlov u Unhoště;Pavlov u Unhoště;katastr
Vikýřovice;Vikýřovice;katastr
Chocomyšl;Chocomyšl;katastr
Letov;Letov;katastr
Trávník u Cvikova;Trávník u Cvikova;katastr
Mosty u Českého Těšína;Mosty u Českého Těšína;katastr
Rýchory;Rýchory;katastr
Velké Zboží;Velké Zboží;katastr
Holetín;Holetín;katastr
Lipany;Lipany;katastr
Chříč;Chříč;katastr
Milešov;Milešov;katastr
Šléglov;Šléglov;katastr
Petřkovice u Starého Jičína;Petřkovice u Starého Jičína;katastr
Nalžovské Hory;Nalžovské Hory;katastr
Líně;Líně;katastr
Hory u Votic;Hory u Votic;katastr
Podhradní Lhota;Podhradní Lhota;katastr
Lahošť;Lahošť;katastr
Vtelno;Vtelno;katastr
Sedliště u Starých Hradů;Sedliště u Starých Hradů;katastr
Klánovice;Klánovice;katastr
Polná na Šumavě;Polná na Šumavě;katastr
Lom u Tachova;Lom u Tachova;katastr
Chrášťany u Dřemčic;Chrášťany u Dřemčic;katastr
Ctiboř;Ctiboř;katastr
Netolice;Netolice;katastr
Háje nad Teplou;Háje nad Teplou;katastr
Nebeská Rybná;Nebeská Rybná;katastr
Třebýcina;Třebýcina;katastr
Horní Adršpach;Horní Adršpach;katastr
Budenín;Budenín;katastr
Příkazy u Osíčka;Příkazy u Osíčka;katastr
Předlánce;Předlánce;katastr
Těchonín;Těchonín;katastr
Lejčkov;Lejčkov;katastr
Kobyly;Kobyly;katastr
Nemyslovice;Nemyslovice;katastr
Kovářov u Žlutic;Kovářov u Žlutic;katastr
Valašské Příkazy;Valašské Příkazy;katastr
Novotníky;Novotníky;katastr
Lubě;Lubě;katastr
Žďár u Staré Paky;Žďár u Staré Paky;katastr
Točná;Točná;katastr
Předín;Předín;katastr
Libín;Libín;katastr
Žerůtky;Žerůtky;katastr
Horní Chrastava;Horní Chrastava;katastr
Lipov;Lipov;katastr
Mníšek;Mníšek;katastr
Řemenov;Řemenov;katastr
Náměšť na Hané;Náměšť na Hané;katastr
Kněževes;Kněževes;katastr
Sedlec u Starého Plzence;Sedlec u Starého Plzence;katastr
Hlávkov;Hlávkov;katastr
Polipsy;Polipsy;katastr
Veselí u Lomnice;Veselí u Lomnice;katastr
Spomyšl u Vřesové;Spomyšl u Vřesové;katastr
Markvarec u Nové Cerekve;Markvarec u Nové Cerekve;katastr
Krtely;Krtely;katastr
Poděbaby;Poděbaby;katastr
Chudeřice u Bíliny;Chudeřice u Bíliny;katastr
Dubeč;Dubeč;katastr
Oldřišov;Oldřišov;katastr
Vysoký Potok;Vysoký Potok;katastr
Třídomí;Třídomí;katastr
Tetov;Tetov;katastr
Hvízdalka;Hvízdalka;katastr
Ledce u Plzně;Ledce u Plzně;katastr
Čtyřicet Lánů;Čtyřicet Lánů;katastr
Horní Kozolupy;Horní Kozolupy;katastr
Rankovice;Rankovice;katastr
Březnice u Bechyně;Březnice u Bechyně;katastr
Rozsíčky u Telče;Rozsíčky u Telče;katastr
Jeřmanice;Jeřmanice;katastr
Dudín;Dudín;katastr
Jílové u Hodkovic nad Mohelkou;Jílové u Hodkovic nad Mohelkou;katastr
Cvikov;Cvikov;katastr
Horní Studénky;Horní Studénky;katastr
Rataje u Kroměříže;Rataje u Kroměříže;katastr
Krakovec u Rakovníka;Krakovec u Rakovníka;katastr
Oponešice;Oponešice;katastr
Hradiště u Kaplice;Hradiště u Kaplice;katastr
Neumětely;Neumětely;katastr
Skuhrov u Počepic;Skuhrov u Počepic;katastr
Horní Lutyně;Horní Lutyně;katastr
Třebeč;Třebeč;katastr
Břežany nad Ohří;Břežany nad Ohří;katastr
Sázava u Žďáru nad Sázavou;Sázava u Žďáru nad Sázavou;katastr
Vrát;Vrát;katastr
Brod u Příbramě;Brod u Příbramě;katastr
Štítary nad Radbuzou;Štítary nad Radbuzou;katastr
Přední Chlum;Přední Chlum;katastr
Prameny u Žárové;Prameny u Žárové;katastr
Hyršov;Hyršov;katastr
Holasice;Holasice;katastr
Urbanice u Praskačky;Urbanice u Praskačky;katastr
Karlín;Karlín;katastr
Hájenky;Hájenky;katastr
Hanov u Lestkova;Hanov u Lestkova;katastr
Touchovice;Touchovice;katastr
Obytce;Obytce;katastr
Lipůvka;Lipůvka;katastr
Malměřice;Malměřice;katastr
Zdechovice u Nového Bydžova;Zdechovice u Nového Bydžova;katastr
Benice;Benice;katastr
Rancířov;Rancířov;katastr
Zádub u Olbramova;Zádub u Olbramova;katastr
Hradiště nad Ohří;Hradiště nad Ohří;katastr
Libodřice;Libodřice;katastr
Zámezí;Zámezí;katastr
Borová u Poličky;Borová u Poličky;katastr
Velká Chuchle;Velká Chuchle;katastr
Radíkov u Hranic;Radíkov u Hranic;katastr
Slavětice u Všemyslic;Slavětice u Všemyslic;katastr
Palačov;Palačov;katastr
Dřemčice;Dřemčice;katastr
Přes;Přes;katastr
Hlubany;Hlubany;katastr
Bohuňovice u Litomyšle;Bohuňovice u Litomyšle;katastr
Hlubočepy;Hlubočepy;katastr
Hrabůvka u Hranic;Hrabůvka u Hranic;katastr
Sklená Huť;Sklená Huť;katastr
Zbraslavec;Zbraslavec;katastr
Břístev;Břístev;katastr
Líčkov;Líčkov;katastr
Zlatá Koruna;Zlatá Koruna;katastr
Rudné;Rudné;katastr
Čenkov u Třešti;Čenkov u Třešti;katastr
Lipina u Opavy;Lipina u Opavy;katastr
Okna u Polep;Okna u Polep;katastr
Radkova Lhota;Radkova Lhota;katastr
Špičky;Špičky;katastr
Bystřice nad Úhlavou;Bystřice nad Úhlavou;katastr
Kounické Předměstí;Kounické Předměstí;katastr
Pětipsy;Pětipsy;katastr
Víska u Strakonic;Víska u Strakonic;katastr
Jetřichovice;Jetřichovice;katastr
Hošťálkovice;Hošťálkovice;katastr
Hlinka;Hlinka;katastr
Otmanka;Otmanka;katastr
Mokré;Mokré;katastr
Nemochovice;Nemochovice;katastr
Psáře;Psáře;katastr
Cerekvička;Cerekvička;katastr
Pohořany;Pohořany;katastr
Divoky;Divoky;katastr
Lhotka u Mrákotína;Lhotka u Mrákotína;katastr
Žďár u Nalžovských Hor;Žďár u Nalžovských Hor;katastr
Němčany;Němčany;katastr
Suchý Kámen;Suchý Kámen;katastr
Skupeč;Skupeč;katastr
Svitavy-předměstí;Svitavy-předměstí;katastr
Tálín;Tálín;katastr
Hůrky u Rokycan;Hůrky u Rokycan;katastr
Boršov;Boršov;katastr
Úžice u Kutné Hory;Úžice u Kutné Hory;katastr
Sutom;Sutom;katastr
Paseka u Borových Lad;Paseka u Borových Lad;katastr
Lažany;Lažany;katastr
Žabokrky;Žabokrky;katastr
Střechov nad Sázavou;Střechov nad Sázavou;katastr
Nové Těchanovice;Nové Těchanovice;katastr
Nová Víska u Domašína;Nová Víska u Domašína;katastr
Veselí u Oder;Veselí u Oder;katastr
Boč;Boč;katastr
Skyřice;Skyřice;katastr
Láz u Nových Syrovic;Láz u Nových Syrovic;katastr
Sudislav nad Orlicí;Sudislav nad Orlicí;katastr
Milotice;Milotice;katastr
Věchnov;Věchnov;katastr
Radvanice nad Sázavou;Radvanice nad Sázavou;katastr
Velechvín;Velechvín;katastr
Hlinsko u Vráta;Hlinsko u Vráta;katastr
Skršín;Skršín;katastr
Lhota u Nahořan;Lhota u Nahořan;katastr
Horní Jirčany;Horní Jirčany;katastr
Unčín;Unčín;katastr
Mělník nad Sázavou;Mělník nad Sázavou;katastr
Vlastiboř u Železného Brodu;Vlastiboř u Železného Brodu;katastr
Častotice;Častotice;katastr
Uhlíře;Uhlíře;katastr
Jíkev;Jíkev;katastr
Moravské Budějovice;Moravské Budějovice;katastr
Lašovice;Lašovice;katastr
Krusičany;Krusičany;katastr
Valeč v Čechách;Valeč v Čechách;katastr
Vávrovice;Vávrovice;katastr
Hlušice;Hlušice;katastr
Račí;Račí;katastr
Dolní Dvorce u Telče;Dolní Dvorce u Telče;katastr
Ledečky;Ledečky;katastr
Hlína u Ivančic;Hlína u Ivančic;katastr
Strážiště u Drahobuze;Strážiště u Drahobuze;katastr
Javorník u Vysokého Mýta;Javorník u Vysokého Mýta;katastr
Hříchovice;Hříchovice;katastr
Studénka u Štoků;Studénka u Štoků;katastr
Křešice u Psinic;Křešice u Psinic;katastr
Střešovice;Střešovice;katastr
Bratřejov;Bratřejov;katastr
Počaply u Březnice;Počaply u Březnice;katastr
Velké Hamry;Velké Hamry;katastr
Raspenava;Raspenava;katastr
Chrást u Poříčan;Chrást u Poříčan;katastr
Radslavice u Vyškova;Radslavice u Vyškova;katastr
Vehlovice;Vehlovice;katastr
Číhaná u Poutnova;Číhaná u Poutnova;katastr
Vápno u Přelouče;Vápno u Přelouče;katastr
Střítež u Poličky;Střítež u Poličky;katastr
Myšenec;Myšenec;katastr
Krahulčí u Telče;Krahulčí u Telče;katastr
Těchonice;Těchonice;katastr
Albrechtice u Rozsoch;Albrechtice u Rozsoch;katastr
Nedaničky;Nedaničky;katastr
Klanečná;Klanečná;katastr
Smržov u Smiřic;Smržov u Smiřic;katastr
Tučín;Tučín;katastr
Lesní Albrechtice;Lesní Albrechtice;katastr
Spomyšl;Spomyšl;katastr
Heřmanice;Heřmanice;katastr
Česká Kubice;Česká Kubice;katastr
Vojnín;Vojnín;katastr
Měchenice;Měchenice;katastr
Meziříčko u Moravských Budějovic;Meziříčko u Moravských Budějovic;katastr
Bratkovice u Velvar;Bratkovice u Velvar;katastr
Hutě;Hutě;katastr
Stašov;Stašov;katastr
Domašov nad Bystřicí I;Domašov nad Bystřicí I;katastr
Vojtíškov;Vojtíškov;katastr
Krásná u Kraslic;Krásná u Kraslic;katastr
Křešice u Litoměřic;Křešice u Litoměřic;katastr
Solopysky u Kutné Hory;Solopysky u Kutné Hory;katastr
Kamenná Lhota u Borotína;Kamenná Lhota u Borotína;katastr
Lužce;Lužce;katastr
Krušovice;Krušovice;katastr
Kuželov;Kuželov;katastr
Samosoly;Samosoly;katastr
Těškovice;Těškovice;katastr
Jerlochovice;Jerlochovice;katastr
Břežany;Břežany;katastr
Solopysky u Loun;Solopysky u Loun;katastr
Pečetín;Pečetín;katastr
Svinný;Svinný;katastr
Branišov u Jihlavy;Branišov u Jihlavy;katastr
Brníkov;Brníkov;katastr
Přestavlky u Čerčan;Přestavlky u Čerčan;katastr
Senec u Plzně;Senec u Plzně;katastr
Petrovice u Uhelné Příbramě;Petrovice u Uhelné Příbramě;katastr
Mělník;Mělník;katastr
Zborná;Zborná;katastr
Staré Město u Moravské Třebové;Staré Město u Moravské Třebové;katastr
Přemyšlení;Přemyšlení;katastr
Studnice u Rokytna;Studnice u Rokytna;katastr
Hraničná;Hraničná;katastr
Vernířovice u Sobotína;Vernířovice u Sobotína;katastr
Vrtěšice;Vrtěšice;katastr
Nová Ves u Čížové;Nová Ves u Čížové;katastr
Kněževísko;Kněževísko;katastr
Menhartice;Menhartice;katastr
Rakovník;Rakovník;katastr
Staré Sedlo u Teplé;Staré Sedlo u Teplé;katastr
Pacov u Moravské Třebové;Pacov u Moravské Třebové;katastr
Martinov;Martinov;katastr
Nemotice;Nemotice;katastr
Kunratice u České Kamenice;Kunratice u České Kamenice;katastr
Šenov u Nového Jičína;Šenov u Nového Jičína;katastr
Kojetín u Radonic;Kojetín u Radonic;katastr
Borotín u Tábora;Borotín u Tábora;katastr
Podmolí;Podmolí;katastr
Klokočůvek;Klokočůvek;katastr
Klepačov;Klepačov;katastr
Cidlina;Cidlina;katastr
Šluknov;Šluknov;katastr
Strančice;Strančice;katastr
Lhota u Tachova;Lhota u Tachova;katastr
Úmonín;Úmonín;katastr
Podolí nad Olšavou;Podolí nad Olšavou;katastr
Vilantice;Vilantice;katastr
Malá Strana u Chotěšic;Malá Strana u Chotěšic;katastr
Termesivy;Termesivy;katastr
Chleby;Chleby;katastr
Urbanice;Urbanice;katastr
Velký Rybník u Humpolce;Velký Rybník u Humpolce;katastr
Svržno;Svržno;katastr
Kly;Kly;katastr
Chanov;Chanov;katastr
Dolní Bítovčice;Dolní Bítovčice;katastr
Němčice u Luštěnic;Němčice u Luštěnic;katastr
Údrč;Údrč;katastr
Rodvínov;Rodvínov;katastr
Sosnová;Sosnová;katastr
Potštát;Potštát;katastr
Slavče;Slavče;katastr
Hostovice u Ústí nad Labem;Hostovice u Ústí nad Labem;katastr
Krásný Jez;Krásný Jez;katastr
Klínec;Klínec;katastr
Dolní Vilímeč;Dolní Vilímeč;katastr
Řečice nad Bobrůvkou;Řečice nad Bobrůvkou;katastr
Krty;Krty;katastr
Hodkovičky;Hodkovičky;katastr
Jeníkov u Vlašimi;Jeníkov u Vlašimi;katastr
Dubčany u Choliny;Dubčany u Choliny;katastr
Ptáčov;Ptáčov;katastr
Dlouhá Ves u Sušice;Dlouhá Ves u Sušice;katastr
Úsov-město;Úsov-město;katastr
Pěčín u Trhových Svinů;Pěčín u Trhových Svinů;katastr
Stříbrná Lhota;Stříbrná Lhota;katastr
Horní Olešnice;Horní Olešnice;katastr
Svojkovice;Svojkovice;katastr
Český Šternberk;Český Šternberk;katastr
Hurtova Lhota;Hurtova Lhota;katastr
Benecko;Benecko;katastr
Lesík;Lesík;katastr
Vrtěžíř;Vrtěžíř;katastr
Bratříkovice u Nechvalic;Bratříkovice u Nechvalic;katastr
Lhota u Vsetína;Lhota u Vsetína;katastr
Poutnov;Poutnov;katastr
Janovice nad Úhlavou;Janovice nad Úhlavou;katastr
Lukavice u Rychnova nad Kněžnou;Lukavice u Rychnova nad Kněžnou;katastr
Chotčiny;Chotčiny;katastr
Jahodov;Jahodov;katastr
Lukov u Moravských Budějovic;Lukov u Moravských Budějovic;katastr
Radkyně;Radkyně;katastr
Křečhoř;Křečhoř;katastr
Blatec u Hodětína;Blatec u Hodětína;katastr
Horní Ves u Fryštáku;Horní Ves u Fryštáku;katastr
Olšovice;Olšovice;katastr
Sudslava;Sudslava;katastr
Jamné nad Orlicí;Jamné nad Orlicí;katastr
Malčice;Malčice;katastr
Hradiště u Chebu;Hradiště u Chebu;katastr
Pičín u Jankova;Pičín u Jankova;katastr
Dolní Dlouhá Loučka;Dolní Dlouhá Loučka;katastr
Nemojany;Nemojany;katastr
Mokřice;Mokřice;katastr
Nupaky;Nupaky;katastr
Žilina u Nového Jičína;Žilina u Nového Jičína;katastr
Úpice;Úpice;katastr
Červený Újezd u Zbůchu;Červený Újezd u Zbůchu;katastr
Myslůvka;Myslůvka;katastr
Oskořínek;Oskořínek;katastr
Dobkov;Dobkov;katastr
Moravčice;Moravčice;katastr
Bilina;Bilina;katastr
Uhřičice;Uhřičice;katastr
Oldřiš u Blažejova;Oldřiš u Blažejova;katastr
Staré Město u Karviné;Staré Město u Karviné;katastr
Skřipel;Skřipel;katastr
Rožany;Rožany;katastr
Louňovice pod Blaníkem;Louňovice pod Blaníkem;katastr
Němčice u Holešova;Němčice u Holešova;katastr
Líšina;Líšina;katastr
Horní Bučice;Horní Bučice;katastr
Míškovice;Míškovice;katastr
Klatovec;Klatovec;katastr
Krásný Studenec;Krásný Studenec;katastr
Bludovice u Nového Jičína;Bludovice u Nového Jičína;katastr
Vernéřov;Vernéřov;katastr
Litice u Plzně;Litice u Plzně;katastr
Bohuslavice;Bohuslavice;katastr
Račov;Račov;katastr
Želkovice u Libomyšle;Želkovice u Libomyšle;katastr
Tůně;Tůně;katastr
Útěchovice pod Stražištěm;Útěchovice pod Stražištěm;katastr
Chýně;Chýně;katastr
Hlohová;Hlohová;katastr
Jindřiš;Jindřiš;katastr
Lidmaň;Lidmaň;katastr
Ostružno;Ostružno;katastr
Bohdašice;Bohdašice;katastr
Nový Jičín-Horní Předměstí;Nový Jičín-Horní Předměstí;katastr
Čekanov;Čekanov;katastr
Horní Vltavice;Horní Vltavice;katastr
Velké Tresné;Velké Tresné;katastr
Přeckov;Přeckov;katastr
Kojkovice u Třince;Kojkovice u Třince;katastr
Čermná;Čermná;katastr
Závada u Hlučína;Závada u Hlučína;katastr
Košťany;Košťany;katastr
Křivoklát;Křivoklát;katastr
Hvozdec u Veverské Bítýšky;Hvozdec u Veverské Bítýšky;katastr
Měčín;Měčín;katastr
Bitozeves;Bitozeves;katastr
Kozlov u České Třebové;Kozlov u České Třebové;katastr
Kroučová;Kroučová;katastr
Štítary u Kolína;Štítary u Kolína;katastr
Žernov;Žernov;katastr
Velká Víska;Velká Víska;katastr
Zábřeh-VŽ;Zábřeh-VŽ;katastr
Chválov;Chválov;katastr
Zhoř nad Vltavou;Zhoř nad Vltavou;katastr
Loukov u Bystřice pod Hostýnem;Loukov u Bystřice pod Hostýnem;katastr
Bílovice;Bílovice;katastr
Ležnice;Ležnice;katastr
Bernartice u Javorníka;Bernartice u Javorníka;katastr
Lomec u Úmonína;Lomec u Úmonína;katastr
Blanice u Mladé Vožice;Blanice u Mladé Vožice;katastr
Moravské Málkovice;Moravské Málkovice;katastr
Mahouš;Mahouš;katastr
Jíloviště;Jíloviště;katastr
Levousy;Levousy;katastr
Milonice;Milonice;katastr
Březová u Úmonína;Březová u Úmonína;katastr
Horní Světlá u Bradáčova;Horní Světlá u Bradáčova;katastr
Prosetín u Bystřice nad Pernštejnem;Prosetín u Bystřice nad Pernštejnem;katastr
Mírkovice;Mírkovice;katastr
Nová Ves v Horách;Nová Ves v Horách;katastr
Moravské Prusy;Moravské Prusy;katastr
Chramostek;Chramostek;katastr
Mydlovary;Mydlovary;katastr
Záhoří u Semil;Záhoří u Semil;katastr
Čachovice;Čachovice;katastr
Lhota u Chříče;Lhota u Chříče;katastr
Donín u Hrádku nad Nisou;Donín u Hrádku nad Nisou;katastr
Bednáreček;Bednáreček;katastr
Draženov;Draženov;katastr
Zlámanec;Zlámanec;katastr
Lhota u Příbramě;Lhota u Příbramě;katastr
Jankovice u Uherského Hradiště;Jankovice u Uherského Hradiště;katastr
Jasinov;Jasinov;katastr
Slavošovice u Klatov;Slavošovice u Klatov;katastr
Lipovka u Rychnova nad Kněžnou;Lipovka u Rychnova nad Kněžnou;katastr
Jelemek;Jelemek;katastr
Krašovice u Čížové;Krašovice u Čížové;katastr
Hrubšice;Hrubšice;katastr
Vrátkov;Vrátkov;katastr
Horní Slavkov;Horní Slavkov;katastr
Žebráky;Žebráky;katastr
Moravské Vlkovice;Moravské Vlkovice;katastr
Bělá u Pecky;Bělá u Pecky;katastr
Žár u Nových Hradů;Žár u Nových Hradů;katastr
Čtyři Dvory;Čtyři Dvory;katastr
Hřebečná;Hřebečná;katastr
Libomyšl;Libomyšl;katastr
Suchý Důl v Krkonoších;Suchý Důl v Krkonoších;katastr
Křivce;Křivce;katastr
Pavlov u Herálce;Pavlov u Herálce;katastr
Chotěnice;Chotěnice;katastr
Těšín;Těšín;katastr
Vroutek;Vroutek;katastr
Krč;Krč;katastr
Bohdalov u Městečka Trnávky;Bohdalov u Městečka Trnávky;katastr
Pržno u Vsetína;Pržno u Vsetína;katastr
Olešnička;Olešnička;katastr
Ratiboř u Jindřichova Hradce;Ratiboř u Jindřichova Hradce;katastr
Vranové I;Vranové I;katastr
Libosváry;Libosváry;katastr
Sedlec u Mšena;Sedlec u Mšena;katastr
Líšnice u Mohelnice;Líšnice u Mohelnice;katastr
Horní Těrlicko;Horní Těrlicko;katastr
Kerhartice;Kerhartice;katastr
Uhlířov;Uhlířov;katastr
Vrchbělá;Vrchbělá;katastr
Úbislavice;Úbislavice;katastr
Vyšší Brod;Vyšší Brod;katastr
Karlov u Josefova Dolu;Karlov u Josefova Dolu;katastr
Ostrata;Ostrata;katastr
Jižná;Jižná;katastr
Chýstovice;Chýstovice;katastr
Jalubí;Jalubí;katastr
Doubrava u Aše;Doubrava u Aše;katastr
Tichov;Tichov;katastr
Ztracená Voda;Ztracená Voda;katastr
Bošířany;Bošířany;katastr
Orlová;Orlová;katastr
Horní Bludovice;Horní Bludovice;katastr
Těšínov;Těšínov;katastr
Doubravka;Doubravka;katastr
Voděrady u Kunštátu;Voděrady u Kunštátu;katastr
Oltyně;Oltyně;katastr
Červený Újezd u Miličína;Červený Újezd u Miličína;katastr
Lomy u Jemnice;Lomy u Jemnice;katastr
Pravonín;Pravonín;katastr
Podhrad;Podhrad;katastr
Holešovice u Chroustovic;Holešovice u Chroustovic;katastr
Jivina;Jivina;katastr
Uzenice;Uzenice;katastr
Zbečník;Zbečník;katastr
Řemíčov;Řemíčov;katastr
Pravětice;Pravětice;katastr
Osek u Milevska;Osek u Milevska;katastr
Štítary na Moravě;Štítary na Moravě;katastr
Svatbín;Svatbín;katastr
Panské Pole;Panské Pole;katastr
Horní Bítovčice;Horní Bítovčice;katastr
Polžice u Bezdružic;Polžice u Bezdružic;katastr
Šneky;Šneky;katastr
Hněvětice;Hněvětice;katastr
Pšovlky;Pšovlky;katastr
Polínka;Polínka;katastr
Vlachovice u Rokytna;Vlachovice u Rokytna;katastr
Tůně u Nechanic;Tůně u Nechanic;katastr
Chudenín;Chudenín;katastr
Skvrňany;Skvrňany;katastr
Vísky u Letovic;Vísky u Letovic;katastr
Perlovice;Perlovice;katastr
Spytice;Spytice;katastr
Otnice;Otnice;katastr
Platoř;Platoř;katastr
Plesná;Plesná;katastr
Jablonné nad Orlicí;Jablonné nad Orlicí;katastr
Milostín;Milostín;katastr
Kejšovice;Kejšovice;katastr
Chotěšiny;Chotěšiny;katastr
Milovanice;Milovanice;katastr
Hostěradice na Moravě;Hostěradice na Moravě;katastr
Horní Bory;Horní Bory;katastr
Žibřidovice;Žibřidovice;katastr
Výškovice u Ostravy;Výškovice u Ostravy;katastr
Ďáblice;Ďáblice;katastr
Jeřeň;Jeřeň;katastr
Borovany u Boru;Borovany u Boru;katastr
Radešín nad Bobrůvkou;Radešín nad Bobrůvkou;katastr
Otvovice;Otvovice;katastr
Osíčko;Osíčko;katastr
Petrůvky;Petrůvky;katastr
Dolní Bučice;Dolní Bučice;katastr
Čížkov;Čížkov;katastr
Těmice u Hodonína;Těmice u Hodonína;katastr
Heřmanov u Starého Sedla;Heřmanov u Starého Sedla;katastr
Nová Chřibská;Nová Chřibská;katastr
Dobronice u Chýnova;Dobronice u Chýnova;katastr
Bradáčov;Bradáčov;katastr
Petrušov;Petrušov;katastr
Bohuslavice nad Vláří;Bohuslavice nad Vláří;katastr
Bylany u Kutné Hory;Bylany u Kutné Hory;katastr
Jickovice;Jickovice;katastr
Vrchoslavice;Vrchoslavice;katastr
Šišma;Šišma;katastr
Březina u Moravské Třebové;Březina u Moravské Třebové;katastr
Ješovice;Ješovice;katastr
Všetaty u Rakovníka;Všetaty u Rakovníka;katastr
Podbořany;Podbořany;katastr
Hluboká u Skutče;Hluboká u Skutče;katastr
Pavlíkov;Pavlíkov;katastr
Přibice;Přibice;katastr
Kbelnice u Jičína;Kbelnice u Jičína;katastr
Velká Buková;Velká Buková;katastr
Hatě;Hatě;katastr
Hradčany u Českého Dubu;Hradčany u Českého Dubu;katastr
Svatava u Černovic;Svatava u Černovic;katastr
Vinohrady;Vinohrady;katastr
Putimov;Putimov;katastr
Oráčov;Oráčov;katastr
Štětovice;Štětovice;katastr
Vlkonice;Vlkonice;katastr
Řitonice;Řitonice;katastr
Skalka u Prostějova;Skalka u Prostějova;katastr
Mokré Lazce;Mokré Lazce;katastr
Svinov u Toužimi;Svinov u Toužimi;katastr
Raková u Konice;Raková u Konice;katastr
Jihlávka;Jihlávka;katastr
Polště;Polště;katastr
Tašovice;Tašovice;katastr
Pávov;Pávov;katastr
Příbraz;Příbraz;katastr
Žandov;Žandov;katastr
Přibyslav u Nové Paky;Přibyslav u Nové Paky;katastr
Stříbrná Skalice;Stříbrná Skalice;katastr
Prasek;Prasek;katastr
Čestín;Čestín;katastr
Záborná;Záborná;katastr
Vysoké nad Jizerou;Vysoké nad Jizerou;katastr
Nové Domky;Nové Domky;katastr
Úlehle;Úlehle;katastr
Veselá u Semil;Veselá u Semil;katastr
Boršov u Loučovic;Boršov u Loučovic;katastr
Dušejov;Dušejov;katastr
Srní u Hlinska;Srní u Hlinska;katastr
Přáslavice;Přáslavice;katastr
Fleky;Fleky;katastr
Hradiště u Plzně;Hradiště u Plzně;katastr
Salaš u Zlína;Salaš u Zlína;katastr
Blažovice;Blažovice;katastr
Choteč u Prahy;Choteč u Prahy;katastr
Velké Opatovice;Velké Opatovice;katastr
Nahořany u Mladé Vožice;Nahořany u Mladé Vožice;katastr
Vodochody;Vodochody;katastr
Velká Roudka;Velká Roudka;katastr
Rataje u Bechyně;Rataje u Bechyně;katastr
Hradištko pod Medníkem;Hradištko pod Medníkem;katastr
Vítochov;Vítochov;katastr
Fulnek;Fulnek;katastr
Sobčice;Sobčice;katastr
Choteč u Holic;Choteč u Holic;katastr
Popov nad Vláří;Popov nad Vláří;katastr
Lazy;Lazy;katastr
Strážovice u Pačejova;Strážovice u Pačejova;katastr
Tábor ve Slezsku;Tábor ve Slezsku;katastr
Hostětice;Hostětice;katastr
Dřenice u Chebu;Dřenice u Chebu;katastr
Lesnice;Lesnice;katastr
Dyjička;Dyjička;katastr
Dolní Dvory;Dolní Dvory;katastr
Nejdek u Hranic;Nejdek u Hranic;katastr
Jaktař;Jaktař;katastr
Jabloňany;Jabloňany;katastr
Blata;Blata;katastr
Nový Jičín-město;Nový Jičín-město;katastr
Prkenný Důl;Prkenný Důl;katastr
Uhliště;Uhliště;katastr
Chvalíkovice;Chvalíkovice;katastr
Habřina;Habřina;katastr
Skelná Huť;Skelná Huť;katastr
Třeština;Třeština;katastr
Milíčeves;Milíčeves;katastr
Bezděkov u Radnic;Bezděkov u Radnic;katastr
Rychtářov;Rychtářov;katastr
Paskov;Paskov;katastr
Hluk;Hluk;katastr
Újezdec u Kardašovy Řečice;Újezdec u Kardašovy Řečice;katastr
Prostějov;Prostějov;katastr
Sušice u Přerova;Sušice u Přerova;katastr
Lestkov pod Kozákovem;Lestkov pod Kozákovem;katastr
Křižovatka;Křižovatka;katastr
Malá Strana;Malá Strana;katastr
Višňová u Frýdlantu;Višňová u Frýdlantu;katastr
Kal u Klatov;Kal u Klatov;katastr
Horní Heřmanice v Čechách;Horní Heřmanice v Čechách;katastr
Kobylice;Kobylice;katastr
Přílepy;Přílepy;katastr
Chotěšice;Chotěšice;katastr
Černěves;Černěves;katastr
Dolní Ves;Dolní Ves;katastr
Petrovice u Humpolce;Petrovice u Humpolce;katastr
Zahrádka u Všerub;Zahrádka u Všerub;katastr
Blšany u Loun;Blšany u Loun;katastr
Štipoklasy;Štipoklasy;katastr
Slavice u Horních Kozolup;Slavice u Horních Kozolup;katastr
Radostovice u Lična;Radostovice u Lična;katastr
Bláto;Bláto;katastr
Miletice u Velvar;Miletice u Velvar;katastr
Babiny I;Babiny I;katastr
Choltice;Choltice;katastr
Křtětice;Křtětice;katastr
Božkov;Božkov;katastr
Medlovice;Medlovice;katastr
Mičovice;Mičovice;katastr
Hůrky u Zahrádky;Hůrky u Zahrádky;katastr
Nyklovice;Nyklovice;katastr
Modrá Hůrka;Modrá Hůrka;katastr
Hořešovice;Hořešovice;katastr
Homole u Panny;Homole u Panny;katastr
Mukov;Mukov;katastr
Lukavec u Pacova;Lukavec u Pacova;katastr
Zátor;Zátor;katastr
Chylice u Útviny;Chylice u Útviny;katastr
Korotice;Korotice;katastr
Štarnov u Přemyslovic;Štarnov u Přemyslovic;katastr
Hospříz;Hospříz;katastr
Pleše;Pleše;katastr
Svárov u Uherského Hradiště;Svárov u Uherského Hradiště;katastr
Dolní Les;Dolní Les;katastr
Šetějovice;Šetějovice;katastr
Hlubočky II;Hlubočky II;katastr
Lhotka u Přerova;Lhotka u Přerova;katastr
Biskupice u Jevíčka;Biskupice u Jevíčka;katastr
Křepkovice;Křepkovice;katastr
Úhřetická Lhota;Úhřetická Lhota;katastr
Pavlice;Pavlice;katastr
Tvarožná Lhota;Tvarožná Lhota;katastr
Masákova Lhota;Masákova Lhota;katastr
Roblín;Roblín;katastr
Oldřichovice u Napajedel;Oldřichovice u Napajedel;katastr
Sedlce;Sedlce;katastr
Skalice nad Lužnicí;Skalice nad Lužnicí;katastr
Radkov u Moravce;Radkov u Moravce;katastr
Víska;Víska;katastr
Královice u Zlonic;Královice u Zlonic;katastr
Drahobuz;Drahobuz;katastr
Krásný Dvůr;Krásný Dvůr;katastr
Maňovice u Pačejova;Maňovice u Pačejova;katastr
Výšovice;Výšovice;katastr
Houserovka;Houserovka;katastr
Zámyšl;Zámyšl;katastr
Břevniště pod Ralskem;Břevniště pod Ralskem;katastr
Mírová;Mírová;katastr
Vlčnov u Zavlekova;Vlčnov u Zavlekova;katastr
Pouchov;Pouchov;katastr
Hořovice;Hořovice;katastr
Myslinka;Myslinka;katastr
Chlístov u Hořiček;Chlístov u Hořiček;katastr
Kopeč;Kopeč;katastr
Hajany;Hajany;katastr
Suchohrdly u Znojma;Suchohrdly u Znojma;katastr
Hostovice u Pardubic;Hostovice u Pardubic;katastr
Starý Smolivec;Starý Smolivec;katastr
Olbramov;Olbramov;katastr
Radvanovice;Radvanovice;katastr
Pitárné;Pitárné;katastr
Zelená Hora u Kraslic;Zelená Hora u Kraslic;katastr
Tanvald;Tanvald;katastr
Pozďátky;Pozďátky;katastr
Uhlířské Janovice;Uhlířské Janovice;katastr
Milotice nad Bečvou;Milotice nad Bečvou;katastr
Kyjovice ve Slezsku;Kyjovice ve Slezsku;katastr
Horní Žďár u Jindřichova Hradce;Horní Žďár u Jindřichova Hradce;katastr
Vesec u Jičína;Vesec u Jičína;katastr
Radkovice;Radkovice;katastr
Hořičky;Hořičky;katastr
Bernartice u Stráže;Bernartice u Stráže;katastr
Potštejn;Potštejn;katastr
Heroltice u Tišnova;Heroltice u Tišnova;katastr
Podražnice;Podražnice;katastr
Choťánky;Choťánky;katastr
Vojtěchov u Lísku;Vojtěchov u Lísku;katastr
Ševětín;Ševětín;katastr
Štítkov;Štítkov;katastr
Dolní Temenice;Dolní Temenice;katastr
Žárovice;Žárovice;katastr
Motyčín;Motyčín;katastr
Svobodka;Svobodka;katastr
Habrovany u Řehlovic;Habrovany u Řehlovic;katastr
Zvičina;Zvičina;katastr
Poněšice;Poněšice;katastr
Saladín;Saladín;katastr
Dobešov;Dobešov;katastr
Otradice;Otradice;katastr
Kunčice pod Králickým Sněžníkem;Kunčice pod Králickým Sněžníkem;katastr
Hlavňov u Budislavi;Hlavňov u Budislavi;katastr
Přibyslavice u Vlkanče;Přibyslavice u Vlkanče;katastr
Míčov;Míčov;katastr
Svojšice u Kouřimi;Svojšice u Kouřimi;katastr
Jabloňov;Jabloňov;katastr
Hamry u Hlinska;Hamry u Hlinska;katastr
Janov;Janov;katastr
Vinary u Vysokého Mýta;Vinary u Vysokého Mýta;katastr
Horní Maršov;Horní Maršov;katastr
Strašice;Strašice;katastr
Řevnice;Řevnice;katastr
Malínky;Malínky;katastr
Jedovary;Jedovary;katastr
Černuc;Černuc;katastr
Lukavec u Bílovce;Lukavec u Bílovce;katastr
Hundorf;Hundorf;katastr
Lešany u Nelahozevsi;Lešany u Nelahozevsi;katastr
Podhradí u Luhačovic;Podhradí u Luhačovic;katastr
Karlova Studánka;Karlova Studánka;katastr
Drozdov;Drozdov;katastr
Popovice u Nechanic;Popovice u Nechanic;katastr
Borovice;Borovice;katastr
Čachnov;Čachnov;katastr
Rokytno na Moravě;Rokytno na Moravě;katastr
Benešovice;Benešovice;katastr
Podbřezí;Podbřezí;katastr
Němčičky nad Jevišovkou;Němčičky nad Jevišovkou;katastr
Kralovice;Kralovice;katastr
Kounov u Rakovníka;Kounov u Rakovníka;katastr
Šumperk;Šumperk;katastr
Uhřice;Uhřice;katastr
Dyjice;Dyjice;katastr
Tisovnice;Tisovnice;katastr
Trnávka u Nového Jičína;Trnávka u Nového Jičína;katastr
Ubušínek;Ubušínek;katastr
Smolná u Jevíčka;Smolná u Jevíčka;katastr
Záříčí u Dírné;Záříčí u Dírné;katastr
Starov;Starov;katastr
Janovičky u Broumova;Janovičky u Broumova;katastr
Ledčice;Ledčice;katastr
Verměřovice;Verměřovice;katastr
Štoky;Štoky;katastr
Záhostice;Záhostice;katastr
Dolní Víska;Dolní Víska;katastr
Harty;Harty;katastr
Lipňany u Skryjí;Lipňany u Skryjí;katastr
Bratkovice v Brdech;Bratkovice v Brdech;katastr
Bražec u Bochova;Bražec u Bochova;katastr
Dobšín;Dobšín;katastr
Podsedice;Podsedice;katastr
Oldřiš u Merklína;Oldřiš u Merklína;katastr
Dolní Heřmanice v Čechách;Dolní Heřmanice v Čechách;katastr
Ostrov v Podkrkonoší;Ostrov v Podkrkonoší;katastr
Domašín u Studené;Domašín u Studené;katastr
Pasečná;Pasečná;katastr
Předlice;Předlice;katastr
Starý Týn;Starý Týn;katastr
Horní Jelení;Horní Jelení;katastr
Rankov u Trhových Svinů;Rankov u Trhových Svinů;katastr
Skuhrov u Železného Brodu;Skuhrov u Železného Brodu;katastr
Lutová;Lutová;katastr
Krásná Hora nad Vltavou;Krásná Hora nad Vltavou;katastr
Stará Ves u Bílovce;Stará Ves u Bílovce;katastr
Staměřice;Staměřice;katastr
Hlemýždí;Hlemýždí;katastr
Stružná;Stružná;katastr
Kostelní Střimelice;Kostelní Střimelice;katastr
Skuhrov u České Třebové;Skuhrov u České Třebové;katastr
Spáňov;Spáňov;katastr
Vlhlavy;Vlhlavy;katastr
Tojice;Tojice;katastr
Konojedy u Úštěku;Konojedy u Úštěku;katastr
Dohalice;Dohalice;katastr
Stará Lhota;Stará Lhota;katastr
Kašnice u Bohušova;Kašnice u Bohušova;katastr
Holubeč;Holubeč;katastr
Černiv;Černiv;katastr
Košetice ve Slezsku;Košetice ve Slezsku;katastr
Leština u Zábřeha;Leština u Zábřeha;katastr
Záskalí;Záskalí;katastr
Lobeč;Lobeč;katastr
Činěves;Činěves;katastr
Dušníky u Rudné;Dušníky u Rudné;katastr
Pivonice u Lesoňovic;Pivonice u Lesoňovic;katastr
Oblanov;Oblanov;katastr
Liščí u Chudenína;Liščí u Chudenína;katastr
Dolní Věstonice;Dolní Věstonice;katastr
Rudíkov;Rudíkov;katastr
Obecnice v Brdech;Obecnice v Brdech;katastr
Mořkov;Mořkov;katastr
Varhošť u Města Libavá;Varhošť u Města Libavá;katastr
Ječovice;Ječovice;katastr
Myslíč;Myslíč;katastr
Ovesná Lhota;Ovesná Lhota;katastr
Hájek u Tišnova;Hájek u Tišnova;katastr
Mrzky;Mrzky;katastr
Řisuty u Slaného;Řisuty u Slaného;katastr
Velké Albrechtice;Velké Albrechtice;katastr
Hamry;Hamry;katastr
Podhoří u Chebu;Podhoří u Chebu;katastr
Prostřední Suchá;Prostřední Suchá;katastr
Divišov;Divišov;katastr
Ploskovice;Ploskovice;katastr
Čenovice;Čenovice;katastr
Prštice;Prštice;katastr
Onšov na Moravě;Onšov na Moravě;katastr
Těšovice;Těšovice;katastr
Schořov;Schořov;katastr
Líšnice u Kostelce;Líšnice u Kostelce;katastr
Něšov;Něšov;katastr
Doupě;Doupě;katastr
Ohrazenice v Brdech;Ohrazenice v Brdech;katastr
Hukovice u Velké Kraše;Hukovice u Velké Kraše;katastr
Palič;Palič;katastr
Ploužnice pod Ralskem;Ploužnice pod Ralskem;katastr
Křeč;Křeč;katastr
Petrohrad;Petrohrad;katastr
Třeštice;Třeštice;katastr
Cetnov;Cetnov;katastr
Hradiště u Kasejovic;Hradiště u Kasejovic;katastr
Hadrava;Hadrava;katastr
Nětčice u Kyjova;Nětčice u Kyjova;katastr
Sobočice;Sobočice;katastr
Velký Újezd u Litoměřic;Velký Újezd u Litoměřic;katastr
Nová Červená Voda;Nová Červená Voda;katastr
Herstošice;Herstošice;katastr
Horní Černůtky;Horní Černůtky;katastr
Klečetné;Klečetné;katastr
Závidkovice;Závidkovice;katastr
Šlapanov;Šlapanov;katastr
Vlkov u Drahotěšic;Vlkov u Drahotěšic;katastr
Koryta u Bezděkova;Koryta u Bezděkova;katastr
Libosváry u Bystřice pod Hostýnem;Libosváry u Bystřice pod Hostýnem;katastr
Leskovec;Leskovec;katastr
Souvrať;Souvrať;katastr
Hulice;Hulice;katastr
Úsov-Židovská obec;Úsov-Židovská obec;katastr
Lochkov;Lochkov;katastr
Jinolice;Jinolice;katastr
Janovice v Podještědí;Janovice v Podještědí;katastr
Horní Bohušice;Horní Bohušice;katastr
Střelice u Jevišovic;Střelice u Jevišovic;katastr
Výhledy;Výhledy;katastr
Pozdeň;Pozdeň;katastr
Svatý Štěpán;Svatý Štěpán;katastr
Valteřice u Výprachtic;Valteřice u Výprachtic;katastr
Těšínov u Protivína;Těšínov u Protivína;katastr
Lípa;Lípa;katastr
Hradec u Stříbrné Skalice;Hradec u Stříbrné Skalice;katastr
Františky;Františky;katastr
Zadní Chodov;Zadní Chodov;katastr
Boreč u Lovosic;Boreč u Lovosic;katastr
Vážany u Boskovic;Vážany u Boskovic;katastr
Temelín;Temelín;katastr
Hradiště nad Berounkou;Hradiště nad Berounkou;katastr
Křimice;Křimice;katastr
Zlatníky u Opavy;Zlatníky u Opavy;katastr
Hradčany nad Ploučnicí;Hradčany nad Ploučnicí;katastr
Bělá nad Svitavou;Bělá nad Svitavou;katastr
Kvaň;Kvaň;katastr
Očihov;Očihov;katastr
Skořice;Skořice;katastr
Zderaz u Kolešovic;Zderaz u Kolešovic;katastr
Dolánky nad Ohří;Dolánky nad Ohří;katastr
Město Žďár;Město Žďár;katastr
Drunče;Drunče;katastr
Lipná;Lipná;katastr
Rovečné;Rovečné;katastr
Víska u Frýdlantu;Víska u Frýdlantu;katastr
Netovice;Netovice;katastr
Jemniště;Jemniště;katastr
Minice u Mišovic;Minice u Mišovic;katastr
Mnichov u Loun;Mnichov u Loun;katastr
Dolní Pertoltice;Dolní Pertoltice;katastr
Ostrolovský Újezd;Ostrolovský Újezd;katastr
Křižanov u Zábřeha;Křižanov u Zábřeha;katastr
Vlaské;Vlaské;katastr
Nesvačily u Bystřice;Nesvačily u Bystřice;katastr
Derflice;Derflice;katastr
Zibohlavy;Zibohlavy;katastr
Dolní Bezděkov;Dolní Bezděkov;katastr
Solná Lhota;Solná Lhota;katastr
Bezděkov u Klatov;Bezděkov u Klatov;katastr
Šemíkovice;Šemíkovice;katastr
Vystrkov;Vystrkov;katastr
Moravičany;Moravičany;katastr
Nedvězí u Říčan;Nedvězí u Říčan;katastr
Stará Paka;Stará Paka;katastr
Podělusy;Podělusy;katastr
Libečov;Libečov;katastr
Štěpánov u Přelouče;Štěpánov u Přelouče;katastr
Hlavečník;Hlavečník;katastr
Vranovice v Brdech;Vranovice v Brdech;katastr
Dobročovice;Dobročovice;katastr
Trnová u Polep;Trnová u Polep;katastr
Radim u Kolína;Radim u Kolína;katastr
Heřmánkovice;Heřmánkovice;katastr
Petrovice u Miličína;Petrovice u Miličína;katastr
Levín u Berouna;Levín u Berouna;katastr
Korouhvice;Korouhvice;katastr
Hajniště pod Smrkem;Hajniště pod Smrkem;katastr
Hněvkovice u Týna nad Vltavou;Hněvkovice u Týna nad Vltavou;katastr
Štěpánkovice;Štěpánkovice;katastr
Stržanov;Stržanov;katastr
Plasná;Plasná;katastr
Přimda;Přimda;katastr
Vanice;Vanice;katastr
Bezdědice;Bezdědice;katastr
Drválovice;Drválovice;katastr
Budislavice;Budislavice;katastr
Jaroslavice u Kostelce;Jaroslavice u Kostelce;katastr
Huštěnovice;Huštěnovice;katastr
Částkov;Částkov;katastr
Polom u Údrče;Polom u Údrče;katastr
Valtířov nad Labem;Valtířov nad Labem;katastr
Polepy u Kolína;Polepy u Kolína;katastr
Bystré u Stárkova;Bystré u Stárkova;katastr
Bošín;Bošín;katastr
Velká Bučina;Velká Bučina;katastr
Vonoklasy;Vonoklasy;katastr
Tošovice;Tošovice;katastr
Zbýšov v Čechách;Zbýšov v Čechách;katastr
Svatá Kateřina u Svatého Mikuláše;Svatá Kateřina u Svatého Mikuláše;katastr
Dělouš;Dělouš;katastr
Teleč;Teleč;katastr
Lesná u Velké Chyšky;Lesná u Velké Chyšky;katastr
Hradištko u Sadské;Hradištko u Sadské;katastr
Horní Paseka;Horní Paseka;katastr
Letonice;Letonice;katastr
Horní Dušnice;Horní Dušnice;katastr
Loučná v Krušných horách;Loučná v Krušných horách;katastr
Vystrkov u Humpolce;Vystrkov u Humpolce;katastr
Podolí nad Bobrůvkou;Podolí nad Bobrůvkou;katastr
Hořenice;Hořenice;katastr
Křečkov;Křečkov;katastr
Roztoky u Prahy;Roztoky u Prahy;katastr
Domanín u Bystřice nad Pernštejnem;Domanín u Bystřice nad Pernštejnem;katastr
Dolní Ředice;Dolní Ředice;katastr
Osvinov;Osvinov;katastr
Lhota nad Moravou;Lhota nad Moravou;katastr
Malé Tresné;Malé Tresné;katastr
Sedliště u Litomyšle;Sedliště u Litomyšle;katastr
Zadní Chlum;Zadní Chlum;katastr
Petrovice nad Orlicí;Petrovice nad Orlicí;katastr
Proruby u Potštejna;Proruby u Potštejna;katastr
Markvarec u Hřivic;Markvarec u Hřivic;katastr
Dolany u Pardubic;Dolany u Pardubic;katastr
Mančice;Mančice;katastr
Pustá Polom;Pustá Polom;katastr
Kozlov u Velkého Újezdu;Kozlov u Velkého Újezdu;katastr
Prklišov;Prklišov;katastr
Bolechy;Bolechy;katastr
Drásov;Drásov;katastr
Újezd u Tišnova;Újezd u Tišnova;katastr
Sněžná;Sněžná;katastr
Holé Vrchy;Holé Vrchy;katastr
Hrabyně;Hrabyně;katastr
Bošice u Kouřimi;Bošice u Kouřimi;katastr
Milešín;Milešín;katastr
Skalička nad Labem;Skalička nad Labem;katastr
Chotyně;Chotyně;katastr
Nemyčeves;Nemyčeves;katastr
Úsobrno;Úsobrno;katastr
Třebonín;Třebonín;katastr
Vysoká Lípa;Vysoká Lípa;katastr
Ráj;Ráj;katastr
Senetín;Senetín;katastr
Hodkovice nad Mohelkou;Hodkovice nad Mohelkou;katastr
Nemíž;Nemíž;katastr
Krsice;Krsice;katastr
Luboměř;Luboměř;katastr
Plotiště nad Labem;Plotiště nad Labem;katastr
Grabštejn;Grabštejn;katastr
Vlkanov;Vlkanov;katastr
Křižanovice u Vyškova;Křižanovice u Vyškova;katastr
Siřem;Siřem;katastr
Němčice u Klatov;Němčice u Klatov;katastr
Pístina;Pístina;katastr
Hradecká;Hradecká;katastr
Horní Jindřichov;Horní Jindřichov;katastr
Kanina;Kanina;katastr
Černičí;Černičí;katastr
Proboštov u Tašova;Proboštov u Tašova;katastr
Radimovice u Všerub;Radimovice u Všerub;katastr
Břestek;Břestek;katastr
Větřkovice u Lubiny;Větřkovice u Lubiny;katastr
Slaviboř;Slaviboř;katastr
Radovesice u Libochovic;Radovesice u Libochovic;katastr
Hošťálková;Hošťálková;katastr
Milejovice;Milejovice;katastr
Semanín;Semanín;katastr
Zbytiny;Zbytiny;katastr
Dolní Chrášťany;Dolní Chrášťany;katastr
Loučka u Nového Jičína;Loučka u Nového Jičína;katastr
Černíč;Černíč;katastr
Zvěstov;Zvěstov;katastr
Jenichov;Jenichov;katastr
Málkov u Přimdy;Málkov u Přimdy;katastr
Květnov;Květnov;katastr
Uhřice u Boskovic;Uhřice u Boskovic;katastr
Sudějov;Sudějov;katastr
Jetřichovice u Děčína;Jetřichovice u Děčína;katastr
Jeníkovice u Horšovského Týna;Jeníkovice u Horšovského Týna;katastr
Sulkovec;Sulkovec;katastr
Mikulášovice;Mikulášovice;katastr
Ostrov u Stříbra;Ostrov u Stříbra;katastr
Opatovice u Světlé nad Sázavou;Opatovice u Světlé nad Sázavou;katastr
Horní Rozsíčka;Horní Rozsíčka;katastr
Svatobořice;Svatobořice;katastr
Studánky u Vyššího Brodu;Studánky u Vyššího Brodu;katastr
Políkno u Toužimi;Políkno u Toužimi;katastr
Sruby na Šumavě;Sruby na Šumavě;katastr
Vysoké Studnice;Vysoké Studnice;katastr
Sázava u Lanškrouna;Sázava u Lanškrouna;katastr
Michlova Huť;Michlova Huť;katastr
Běleč u Mladé Vožice;Běleč u Mladé Vožice;katastr
Žalov;Žalov;katastr
Mýtina u Želnavy;Mýtina u Želnavy;katastr
Líšno;Líšno;katastr
Červené Dvorce;Červené Dvorce;katastr
Nepomyšl;Nepomyšl;katastr
Křenovice u Slavkova;Křenovice u Slavkova;katastr
Blinka;Blinka;katastr
Dobřenice;Dobřenice;katastr
Čižebná;Čižebná;katastr
Jankov u Pelhřimova;Jankov u Pelhřimova;katastr
Lipence;Lipence;katastr
Nové Petrovice;Nové Petrovice;katastr
Skelné Hutě;Skelné Hutě;katastr
Dolní Cazov;Dolní Cazov;katastr
Hynčice u Vražného;Hynčice u Vražného;katastr
Boršice u Blatnice;Boršice u Blatnice;katastr
Záluží nad Vltavou;Záluží nad Vltavou;katastr
Lovčice;Lovčice;katastr
Gerhartice;Gerhartice;katastr
Komňátka;Komňátka;katastr
Dolní Sedlo;Dolní Sedlo;katastr
Olešná;Olešná;katastr
Čeňovice;Čeňovice;katastr
Svojšice u Choltic;Svojšice u Choltic;katastr
Vojnův Městec;Vojnův Městec;katastr
Dlouhé Mosty;Dlouhé Mosty;katastr
Rozkoš u Humpolce;Rozkoš u Humpolce;katastr
Vodná u Bečova nad Teplou;Vodná u Bečova nad Teplou;katastr
Zahrádka u Pošné;Zahrádka u Pošné;katastr
Kovansko;Kovansko;katastr
Vochov;Vochov;katastr
Hořákov;Hořákov;katastr
Mokřany u Nechvalic;Mokřany u Nechvalic;katastr
Rychnov u Jablonce nad Nisou;Rychnov u Jablonce nad Nisou;katastr
Popovice u Poutnova;Popovice u Poutnova;katastr
Sebranice u Litomyšle;Sebranice u Litomyšle;katastr
Kotopeky;Kotopeky;katastr
Střížov u Chotěboře;Střížov u Chotěboře;katastr
Držková;Držková;katastr
Háj u Habartic;Háj u Habartic;katastr
Dolní Chvatliny;Dolní Chvatliny;katastr
Kunžak;Kunžak;katastr
Nezabylice;Nezabylice;katastr
Horní Třešňovec;Horní Třešňovec;katastr
Jistebnice;Jistebnice;katastr
Korkusova Huť;Korkusova Huť;katastr
Senožaty u Bechyně;Senožaty u Bechyně;katastr
Jažlovice;Jažlovice;katastr
Včelary;Včelary;katastr
Dolní Drkolná;Dolní Drkolná;katastr
Číhovice;Číhovice;katastr
Jitkov;Jitkov;katastr
Načeratice;Načeratice;katastr
Radimovice u Velkých Popovic;Radimovice u Velkých Popovic;katastr
Dožice;Dožice;katastr
Kostelec u Holešova;Kostelec u Holešova;katastr
Malý Malahov;Malý Malahov;katastr
Dobrkov;Dobrkov;katastr
Lešetice;Lešetice;katastr
Rudolice nad Bílinou;Rudolice nad Bílinou;katastr
Dolní Libochová;Dolní Libochová;katastr
Brada;Brada;katastr
Kovanice;Kovanice;katastr
Vidžín;Vidžín;katastr
Lichnov u Nového Jičína;Lichnov u Nového Jičína;katastr
Borovná;Borovná;katastr
Rokytovec;Rokytovec;katastr
Chýnice;Chýnice;katastr
Loužek;Loužek;katastr
Raškovice u Přelouče;Raškovice u Přelouče;katastr
Bílý Újezd;Bílý Újezd;katastr
Slavětice;Slavětice;katastr
Polom u Potštejna;Polom u Potštejna;katastr
Čechůvky;Čechůvky;katastr
Sobětice u Výsluní;Sobětice u Výsluní;katastr
Ptenín;Ptenín;katastr
Bdeněves;Bdeněves;katastr
Radkovice u Budče;Radkovice u Budče;katastr
Malé Březno;Malé Březno;katastr
Pavlovice nad Mží;Pavlovice nad Mží;katastr
Podobora;Podobora;katastr
Ujčov;Ujčov;katastr
Útěchovice u Hořepníku;Útěchovice u Hořepníku;katastr
Lažany u Chýnova;Lažany u Chýnova;katastr
Alberovice;Alberovice;katastr
Horní Planá;Horní Planá;katastr
Radejčín;Radejčín;katastr
Lipinka;Lipinka;katastr
Mančice u Rašovic;Mančice u Rašovic;katastr
Radlice;Radlice;katastr
Dětaň;Dětaň;katastr
Stošíkovice na Louce;Stošíkovice na Louce;katastr
Poříčí u Trutnova;Poříčí u Trutnova;katastr
Újezdec u Měcholup;Újezdec u Měcholup;katastr
Hora Svatého Václava;Hora Svatého Václava;katastr
Poříčany;Poříčany;katastr
Dobřínsko;Dobřínsko;katastr
Vrbová;Vrbová;katastr
Lhota u Úštěku;Lhota u Úštěku;katastr
Předhradí;Předhradí;katastr
Slavětín u Radvanic;Slavětín u Radvanic;katastr
Skalka u Hazlova;Skalka u Hazlova;katastr
Slatina u Chudenic;Slatina u Chudenic;katastr
Kateřinice u Vsetína;Kateřinice u Vsetína;katastr
Strážek;Strážek;katastr
Poustka u Frýdlantu;Poustka u Frýdlantu;katastr
Tuchom;Tuchom;katastr
Branišov u Zdíkovce;Branišov u Zdíkovce;katastr
Krchleby na Moravě;Krchleby na Moravě;katastr
Chudenice;Chudenice;katastr
Březejc;Březejc;katastr
Hustopeče nad Bečvou;Hustopeče nad Bečvou;katastr
Hřiby;Hřiby;katastr
Spyšova;Spyšova;katastr
Všechlapy u Volyně;Všechlapy u Volyně;katastr
Podlešín;Podlešín;katastr
Buchlovice;Buchlovice;katastr
Bílina-Újezd;Bílina-Újezd;katastr
Bonětičky;Bonětičky;katastr
Jílové u Prahy;Jílové u Prahy;katastr
Nebory;Nebory;katastr
Brťoví;Brťoví;katastr
Radvanov u Mladé Vožice;Radvanov u Mladé Vožice;katastr
Trhonín;Trhonín;katastr
Šumburk nad Desnou;Šumburk nad Desnou;katastr
Bohuslav u Poutnova;Bohuslav u Poutnova;katastr
Nová Ves u Teplic;Nová Ves u Teplic;katastr
Čechtice;Čechtice;katastr
Lukohořany;Lukohořany;katastr
Bílsko;Bílsko;katastr
Luhov u Toužimi;Luhov u Toužimi;katastr
Prachomety;Prachomety;katastr
Obrnice;Obrnice;katastr
Okrouhlé Hradiště;Okrouhlé Hradiště;katastr
Tichá na Moravě;Tichá na Moravě;katastr
Jeneč u Prahy;Jeneč u Prahy;katastr
Lohenice;Lohenice;katastr
Lašťany;Lašťany;katastr
Toužim;Toužim;katastr
Potůčky;Potůčky;katastr
Česká Metuje;Česká Metuje;katastr
Drahonín;Drahonín;katastr
Horní Štěpanice;Horní Štěpanice;katastr
Krty u Strakonic;Krty u Strakonic;katastr
Želechovice;Želechovice;katastr
Níhov;Níhov;katastr
Dešná u Zlína;Dešná u Zlína;katastr
Lidéřovice na Moravě;Lidéřovice na Moravě;katastr
Frantoly;Frantoly;katastr
Týn nad Vltavou;Týn nad Vltavou;katastr
Rohovka;Rohovka;katastr
Čekyně;Čekyně;katastr
Hejtmánkovice;Hejtmánkovice;katastr
Arnoštka;Arnoštka;katastr
Oldřichov u Mladé Vožice;Oldřichov u Mladé Vožice;katastr
Huslenky;Huslenky;katastr
Šafov;Šafov;katastr
Plácky;Plácky;katastr
Krakovany;Krakovany;katastr
Sedlo u Komařic;Sedlo u Komařic;katastr
Vrábče;Vrábče;katastr
Svinišťany;Svinišťany;katastr
Vernéřov u Aše;Vernéřov u Aše;katastr
Třebětice u Dačic;Třebětice u Dačic;katastr
Janová;Janová;katastr
Písečné;Písečné;katastr
Hrubý Lesnov;Hrubý Lesnov;katastr
Vranov u Stříbra;Vranov u Stříbra;katastr
Olešovice;Olešovice;katastr
Pelíkovice;Pelíkovice;katastr
Moravecké Pavlovice;Moravecké Pavlovice;katastr
Zájezd u České Skalice;Zájezd u České Skalice;katastr
Opatov u Jihlavy;Opatov u Jihlavy;katastr
Mlýnská;Mlýnská;katastr
Horákova Lhota;Horákova Lhota;katastr
Živohošť;Živohošť;katastr
Erpužice;Erpužice;katastr
Újezd u Mohelnice;Újezd u Mohelnice;katastr
Černíč u Hradešic;Černíč u Hradešic;katastr
Krč u Protivína;Krč u Protivína;katastr
Mutějovice;Mutějovice;katastr
Černochov;Černochov;katastr
Malíč;Malíč;katastr
Žabeň;Žabeň;katastr
Sádek u Poličky;Sádek u Poličky;katastr
Seletice;Seletice;katastr
Lužec u Petrova Mlýna;Lužec u Petrova Mlýna;katastr
Kaceřov;Kaceřov;katastr
Říčky u Brna;Říčky u Brna;katastr
Dolní Lipka;Dolní Lipka;katastr
Otov u Hazlova;Otov u Hazlova;katastr
Babiny II;Babiny II;katastr
Obora v Podbezdězí;Obora v Podbezdězí;katastr
Dolní Loučky;Dolní Loučky;katastr
Želvice;Želvice;katastr
Krejnice;Krejnice;katastr
Jiříkovice u Nového Města na Moravě;Jiříkovice u Nového Města na Moravě;katastr
Tatinná;Tatinná;katastr
Blažejovice u Rozsoch;Blažejovice u Rozsoch;katastr
Bílý Kostelec;Bílý Kostelec;katastr
Vílanec;Vílanec;katastr
Zvěrkovice u Moravských Budějovic;Zvěrkovice u Moravských Budějovic;katastr
Žíželeves;Žíželeves;katastr
Malšovice;Malšovice;katastr
Tutleky;Tutleky;katastr
Královice;Královice;katastr
Řetůvka;Řetůvka;katastr
Hazlov;Hazlov;katastr
Malá Veleň;Malá Veleň;katastr
Drahotín;Drahotín;katastr
Žerotice;Žerotice;katastr
Moravský Krumlov;Moravský Krumlov;katastr
Kunratice u Šluknova;Kunratice u Šluknova;katastr
Malé Dvorce;Malé Dvorce;katastr
Vrbice u Žitné;Vrbice u Žitné;katastr
Ládví;Ládví;katastr
Slavoňov u Lukavice;Slavoňov u Lukavice;katastr
Horní Rudná;Horní Rudná;katastr
Modřejovice;Modřejovice;katastr
Prostřední Svince;Prostřední Svince;katastr
Kleneč;Kleneč;katastr
Žilina;Žilina;katastr
Zhoř u České Třebové;Zhoř u České Třebové;katastr
Žírec;Žírec;katastr
Veselí nad Ploučnicí;Veselí nad Ploučnicí;katastr
Myslovice;Myslovice;katastr
Kamenné Zboží;Kamenné Zboží;katastr
Dolní Jadruž;Dolní Jadruž;katastr
Suchdol nad Odrou;Suchdol nad Odrou;katastr
Jablečno;Jablečno;katastr
Benátky u Litomyšle;Benátky u Litomyšle;katastr
Nahoruby;Nahoruby;katastr
Radobytce;Radobytce;katastr
Butovice;Butovice;katastr
Zahradiště;Zahradiště;katastr
Vilémov u Rozhraní;Vilémov u Rozhraní;katastr
Kostomlaty nad Labem;Kostomlaty nad Labem;katastr
Dolní Hradiště;Dolní Hradiště;katastr
Osečnice;Osečnice;katastr
Lhoty u Potštejna;Lhoty u Potštejna;katastr
Čechovice;Čechovice;katastr
Otín u Jindřichova Hradce;Otín u Jindřichova Hradce;katastr
Jindice;Jindice;katastr
Smilov u Štoků;Smilov u Štoků;katastr
Veselí u Dalečína;Veselí u Dalečína;katastr
Rudíkovy;Rudíkovy;katastr
Kojovice;Kojovice;katastr
Křemže;Křemže;katastr
Lupenice;Lupenice;katastr
Dubice nad Labem;Dubice nad Labem;katastr
Osvětimany;Osvětimany;katastr
Dolní Čermná;Dolní Čermná;katastr
Boučí;Boučí;katastr
Postoupky;Postoupky;katastr
Znojmo-Hradiště;Znojmo-Hradiště;katastr
Dolní Dunajovice;Dolní Dunajovice;katastr
Žernovka;Žernovka;katastr
Táborská;Táborská;katastr
Měrůtky;Měrůtky;katastr
Nečemice;Nečemice;katastr
Hluboké Dvory;Hluboké Dvory;katastr
Mnětice;Mnětice;katastr
Stašov u Zdic;Stašov u Zdic;katastr
Volanov;Volanov;katastr
Kundratice u Přimdy;Kundratice u Přimdy;katastr
Věšín v Brdech;Věšín v Brdech;katastr
Čejov;Čejov;katastr
Paseky nad Jizerou;Paseky nad Jizerou;katastr
Kounov u Dobrušky;Kounov u Dobrušky;katastr
Pornice;Pornice;katastr
Týniště u Malešova;Týniště u Malešova;katastr
Stranný;Stranný;katastr
Lomnička u Plesné;Lomnička u Plesné;katastr
Březová u Zlína;Březová u Zlína;katastr
Žulová;Žulová;katastr
Horní Rokytá;Horní Rokytá;katastr
Milý;Milý;katastr
Lhotka u Kroměříže;Lhotka u Kroměříže;katastr
Sklená;Sklená;katastr
Horní Lysečiny;Horní Lysečiny;katastr
Frýdlant;Frýdlant;katastr
Zadní Zborovice;Zadní Zborovice;katastr
Cvrčovice u Zdounek;Cvrčovice u Zdounek;katastr
Svojek;Svojek;katastr
Zadní Ždírnice;Zadní Ždírnice;katastr
Krňovice;Krňovice;katastr
Všehrdy;Všehrdy;katastr
Víckovice;Víckovice;katastr
Kozly u Loun;Kozly u Loun;katastr
Radkovice u Příchovic;Radkovice u Příchovic;katastr
Količín;Količín;katastr
Lhota u Nečemic;Lhota u Nečemic;katastr
Kostelecké Horky;Kostelecké Horky;katastr
Vepřová;Vepřová;katastr
Chudoplesy;Chudoplesy;katastr
Soušice;Soušice;katastr
Doubravník;Doubravník;katastr
Libkova Voda;Libkova Voda;katastr
Chylice;Chylice;katastr
Vladyčín;Vladyčín;katastr
Malá Bělá;Malá Bělá;katastr
Trnová u Jíloviště;Trnová u Jíloviště;katastr
Smolina;Smolina;katastr
Kroužek;Kroužek;katastr
Valtrovice;Valtrovice;katastr
Kojšovice;Kojšovice;katastr
Prostiboř;Prostiboř;katastr
Chrášťany u Prahy;Chrášťany u Prahy;katastr
Štíty-město;Štíty-město;katastr
Damníkov;Damníkov;katastr
Kotelsko;Kotelsko;katastr
Neštětice;Neštětice;katastr
Světlá pod Javořicí;Světlá pod Javořicí;katastr
Proseč nad Nisou;Proseč nad Nisou;katastr
Dobříkov;Dobříkov;katastr
Březolupy;Březolupy;katastr
Vernířovice;Vernířovice;katastr
Přemyslov;Přemyslov;katastr
Horní Pertoltice;Horní Pertoltice;katastr
Hořátev;Hořátev;katastr
Podmokly u Úněšova;Podmokly u Úněšova;katastr
Bohdalice;Bohdalice;katastr
Meziboří;Meziboří;katastr
Březka u Velké Bíteše;Březka u Velké Bíteše;katastr
Lažíšťko;Lažíšťko;katastr
Bezpravovice;Bezpravovice;katastr
Nežichov;Nežichov;katastr
Nesvačilka;Nesvačilka;katastr
Stojice;Stojice;katastr
Radostín nad Oslavou;Radostín nad Oslavou;katastr
Plačkov;Plačkov;katastr
Hlavno;Hlavno;katastr
Vlčí u Chlumčan;Vlčí u Chlumčan;katastr
Žárová;Žárová;katastr
Starý Petřín;Starý Petřín;katastr
Černá za Bory;Černá za Bory;katastr
Hubenov u Třebohostic;Hubenov u Třebohostic;katastr
Opatovice I;Opatovice I;katastr
Olešná u Nezvěstic;Olešná u Nezvěstic;katastr
Stéblová;Stéblová;katastr
Bojanov;Bojanov;katastr
Tasovice;Tasovice;katastr
Horní Lipka;Horní Lipka;katastr
Pořežín;Pořežín;katastr
Zdislavice u Vlašimi;Zdislavice u Vlašimi;katastr
Krupá;Krupá;katastr
Velké Heřmanice;Velké Heřmanice;katastr
Olešínky;Olešínky;katastr
Lísek;Lísek;katastr
Vlčetín u Bílé;Vlčetín u Bílé;katastr
Pavlovice u Vlašimi;Pavlovice u Vlašimi;katastr
Zdemyslice;Zdemyslice;katastr
Francova Lhota;Francova Lhota;katastr
Zblovice;Zblovice;katastr
Horní Bojanovice;Horní Bojanovice;katastr
Nové Město pod Smrkem;Nové Město pod Smrkem;katastr
Božec;Božec;katastr
České Budějovice 7;České Budějovice 7;katastr
Slavětín nad Ohří;Slavětín nad Ohří;katastr
Štichovice;Štichovice;katastr
Lhotice u Jemnice;Lhotice u Jemnice;katastr
Unerázka;Unerázka;katastr
Polánka u Malešova;Polánka u Malešova;katastr
Pila;Pila;katastr
Okrouhlička;Okrouhlička;katastr
Lhota u Kamenice nad Lipou;Lhota u Kamenice nad Lipou;katastr
Guntramovice;Guntramovice;katastr
Hnojnice;Hnojnice;katastr
Horní Libchavy;Horní Libchavy;katastr
Ves Rudoltice;Ves Rudoltice;katastr
Ostré;Ostré;katastr
Kladné;Kladné;katastr
Hvožďany u Úněšova;Hvožďany u Úněšova;katastr
Štědrákova Lhota;Štědrákova Lhota;katastr
Lhota u Lísku;Lhota u Lísku;katastr
Slatiny;Slatiny;katastr
Zálezly u Čkyně;Zálezly u Čkyně;katastr
Oblajovice;Oblajovice;katastr
Koblov;Koblov;katastr
Dědkov;Dědkov;katastr
Dolní Lysečiny;Dolní Lysečiny;katastr
Nová Ves u Sedla;Nová Ves u Sedla;katastr
Jadruž;Jadruž;katastr
Čbán;Čbán;katastr
Boršice u Buchlovic;Boršice u Buchlovic;katastr
Chloumek u Kasejovic;Chloumek u Kasejovic;katastr
Čejkovice u Jičína;Čejkovice u Jičína;katastr
Hroby;Hroby;katastr
Ždírec u Blovic;Ždírec u Blovic;katastr
Klentnice;Klentnice;katastr
Výrovice;Výrovice;katastr
Dolní Albeřice;Dolní Albeřice;katastr
Rusín;Rusín;katastr
Zňátky;Zňátky;katastr
Vysoká u Jevíčka;Vysoká u Jevíčka;katastr
Pohoří u Lovčic;Pohoří u Lovčic;katastr
Čestětín;Čestětín;katastr
Horní Věstonice;Horní Věstonice;katastr
Neslovice;Neslovice;katastr
Chrastěšov;Chrastěšov;katastr
Zachrašťany;Zachrašťany;katastr
Sedlec u Radonic;Sedlec u Radonic;katastr
Holušice u Kozárovic;Holušice u Kozárovic;katastr
Hylváty;Hylváty;katastr
Chvalov;Chvalov;katastr
Cejle;Cejle;katastr
Cvrčovice u Pohořelic;Cvrčovice u Pohořelic;katastr
Řepníky;Řepníky;katastr
Rzy;Rzy;katastr
Radvánov;Radvánov;katastr
Klečaty;Klečaty;katastr
Petrov u Prahy;Petrov u Prahy;katastr
Rozsochy;Rozsochy;katastr
Měrotín;Měrotín;katastr
Mašovice u Hořepníku;Mašovice u Hořepníku;katastr
Hodonice u Bechyně;Hodonice u Bechyně;katastr
Přestavlky u Dnešic;Přestavlky u Dnešic;katastr
Pelec;Pelec;katastr
Nelepeč;Nelepeč;katastr
Dolní Libina;Dolní Libina;katastr
Kramolín u Křešína;Kramolín u Křešína;katastr
Město Libavá I;Město Libavá I;katastr
Rybník u České Třebové;Rybník u České Třebové;katastr
Horní Paseky;Horní Paseky;katastr
Černěves u Libějovic;Černěves u Libějovic;katastr
Domažlice;Domažlice;katastr
Vadín;Vadín;katastr
Hluboké u Dalečína;Hluboké u Dalečína;katastr
Osoblaha;Osoblaha;katastr
Rejšice;Rejšice;katastr
Hvozdnice;Hvozdnice;katastr
Zdiměřice u Prahy;Zdiměřice u Prahy;katastr
Plavy;Plavy;katastr
Olbramkostel;Olbramkostel;katastr
Sběř;Sběř;katastr
Koupě;Koupě;katastr
Jemnice u Moravce;Jemnice u Moravce;katastr
Ostrov u Veliše;Ostrov u Veliše;katastr
Bušín u Studené Loučky;Bušín u Studené Loučky;katastr
Mirošov u Jihlavy;Mirošov u Jihlavy;katastr
Oparno;Oparno;katastr
Zádub;Zádub;katastr
Dubová Lhota;Dubová Lhota;katastr
Štichov;Štichov;katastr
Nové Strakonice;Nové Strakonice;katastr
Babice u Uherského Hradiště;Babice u Uherského Hradiště;katastr
Křelovice u Pelhřimova;Křelovice u Pelhřimova;katastr
Pševes;Pševes;katastr
Horní Dobrouč;Horní Dobrouč;katastr
Klest;Klest;katastr
Lesná u Děčína;Lesná u Děčína;katastr
Kvítkovice u Otrokovic;Kvítkovice u Otrokovic;katastr
Měcholupy u Žatce;Měcholupy u Žatce;katastr
Obora u Loun;Obora u Loun;katastr
Žeravice u Kyjova;Žeravice u Kyjova;katastr
Charvatce u Jabkenic;Charvatce u Jabkenic;katastr
Nový Dům;Nový Dům;katastr
Želnava;Želnava;katastr
Chvatěruby;Chvatěruby;katastr
Voletiny;Voletiny;katastr
Želeč u Tábora;Želeč u Tábora;katastr
Štáblovice;Štáblovice;katastr
Nechvalice;Nechvalice;katastr
Bezděčín na Moravě;Bezděčín na Moravě;katastr
Zdobín;Zdobín;katastr
Tchořovice;Tchořovice;katastr
Žíňany;Žíňany;katastr
Dřenice;Dřenice;katastr
Kamýk u Litoměřic;Kamýk u Litoměřic;katastr
Hradec u Jeseníka;Hradec u Jeseníka;katastr
Častolovice u České Lípy;Častolovice u České Lípy;katastr
Oplany;Oplany;katastr
Prchalov;Prchalov;katastr
Blšany;Blšany;katastr
Dvořiště u Bystřice nad Pernštejnem;Dvořiště u Bystřice nad Pernštejnem;katastr
Kostelany nad Moravou;Kostelany nad Moravou;katastr
Královka;Královka;katastr
Veselí nad Úhlavou;Veselí nad Úhlavou;katastr
Komařice;Komařice;katastr
Horní Žukov;Horní Žukov;katastr
Kolovraty;Kolovraty;katastr
Rozkoš u Jevišovic;Rozkoš u Jevišovic;katastr
Chrbonín;Chrbonín;katastr
Malá Skalice u Zbraslavic;Malá Skalice u Zbraslavic;katastr
Stříbrná;Stříbrná;katastr
Hasina;Hasina;katastr
Svárov u Unhoště;Svárov u Unhoště;katastr
Litovice;Litovice;katastr
Černčice u Loun;Černčice u Loun;katastr
Starojická Lhota;Starojická Lhota;katastr
Lesoňovice;Lesoňovice;katastr
Horní Čermná;Horní Čermná;katastr
Háje u Chebu;Háje u Chebu;katastr
Leletice;Leletice;katastr
Beranovka;Beranovka;katastr
Dolní Záhoří;Dolní Záhoří;katastr
Starý Telečkov;Starý Telečkov;katastr
Nová Ves u Horažďovic;Nová Ves u Horažďovic;katastr
Doudleby;Doudleby;katastr
Jílové u Děčína;Jílové u Děčína;katastr
Žestov;Žestov;katastr
Pernštejn;Pernštejn;katastr
Cítoliby;Cítoliby;katastr
Rouchovany;Rouchovany;katastr
Zahrádka u Kovářova;Zahrádka u Kovářova;katastr
Dymokury;Dymokury;katastr
Studená;Studená;katastr
Ochoz u Konice;Ochoz u Konice;katastr
Dolní Počernice;Dolní Počernice;katastr
Miroslavské Knínice;Miroslavské Knínice;katastr
Mešovice;Mešovice;katastr
Kosov u Jihlavy;Kosov u Jihlavy;katastr
Žacléř;Žacléř;katastr
Ves;Ves;katastr
Žďár u Nové Včelnice;Žďár u Nové Včelnice;katastr
Bludov v Čechách;Bludov v Čechách;katastr
Týnec nad Sázavou;Týnec nad Sázavou;katastr
Rovné;Rovné;katastr
Slatina u Velvar;Slatina u Velvar;katastr
Ratibořice u České Skalice;Ratibořice u České Skalice;katastr
Dolínek;Dolínek;katastr
Černouček;Černouček;katastr
Dlouhopolsko;Dlouhopolsko;katastr
Hrdlořezy u Mladé Boleslavi;Hrdlořezy u Mladé Boleslavi;katastr
Smederov;Smederov;katastr
Ctiboř u Častrova;Ctiboř u Častrova;katastr
Kněževes u Rakovníka;Kněževes u Rakovníka;katastr
Švařec;Švařec;katastr
Koroužné;Koroužné;katastr
Velešice;Velešice;katastr
Maňovice;Maňovice;katastr
Domažličky;Domažličky;katastr
Městec nad Dědinou;Městec nad Dědinou;katastr
Ovesné Kladruby;Ovesné Kladruby;katastr
Starý Mateřov;Starý Mateřov;katastr
Vikantice;Vikantice;katastr
Hrobičany;Hrobičany;katastr
Nebesa;Nebesa;katastr
Těšice u Nezamyslic;Těšice u Nezamyslic;katastr
Stéblovice;Stéblovice;katastr
Vědomice;Vědomice;katastr
Bílý Kámen;Bílý Kámen;katastr
Podhorní Újezd;Podhorní Újezd;katastr
Hlasivo;Hlasivo;katastr
Bukovany u Sokolova;Bukovany u Sokolova;katastr
Huntířov;Huntířov;katastr
Křepice u Vodňan;Křepice u Vodňan;katastr
Kostelec nad Orlicí;Kostelec nad Orlicí;katastr
Domašov u Jeseníka;Domašov u Jeseníka;katastr
Krasoňov;Krasoňov;katastr
Bukovice u Rohozce;Bukovice u Rohozce;katastr
Pavlův Studenec 3;Pavlův Studenec 3;katastr
Rohozná u Poličky;Rohozná u Poličky;katastr
Dolní Paseky;Dolní Paseky;katastr
Levín u Lišova;Levín u Lišova;katastr
Žerůtky u Znojma;Žerůtky u Znojma;katastr
Ostroh;Ostroh;katastr
Krásensko;Krásensko;katastr
Branka u Tachova;Branka u Tachova;katastr
Nové Dvory u Doksan;Nové Dvory u Doksan;katastr
Zvěřínek;Zvěřínek;katastr
Dolní Miletín;Dolní Miletín;katastr
Želetice u Znojma;Želetice u Znojma;katastr
Stříbrnice;Stříbrnice;katastr
Stod;Stod;katastr
Petrovice u Nového Bydžova;Petrovice u Nového Bydžova;katastr
Kučeř;Kučeř;katastr
Lhotka u Třebče;Lhotka u Třebče;katastr
Svrabov;Svrabov;katastr
Kluky u Čáslavi;Kluky u Čáslavi;katastr
Částkovice;Částkovice;katastr
Brusov;Brusov;katastr
Výškovice u Slatiny;Výškovice u Slatiny;katastr
Sekeřice;Sekeřice;katastr
Terezín u Čejče;Terezín u Čejče;katastr
Rodkov;Rodkov;katastr
Rejvíz;Rejvíz;katastr
Hodonín u Nasavrk;Hodonín u Nasavrk;katastr
Vrážná;Vrážná;katastr
Nové Dvory u Dobříše;Nové Dvory u Dobříše;katastr
Výšina;Výšina;katastr
Lomy u Osečnice;Lomy u Osečnice;katastr
Pohořílky u Kujav;Pohořílky u Kujav;katastr
Lanžhot;Lanžhot;katastr
Častonín;Častonín;katastr
Káraný;Káraný;katastr
Bolechovice II;Bolechovice II;katastr
Jabkenice;Jabkenice;katastr
Polná u Hazlova;Polná u Hazlova;katastr
Koloděje nad Lužnicí;Koloděje nad Lužnicí;katastr
Přeštice;Přeštice;katastr
Brloh;Brloh;katastr
Rašovice u Kalovic;Rašovice u Kalovic;katastr
Strachujov;Strachujov;katastr
Nořín;Nořín;katastr
Věkoše;Věkoše;katastr
Kuní;Kuní;katastr
Dolní Maxov;Dolní Maxov;katastr
Trčkov;Trčkov;katastr
Vítkovice;Vítkovice;katastr
Slatina u Bílovce;Slatina u Bílovce;katastr
Vlčetín;Vlčetín;katastr
Strážkovice;Strážkovice;katastr
Lidmovice;Lidmovice;katastr
Čáslavsko;Čáslavsko;katastr
Břvany;Břvany;katastr
Jenčice;Jenčice;katastr
Miřenice;Miřenice;katastr
Těmice u Kamenice nad Lipou;Těmice u Kamenice nad Lipou;katastr
Dolní Jirčany;Dolní Jirčany;katastr
Skalka u Chebu;Skalka u Chebu;katastr
Chotětov;Chotětov;katastr
Plchov;Plchov;katastr
Horka u Staré Paky;Horka u Staré Paky;katastr
Suchohrdly u Miroslavi;Suchohrdly u Miroslavi;katastr
Dobříč u Prahy;Dobříč u Prahy;katastr
Hodice;Hodice;katastr
Újezdec u Hořiček;Újezdec u Hořiček;katastr
Horní Lažany u Lesonic;Horní Lažany u Lesonic;katastr
Tábor;Tábor;katastr
Vintířov u Radonic;Vintířov u Radonic;katastr
Chrámce;Chrámce;katastr
Plzeň 4;Plzeň 4;katastr
Řehnice;Řehnice;katastr
Blízkov;Blízkov;katastr
Proseč u Březiny;Proseč u Březiny;katastr
Hlubočky III;Hlubočky III;katastr
Skrochovice;Skrochovice;katastr
Nová Brtnice;Nová Brtnice;katastr
Kamenná Lhota u Čestína;Kamenná Lhota u Čestína;katastr
Zderadiny;Zderadiny;katastr
Pobistrýce;Pobistrýce;katastr
Jadrná;Jadrná;katastr
Suché Lazce;Suché Lazce;katastr
Bílov;Bílov;katastr
Rohozná u Jihlavy;Rohozná u Jihlavy;katastr
Srby nad Úslavou;Srby nad Úslavou;katastr
Háj u Vintířova;Háj u Vintířova;katastr
Kostomlátky;Kostomlátky;katastr
Josefův Důl u Mladé Boleslavi;Josefův Důl u Mladé Boleslavi;katastr
Strážiště u Mladotic;Strážiště u Mladotic;katastr
Halže;Halže;katastr
Újezd nad Zbečnem;Újezd nad Zbečnem;katastr
Karviná-Doly;Karviná-Doly;katastr
Velké Vrbno;Velké Vrbno;katastr
Štěchov;Štěchov;katastr
Bratříkovice;Bratříkovice;katastr
Kanice u Petrovic;Kanice u Petrovic;katastr
Kluk;Kluk;katastr
Tisová u Sokolova;Tisová u Sokolova;katastr
Trnové Pole;Trnové Pole;katastr
Střemchoví;Střemchoví;katastr
Kondrač;Kondrač;katastr
Rantířov;Rantířov;katastr
Zábřezí;Zábřezí;katastr
Mnichov u Mariánských Lázní;Mnichov u Mariánských Lázní;katastr
Chlumín;Chlumín;katastr
Zběšičky;Zběšičky;katastr
Dolní Bušínov;Dolní Bušínov;katastr
Desná u Litomyšle;Desná u Litomyšle;katastr
Horní Dehtov;Horní Dehtov;katastr
Čepí;Čepí;katastr
Koubalova Lhota;Koubalova Lhota;katastr
Hradiště;Hradiště;katastr
Jankov u Českých Budějovic;Jankov u Českých Budějovic;katastr
Košetice;Košetice;katastr
Luka u Verušiček;Luka u Verušiček;katastr
Křižanov u Branic;Křižanov u Branic;katastr
Chvalčova Lhota;Chvalčova Lhota;katastr
Baliny;Baliny;katastr
Křížovice;Křížovice;katastr
Psinice;Psinice;katastr
Zahrádka u Benešova;Zahrádka u Benešova;katastr
Lužná u Rakovníka;Lužná u Rakovníka;katastr
Červený Újezdec;Červený Újezdec;katastr
Kubšice;Kubšice;katastr
Okrouhlice;Okrouhlice;katastr
Nezdenice;Nezdenice;katastr
Chvoječná;Chvoječná;katastr
Chotutice;Chotutice;katastr
Lukov u Úštěku;Lukov u Úštěku;katastr
Hlubočky I;Hlubočky I;katastr
Samšina;Samšina;katastr
Souňov;Souňov;katastr
Zvírotice;Zvírotice;katastr
Bražná;Bražná;katastr
Sázava u Davle;Sázava u Davle;katastr
Dolní Lutyně;Dolní Lutyně;katastr
Ústaleč;Ústaleč;katastr
Mostiště u Velkého Meziříčí;Mostiště u Velkého Meziříčí;katastr
Děrné;Děrné;katastr
Boreček;Boreček;katastr
Kamenný Újezd;Kamenný Újezd;katastr
Žebrákov u Světlé nad Sázavou;Žebrákov u Světlé nad Sázavou;katastr
Úval;Úval;katastr
Kozlany u Vyškova;Kozlany u Vyškova;katastr
Stará Voda u Mariánských Lázní;Stará Voda u Mariánských Lázní;katastr
Studánka u Rumburku;Studánka u Rumburku;katastr
Slavošovice u Lišova;Slavošovice u Lišova;katastr
Nová Lhota;Nová Lhota;katastr
Příčina;Příčina;katastr
Jiřice;Jiřice;katastr
Kolšov;Kolšov;katastr
Libětice;Libětice;katastr
Bukovno;Bukovno;katastr
Skály u Rýmařova;Skály u Rýmařova;katastr
Kobylí;Kobylí;katastr
Podivice na Moravě;Podivice na Moravě;katastr
Lažišťka;Lažišťka;katastr
Chudíř;Chudíř;katastr
Horoměřice;Horoměřice;katastr
Kosobody;Kosobody;katastr
Myslejovice;Myslejovice;katastr
Hostišovice;Hostišovice;katastr
Komořany na Moravě;Komořany na Moravě;katastr
Piskořov;Piskořov;katastr
Drštěkryje;Drštěkryje;katastr
Horní Údolí;Horní Údolí;katastr
Zadražany;Zadražany;katastr
Kostelec nad Vltavou;Kostelec nad Vltavou;katastr
Kouřim;Kouřim;katastr
Holašovice;Holašovice;katastr
Skryje u Golčova Jeníkova;Skryje u Golčova Jeníkova;katastr
Salajna;Salajna;katastr
Chudoslavice;Chudoslavice;katastr
Dolní Rožínka;Dolní Rožínka;katastr
Domoradice;Domoradice;katastr
Vejprty;Vejprty;katastr
Horní Stakory;Horní Stakory;katastr
Chotouchov;Chotouchov;katastr
Zduchovice;Zduchovice;katastr
Mladotice u Kraselova;Mladotice u Kraselova;katastr
Bezděčín;Bezděčín;katastr
Jesenice u Rakovníka;Jesenice u Rakovníka;katastr
Koukolná;Koukolná;katastr
Běchovice;Běchovice;katastr
Světlá u Šebetova;Světlá u Šebetova;katastr
Vícov;Vícov;katastr
Věšťany;Věšťany;katastr
Záboří u Protivína;Záboří u Protivína;katastr
Březová u Sokolova;Březová u Sokolova;katastr
Třemošnice;Třemošnice;katastr
Mrzkovice;Mrzkovice;katastr
Brloh u Drhovle;Brloh u Drhovle;katastr
Mukoděly;Mukoděly;katastr
Jistebník;Jistebník;katastr
Zahrádka na Moravě;Zahrádka na Moravě;katastr
Milíře u Rovné;Milíře u Rovné;katastr
Nepoměřice;Nepoměřice;katastr
Žaltice;Žaltice;katastr
Újezdec u Rakovníka;Újezdec u Rakovníka;katastr
Stěbořice;Stěbořice;katastr
Odrava;Odrava;katastr
Ježkovice;Ježkovice;katastr
Vídeň;Vídeň;katastr
Nová Ves u Ostravy;Nová Ves u Ostravy;katastr
Rudoltice u Lanškrouna;Rudoltice u Lanškrouna;katastr
Liptaň;Liptaň;katastr
Kluky u Písku;Kluky u Písku;katastr
Mláka;Mláka;katastr
Hvězda u Chudenína;Hvězda u Chudenína;katastr
Panenská;Panenská;katastr
Svažec;Svažec;katastr
Tuchomyšl;Tuchomyšl;katastr
Chlébské;Chlébské;katastr
Lhota u Pecky;Lhota u Pecky;katastr
Vojničky;Vojničky;katastr
Sudoměřice;Sudoměřice;katastr
Ostružno u Jičína;Ostružno u Jičína;katastr
Býšť;Býšť;katastr
Radihošť;Radihošť;katastr
Libouň;Libouň;katastr
Láz;Láz;katastr
Bačkovice;Bačkovice;katastr
Číňov;Číňov;katastr
Břehov;Břehov;katastr
Vrbovec;Vrbovec;katastr
Radostín u Vojnova Městce;Radostín u Vojnova Městce;katastr
Svémyslice;Svémyslice;katastr
Vilémov u Kadaně;Vilémov u Kadaně;katastr
Zbožíčko;Zbožíčko;katastr
Hranice;Hranice;katastr
Klepáčov;Klepáčov;katastr
Bohuslavice u Zlína;Bohuslavice u Zlína;katastr
Vítkov;Vítkov;katastr
Nová Paka;Nová Paka;katastr
Rajchéřov;Rajchéřov;katastr
Tažovice;Tažovice;katastr
Drahelčice;Drahelčice;katastr
Malé Číčovice;Malé Číčovice;katastr
Bystřička II;Bystřička II;katastr
Kojčice;Kojčice;katastr
Fořt;Fořt;katastr
Velká Bíteš;Velká Bíteš;katastr
Svitávka;Svitávka;katastr
Velké Hoštice;Velké Hoštice;katastr
Lobendava;Lobendava;katastr
Dolní Bukovsko;Dolní Bukovsko;katastr
Bystřice pod Lopeníkem;Bystřice pod Lopeníkem;katastr
Soběhrdy;Soběhrdy;katastr
Nový Kostel;Nový Kostel;katastr
Makolusky;Makolusky;katastr
Košíkov;Košíkov;katastr
Lhotky u Velkého Meziříčí;Lhotky u Velkého Meziříčí;katastr
Hvozdečko;Hvozdečko;katastr
Zarazice;Zarazice;katastr
Boleslav;Boleslav;katastr
Svéraz u Větřní;Svéraz u Větřní;katastr
Všechlapy u Nymburka;Všechlapy u Nymburka;katastr
Nová Ves u Mladé Vožice;Nová Ves u Mladé Vožice;katastr
Horní Újezd;Horní Újezd;katastr
Telnice u Brna;Telnice u Brna;katastr
Jičina;Jičina;katastr
Moravská Ostrava;Moravská Ostrava;katastr
Štěpánovice u Jaroměřic nad Rokytnou;Štěpánovice u Jaroměřic nad Rokytnou;katastr
Bezděkovec;Bezděkovec;katastr
Heřmanice v Podještědí;Heřmanice v Podještědí;katastr
Klášter u Nepomuka;Klášter u Nepomuka;katastr
Třebějice;Třebějice;katastr
Mšeno;Mšeno;katastr
Zelčín;Zelčín;katastr
Žárovná;Žárovná;katastr
Český Těšín;Český Těšín;katastr
Skaličany;Skaličany;katastr
Březno u Postoloprt;Březno u Postoloprt;katastr
Chuchel;Chuchel;katastr
Česká Rybná;Česká Rybná;katastr
Talmberk;Talmberk;katastr
Chrášťany u Benešova;Chrášťany u Benešova;katastr
Rozdělov;Rozdělov;katastr
Horní Slivno;Horní Slivno;katastr
Dolní Pelhřimov;Dolní Pelhřimov;katastr
Vračkovice;Vračkovice;katastr
Sedlečko u Soběslavě;Sedlečko u Soběslavě;katastr
Břežany u Znojma;Břežany u Znojma;katastr
Chrástov;Chrástov;katastr
Jeseník nad Odrou;Jeseník nad Odrou;katastr
Stodůlky;Stodůlky;katastr
Velký Karlov;Velký Karlov;katastr
Bukovina u Přelouče;Bukovina u Přelouče;katastr
Nížebohy;Nížebohy;katastr
Vestec nad Mrlinou;Vestec nad Mrlinou;katastr
Hrzín u Nového Kostela;Hrzín u Nového Kostela;katastr
Klimentov;Klimentov;katastr
Dubec;Dubec;katastr
Knihy;Knihy;katastr
Mítov;Mítov;katastr
Český Krumlov;Český Krumlov;katastr
Vizovice;Vizovice;katastr
Šmolovy u Havlíčkova Brodu;Šmolovy u Havlíčkova Brodu;katastr
Březina u Křtin;Březina u Křtin;katastr
Vidnava;Vidnava;katastr
Lipová u Šluknova;Lipová u Šluknova;katastr
Kvasetice;Kvasetice;katastr
Hoděmyšl;Hoděmyšl;katastr
Komorovice;Komorovice;katastr
Bezděkov u Třemešného;Bezděkov u Třemešného;katastr
Chanovice;Chanovice;katastr
Blahousty;Blahousty;katastr
Žitovlice;Žitovlice;katastr
Malé Karlovice;Malé Karlovice;katastr
Uhersko;Uhersko;katastr
Kobeřice u Brna;Kobeřice u Brna;katastr
Bohučovice;Bohučovice;katastr
Česká Skalice;Česká Skalice;katastr
Bulovka;Bulovka;katastr
Dolní Stakory;Dolní Stakory;katastr
Laby;Laby;katastr
Horní Střítež;Horní Střítež;katastr
Hostějov;Hostějov;katastr
Trhonice;Trhonice;katastr
Racov;Racov;katastr
Dolní Libchavy;Dolní Libchavy;katastr
Všestary;Všestary;katastr
Záhoří u Větřní;Záhoří u Větřní;katastr
Mnichovice;Mnichovice;katastr
Bukvice u Trhových Svinů;Bukvice u Trhových Svinů;katastr
Pulkava;Pulkava;katastr
Káranice;Káranice;katastr
Vilémov u Litovle;Vilémov u Litovle;katastr
Semín;Semín;katastr
Rašovy;Rašovy;katastr
Tachov;Tachov;katastr
Staré Ždánice;Staré Ždánice;katastr
Mezilesí u Lanškrouna;Mezilesí u Lanškrouna;katastr
Brod nad Labem;Brod nad Labem;katastr
Zdiby;Zdiby;katastr
Vápenice u Vysokého Chlumce;Vápenice u Vysokého Chlumce;katastr
Miličín;Miličín;katastr
Strunkovice nad Blanicí;Strunkovice nad Blanicí;katastr
Žežice u Chuderova;Žežice u Chuderova;katastr
Jeviněves;Jeviněves;katastr
Martinice u Holešova;Martinice u Holešova;katastr
Hodějov;Hodějov;katastr
Staré Oldřůvky;Staré Oldřůvky;katastr
Kobylničky;Kobylničky;katastr
Horní Dolce;Horní Dolce;katastr
Brozany nad Labem;Brozany nad Labem;katastr
Pleče;Pleče;katastr
Dolní Boříkovice;Dolní Boříkovice;katastr
Světí;Světí;katastr
Sychrov nad Jizerou;Sychrov nad Jizerou;katastr
Dolní Folmava;Dolní Folmava;katastr
Trhové Sviny;Trhové Sviny;katastr
Prosiměřice;Prosiměřice;katastr
Trhový Štěpánov;Trhový Štěpánov;katastr
Božetice;Božetice;katastr
Čistá u Rakovníka;Čistá u Rakovníka;katastr
Sezimovo Ústí;Sezimovo Ústí;katastr
Klášterec;Klášterec;katastr
Chelčice;Chelčice;katastr
Skupice u Postoloprt;Skupice u Postoloprt;katastr
Jamnice;Jamnice;katastr
Dráchov u Těmic;Dráchov u Těmic;katastr
Krychnov;Krychnov;katastr
Potočná u Vernéřova;Potočná u Vernéřova;katastr
Kejžlice;Kejžlice;katastr
Čakov u Českých Budějovic;Čakov u Českých Budějovic;katastr
Stradouň;Stradouň;katastr
Rousínov u Vyškova;Rousínov u Vyškova;katastr
Chvalčov;Chvalčov;katastr
Opočno pod Orlickými horami;Opočno pod Orlickými horami;katastr
Popovice u Brandýsa nad Labem;Popovice u Brandýsa nad Labem;katastr
Klopotovice;Klopotovice;katastr
Jimramov;Jimramov;katastr
Olší u Telče;Olší u Telče;katastr
Pilínkov;Pilínkov;katastr
Dražičky;Dražičky;katastr
Dolní Krupá u Mnichova Hradiště;Dolní Krupá u Mnichova Hradiště;katastr
Nízká Lhota;Nízká Lhota;katastr
Vlastkovec;Vlastkovec;katastr
Opatovice u Vyškova;Opatovice u Vyškova;katastr
Stodůlky u Strážného;Stodůlky u Strážného;katastr
Hracholusky nade Mží;Hracholusky nade Mží;katastr
Modřany;Modřany;katastr
Nová Ves u Hříškova;Nová Ves u Hříškova;katastr
Loučky u Zátoru;Loučky u Zátoru;katastr
Žabonosy;Žabonosy;katastr
Svídnice u Kostelce nad Orlicí;Svídnice u Kostelce nad Orlicí;katastr
Dalečín;Dalečín;katastr
Blížňovice;Blížňovice;katastr
Petrkov;Petrkov;katastr
Zádolí u Neveklova;Zádolí u Neveklova;katastr
Trpísty;Trpísty;katastr
Těchlovice u Stříbra;Těchlovice u Stříbra;katastr
Zvěrotice;Zvěrotice;katastr
Nová Seninka;Nová Seninka;katastr
Křemačov;Křemačov;katastr
Jarošov u Litomyšle;Jarošov u Litomyšle;katastr
Trpík;Trpík;katastr
Tři Sekery u Tachova;Tři Sekery u Tachova;katastr
Stará Oleška;Stará Oleška;katastr
Cetoraz;Cetoraz;katastr
Záluží u Třemošné;Záluží u Třemošné;katastr
Vrbice nad Odrou;Vrbice nad Odrou;katastr
Kletečná u Humpolce;Kletečná u Humpolce;katastr
Mušov;Mušov;katastr
Klučov u Českého Brodu;Klučov u Českého Brodu;katastr
Hradečná u Bílé Lhoty;Hradečná u Bílé Lhoty;katastr
Mrsklesy na Moravě I;Mrsklesy na Moravě I;katastr
Šachotín;Šachotín;katastr
Bravantice;Bravantice;katastr
Radkov u Moravské Třebové;Radkov u Moravské Třebové;katastr
Tušimice;Tušimice;katastr
Mělnické Vtelno;Mělnické Vtelno;katastr
Luštěnice;Luštěnice;katastr
Silnice;Silnice;katastr
Hanov;Hanov;katastr
Tichonice;Tichonice;katastr
Krátká Ves;Krátká Ves;katastr
Černá v Pošumaví;Černá v Pošumaví;katastr
Vysoká ve Slezsku;Vysoká ve Slezsku;katastr
Chrášťany u Českého Brodu;Chrášťany u Českého Brodu;katastr
Služátky u Pelhřimova;Služátky u Pelhřimova;katastr
Chlum;Chlum;katastr
Dlouhá Třebová;Dlouhá Třebová;katastr
České Petrovice;České Petrovice;katastr
Boješice;Boješice;katastr
Zvěřenice;Zvěřenice;katastr
Chrtníky;Chrtníky;katastr
Sviňomazy;Sviňomazy;katastr
Křivousy;Křivousy;katastr
Vítkov u Štěkně;Vítkov u Štěkně;katastr
Radětín;Radětín;katastr
Záluží u Budislavě;Záluží u Budislavě;katastr
Petrovice u Moravského Krumlova;Petrovice u Moravského Krumlova;katastr
Babice u Okrouhlice;Babice u Okrouhlice;katastr
Slavičín;Slavičín;katastr
Horní Cazov;Horní Cazov;katastr
Vračovice;Vračovice;katastr
Doksany;Doksany;katastr
Michalovy Hory;Michalovy Hory;katastr
Šeborov;Šeborov;katastr
Staré Čívice;Staré Čívice;katastr
Malá Chuchle;Malá Chuchle;katastr
Lučina u Nemanic;Lučina u Nemanic;katastr
Krchleby u Kostelce nad Orlicí;Krchleby u Kostelce nad Orlicí;katastr
Jakartovice;Jakartovice;katastr
Petrovice u Jihlavy;Petrovice u Jihlavy;katastr
Krásný Les u Frýdlantu;Krásný Les u Frýdlantu;katastr
Houska;Houska;katastr
Laziště;Laziště;katastr
Kraselov;Kraselov;katastr
Bezděkov u Damnova;Bezděkov u Damnova;katastr
Hořovičky;Hořovičky;katastr
Drahotuše;Drahotuše;katastr
Čánka;Čánka;katastr
Dolní Dlužiny;Dolní Dlužiny;katastr
Kožlí u Čížové;Kožlí u Čížové;katastr
Břehoryje;Břehoryje;katastr
Nová Ves nad Nisou;Nová Ves nad Nisou;katastr
Blanice;Blanice;katastr
Dolní Vysoké I;Dolní Vysoké I;katastr
Kosov;Kosov;katastr
Březí u Osové Bítýšky;Březí u Osové Bítýšky;katastr
Opavice;Opavice;katastr
Pustá Kamenice;Pustá Kamenice;katastr
Zelený Háj;Zelený Háj;katastr
Slatina u Františkových Lázní;Slatina u Františkových Lázní;katastr
Malý Bor;Malý Bor;katastr
Rájov;Rájov;katastr
Kosova Hora;Kosova Hora;katastr
Kříženec;Kříženec;katastr
Kytlické Mlýny;Kytlické Mlýny;katastr
Karlík;Karlík;katastr
Očín;Očín;katastr
Hlubočky IV;Hlubočky IV;katastr
Božetín;Božetín;katastr
Kojetín u Starého Jičína;Kojetín u Starého Jičína;katastr
Bohouňovice II;Bohouňovice II;katastr
Komárovice u Moravských Budějovic;Komárovice u Moravských Budějovic;katastr
Klenčí pod Čerchovem;Klenčí pod Čerchovem;katastr
Havlovice;Havlovice;katastr
Hradec nad Moravicí;Hradec nad Moravicí;katastr
Bordovice;Bordovice;katastr
Kyjov u Krásné Lípy;Kyjov u Krásné Lípy;katastr
Mileč;Mileč;katastr
Nebužely;Nebužely;katastr
Vodslivy;Vodslivy;katastr
Lhota u Stříbra;Lhota u Stříbra;katastr
Smilkov;Smilkov;katastr
Lány u Kostomlat nad Labem;Lány u Kostomlat nad Labem;katastr
Kozov;Kozov;katastr
Moravské Knínice;Moravské Knínice;katastr
Sovolusky u Přelouče;Sovolusky u Přelouče;katastr
Nová Zhoř;Nová Zhoř;katastr
Velká Střelná;Velká Střelná;katastr
Bystřice nad Pernštejnem;Bystřice nad Pernštejnem;katastr
Nová Ves u Chotěboře;Nová Ves u Chotěboře;katastr
Janovice u Nového Jičína;Janovice u Nového Jičína;katastr
Velká Černoc;Velká Černoc;katastr
Louka u Ostrohu;Louka u Ostrohu;katastr
Nové Vrbno;Nové Vrbno;katastr
Ústí u Staré Paky;Ústí u Staré Paky;katastr
Loděnice;Loděnice;katastr
Lány u Dašic;Lány u Dašic;katastr
Ostředek;Ostředek;katastr
Huntířov u Děčína;Huntířov u Děčína;katastr
Horní Plezom;Horní Plezom;katastr
Milíkov u Mariánských Lázní;Milíkov u Mariánských Lázní;katastr
Těchařovice;Těchařovice;katastr
Loukovec;Loukovec;katastr
Dlouhý Újezd;Dlouhý Újezd;katastr
Borek u Chotěboře;Borek u Chotěboře;katastr
Hříškov;Hříškov;katastr
Žítková;Žítková;katastr
Bohouňovice I;Bohouňovice I;katastr
Kloboučky;Kloboučky;katastr
Štemplovec;Štemplovec;katastr
Babín;Babín;katastr
Horní Kostelec;Horní Kostelec;katastr
Určice;Určice;katastr
Libice nad Doubravou;Libice nad Doubravou;katastr
Opočínek;Opočínek;katastr
Mohuřice;Mohuřice;katastr
Mitrov u Uhlířských Janovic;Mitrov u Uhlířských Janovic;katastr
Židněves;Židněves;katastr
Lhota pod Horami;Lhota pod Horami;katastr
Háje;Háje;katastr
Doubrava u Kostomlat nad Labem;Doubrava u Kostomlat nad Labem;katastr
Svatoňovice;Svatoňovice;katastr
Vranovská Ves;Vranovská Ves;katastr
Doudleby nad Orlicí;Doudleby nad Orlicí;katastr
Vevčice;Vevčice;katastr
Staré Město pod Králickým Sněžníkem;Staré Město pod Králickým Sněžníkem;katastr
Nové Oldřůvky I;Nové Oldřůvky I;katastr
Miroslav;Miroslav;katastr
Kladina;Kladina;katastr
Turovka;Turovka;katastr
Trotina;Trotina;katastr
Bernartice u Milevska;Bernartice u Milevska;katastr
Řepešín;Řepešín;katastr
Štěkeň;Štěkeň;katastr
Střemily;Střemily;katastr
Nová Ves u Chýnova;Nová Ves u Chýnova;katastr
České Žleby;České Žleby;katastr
Svatoslav nad Jihlavou;Svatoslav nad Jihlavou;katastr
Řípec;Řípec;katastr
Pusté Žibřidovice;Pusté Žibřidovice;katastr
Mělčany u Ivančic;Mělčany u Ivančic;katastr
Rudoltice u Sobotína;Rudoltice u Sobotína;katastr
Lštění nad Zubřinou;Lštění nad Zubřinou;katastr
Horákov;Horákov;katastr
Veselí u Mohelnice;Veselí u Mohelnice;katastr
Radešínská Svratka;Radešínská Svratka;katastr
Zboněk;Zboněk;katastr
Krásná Lípa;Krásná Lípa;katastr
Krásné Loučky;Krásné Loučky;katastr
Vinary u Smidar;Vinary u Smidar;katastr
Hlásná Třebaň;Hlásná Třebaň;katastr
Kadešice;Kadešice;katastr
Kozičín;Kozičín;katastr
Žehrov;Žehrov;katastr
Bzí u Dolního Bukovska;Bzí u Dolního Bukovska;katastr
Otín nad Jihlavou;Otín nad Jihlavou;katastr
Kostelní Lhota;Kostelní Lhota;katastr
Mrsklesy na Moravě;Mrsklesy na Moravě;katastr
Nejepín;Nejepín;katastr
Chotiněves;Chotiněves;katastr
Vedrovice;Vedrovice;katastr
Maršovice u Jablonce nad Nisou;Maršovice u Jablonce nad Nisou;katastr
Červený Hrádek u Bečvár;Červený Hrádek u Bečvár;katastr
Lipec u Slepotic;Lipec u Slepotic;katastr
Vyšehoří;Vyšehoří;katastr
Jaroměřice;Jaroměřice;katastr
Prašný Újezd;Prašný Újezd;katastr
Křečovice pod Troskami;Křečovice pod Troskami;katastr
Brnky;Brnky;katastr
Vlčetínec;Vlčetínec;katastr
Pernárec;Pernárec;katastr
Vlčice u Blovic;Vlčice u Blovic;katastr
Bradné;Bradné;katastr
Františkovy Lázně;Františkovy Lázně;katastr
Velká Hraštice;Velká Hraštice;katastr
Lipník;Lipník;katastr
Mažice;Mažice;katastr
Jehnědno;Jehnědno;katastr
Ohnišov;Ohnišov;katastr
Divnice;Divnice;katastr
Lipno u Hunčic;Lipno u Hunčic;katastr
Ruda nad Moravou;Ruda nad Moravou;katastr
Nový Žďár;Nový Žďár;katastr
Kyje u Hajnice;Kyje u Hajnice;katastr
Zbenice;Zbenice;katastr
Sedlíšťka;Sedlíšťka;katastr
Žiželice nad Cidlinou;Žiželice nad Cidlinou;katastr
Bělidla;Bělidla;katastr
Chodouny;Chodouny;katastr
Sejřek;Sejřek;katastr
Nový Petřín;Nový Petřín;katastr
Mouřínov;Mouřínov;katastr
Vladislav;Vladislav;katastr
Kozojídky u Vinar;Kozojídky u Vinar;katastr
Dobrá Voda u Kovářova;Dobrá Voda u Kovářova;katastr
Hoštice nad Labem;Hoštice nad Labem;katastr
Buková u Rožmitálu pod Třemšínem;Buková u Rožmitálu pod Třemšínem;katastr
Spikaly;Spikaly;katastr
Vlkovice u Mariánských Lázní;Vlkovice u Mariánských Lázní;katastr
Olbramovice u Votic;Olbramovice u Votic;katastr
Štěpánovice u Českých Budějovic;Štěpánovice u Českých Budějovic;katastr
Libichov;Libichov;katastr
Žár u Čkyně;Žár u Čkyně;katastr
Blažov;Blažov;katastr
Semeč;Semeč;katastr
Holešov;Holešov;katastr
Trusnov;Trusnov;katastr
Dolní Chobolice;Dolní Chobolice;katastr
Květín;Květín;katastr
Hajnice;Hajnice;katastr
Huzová;Huzová;katastr
Sezemice nad Loučnou;Sezemice nad Loučnou;katastr
Brumov u Lomnice;Brumov u Lomnice;katastr
Holasovice;Holasovice;katastr
České Libchavy;České Libchavy;katastr
Věcov;Věcov;katastr
Labské Chrčice;Labské Chrčice;katastr
Vodice u Lhenic;Vodice u Lhenic;katastr
Šanovice;Šanovice;katastr
Zahrádky;Zahrádky;katastr
Kváskovice;Kváskovice;katastr
Kaliště;Kaliště;katastr
Záhoří u Černošína;Záhoří u Černošína;katastr
Sedlec u Líbeznic;Sedlec u Líbeznic;katastr
Podlesí u Sadova;Podlesí u Sadova;katastr
Líský;Líský;katastr
Kyselka;Kyselka;katastr
Zdíkovec;Zdíkovec;katastr
Morávka;Morávka;katastr
Sruby;Sruby;katastr
Skřivaň;Skřivaň;katastr
Kundratice u Žiželic nad Cidlinou;Kundratice u Žiželic nad Cidlinou;katastr
Seménkovice;Seménkovice;katastr
Bělá u Liberka;Bělá u Liberka;katastr
Popice u Jihlavy;Popice u Jihlavy;katastr
Louňovice;Louňovice;katastr
Světlá nad Sázavou;Světlá nad Sázavou;katastr
Holostřevy;Holostřevy;katastr
Lány u Bylan;Lány u Bylan;katastr
Jindřichov ve Slezsku;Jindřichov ve Slezsku;katastr
Horní Javoří;Horní Javoří;katastr
Vadkov;Vadkov;katastr
Březová u Hořovic;Březová u Hořovic;katastr
Vřesovice;Vřesovice;katastr
Martinov u Mariánských Lázní;Martinov u Mariánských Lázní;katastr
Křivenice;Křivenice;katastr
Kardavec;Kardavec;katastr
Květná u Lukové;Květná u Lukové;katastr
Trnová u Plzně;Trnová u Plzně;katastr
Katusice;Katusice;katastr
Opava-Město;Opava-Město;katastr
Mokřina;Mokřina;katastr
Borová u Chvalšin;Borová u Chvalšin;katastr
Prudice;Prudice;katastr
Květnová;Květnová;katastr
Hronětice;Hronětice;katastr
Litice nad Orlicí;Litice nad Orlicí;katastr
Merklovice;Merklovice;katastr
Habartice u Jindřichova;Habartice u Jindřichova;katastr
Újezd nad Rokytnou;Újezd nad Rokytnou;katastr
Brná nad Labem;Brná nad Labem;katastr
Krutěnice;Krutěnice;katastr
Přerubenice;Přerubenice;katastr
Loučky nad Odrou;Loučky nad Odrou;katastr
Zadní Kopanina;Zadní Kopanina;katastr
Chuderovec;Chuderovec;katastr
Malenovice;Malenovice;katastr
Mašovice u Znojma;Mašovice u Znojma;katastr
Měník;Měník;katastr
Těchobuz;Těchobuz;katastr
Arnoltice u Bulovky;Arnoltice u Bulovky;katastr
Broumy;Broumy;katastr
Šibanov;Šibanov;katastr
Malý Újezd;Malý Újezd;katastr
Vlachovo Březí;Vlachovo Březí;katastr
Nová Včelnice;Nová Včelnice;katastr
Janov u Kosovy Hory;Janov u Kosovy Hory;katastr
Ježov nad Želivkou;Ježov nad Želivkou;katastr
Holyně u Svojšína;Holyně u Svojšína;katastr
Nučnice;Nučnice;katastr
Svatá Maří;Svatá Maří;katastr
Mlýnice u Červené Vody;Mlýnice u Červené Vody;katastr
Tlučná;Tlučná;katastr
Rychlov u Bystřice pod Hostýnem;Rychlov u Bystřice pod Hostýnem;katastr
Rankov u Chotěboře;Rankov u Chotěboře;katastr
Blazice;Blazice;katastr
Tvořihráz;Tvořihráz;katastr
Řetechov;Řetechov;katastr
Lubné;Lubné;katastr
Vrbatův Kostelec;Vrbatův Kostelec;katastr
Spáleniště;Spáleniště;katastr
Jaroslavice;Jaroslavice;katastr
Raná u Loun;Raná u Loun;katastr
Svéradice;Svéradice;katastr
Starý Poddvorov;Starý Poddvorov;katastr
Hodolany;Hodolany;katastr
Bořice u Hrochova Týnce;Bořice u Hrochova Týnce;katastr
Pravčice;Pravčice;katastr
Vrbice u Mšeného-lázní;Vrbice u Mšeného-lázní;katastr
Sušany;Sušany;katastr
Doubí u Liberce;Doubí u Liberce;katastr
Česká Rybná u Žamberka;Česká Rybná u Žamberka;katastr
Třitim;Třitim;katastr
Teplička;Teplička;katastr
Vydří;Vydří;katastr
Stanoviště u Mariánských Lázní;Stanoviště u Mariánských Lázní;katastr
Chvojnov;Chvojnov;katastr
Dvorec u Třebče;Dvorec u Třebče;katastr
Zamachy;Zamachy;katastr
Starcova Lhota;Starcova Lhota;katastr
Žákava;Žákava;katastr
Ústup;Ústup;katastr
Ražice;Ražice;katastr
Nahý Újezdec;Nahý Újezdec;katastr
Chroustov u Třebenic;Chroustov u Třebenic;katastr
Tři Sekery u Kynžvartu;Tři Sekery u Kynžvartu;katastr
Dobřichovice;Dobřichovice;katastr
Dolní Světlé Hory;Dolní Světlé Hory;katastr
Vyšetice;Vyšetice;katastr
Řepeč;Řepeč;katastr
Okrašovice;Okrašovice;katastr
Lípa nad Orlicí;Lípa nad Orlicí;katastr
Slavkov u Opavy;Slavkov u Opavy;katastr
Bražec u Těšetic;Bražec u Těšetic;katastr
Kamenice nad Lipou;Kamenice nad Lipou;katastr
Tulešice;Tulešice;katastr
Loužnice;Loužnice;katastr
Hostice;Hostice;katastr
Kasejovice;Kasejovice;katastr
Krasíkovice;Krasíkovice;katastr
Otrokovice;Otrokovice;katastr
Lukov nad Dyjí;Lukov nad Dyjí;katastr
Šaratice;Šaratice;katastr
Zboží u Dvora Králové;Zboží u Dvora Králové;katastr
Nedakonice;Nedakonice;katastr
Světlice;Světlice;katastr
Velká Kraš;Velká Kraš;katastr
Mlékojedy u Litoměřic;Mlékojedy u Litoměřic;katastr
Olešnice nad Cidlinou;Olešnice nad Cidlinou;katastr
Dolní Hanychov;Dolní Hanychov;katastr
Malovidy;Malovidy;katastr
Milešov u Lovosic;Milešov u Lovosic;katastr
Plánská Huť;Plánská Huť;katastr
Vysoká u Příbramě;Vysoká u Příbramě;katastr
Pozov;Pozov;katastr
Dobrotice u Chanovic;Dobrotice u Chanovic;katastr
Drahov;Drahov;katastr
Kamenná u Trhových Svinů;Kamenná u Trhových Svinů;katastr
Brloh pod Kletí;Brloh pod Kletí;katastr
Rokytnice nad Rokytnou;Rokytnice nad Rokytnou;katastr
Ledce u Kladna;Ledce u Kladna;katastr
Putkov;Putkov;katastr
Posadov;Posadov;katastr
Brodec;Brodec;katastr
Svatý Kopeček;Svatý Kopeček;katastr
Němětice;Němětice;katastr
Jakubčovice nad Odrou;Jakubčovice nad Odrou;katastr
Hradišťko II;Hradišťko II;katastr
Počaply nad Loučnou;Počaply nad Loučnou;katastr
Krásné Pole;Krásné Pole;katastr
Velký Újezd u Kojatic;Velký Újezd u Kojatic;katastr
Mistřice I;Mistřice I;katastr
Dvůr Králové nad Labem;Dvůr Králové nad Labem;katastr
Klimkovice;Klimkovice;katastr
Rožná;Rožná;katastr
Ždánice u Vilémova;Ždánice u Vilémova;katastr
Svojetice;Svojetice;katastr
Vícenice u Náměště nad Oslavou;Vícenice u Náměště nad Oslavou;katastr
Seloutky;Seloutky;katastr
Mlýnec u Kopidlna;Mlýnec u Kopidlna;katastr
Albrechtice nad Vltavou;Albrechtice nad Vltavou;katastr
Marefy;Marefy;katastr
Nové Dvory u Kutné Hory;Nové Dvory u Kutné Hory;katastr
Všetice;Všetice;katastr
Kosobudy;Kosobudy;katastr
Záryby;Záryby;katastr
Lhenice;Lhenice;katastr
Chaloupky;Chaloupky;katastr
Kochánov u Mitrova;Kochánov u Mitrova;katastr
Kolence;Kolence;katastr
Oldřichov nad Ploučnicí;Oldřichov nad Ploučnicí;katastr
Chocnějovice;Chocnějovice;katastr
Františkov nad Ploučnicí;Františkov nad Ploučnicí;katastr
Běhařov;Běhařov;katastr
Kvílice;Kvílice;katastr
Křižanov u Mezilečí;Křižanov u Mezilečí;katastr
Strážný;Strážný;katastr
Nučice;Nučice;katastr
Hlízov;Hlízov;katastr
Dolní Bousov;Dolní Bousov;katastr
Krabonoš;Krabonoš;katastr
Dolní Habartice;Dolní Habartice;katastr
Dobrovíz;Dobrovíz;katastr
Chrášťany u Týna nad Vltavou;Chrášťany u Týna nad Vltavou;katastr
Podhradí u Aše;Podhradí u Aše;katastr
Kbelany;Kbelany;katastr
Branišov na Šumavě;Branišov na Šumavě;katastr
Služátky;Služátky;katastr
Chlebovice;Chlebovice;katastr
Kouty u Smilkova;Kouty u Smilkova;katastr
Malá Čermná;Malá Čermná;katastr
Skřipov;Skřipov;katastr
Těchoděly;Těchoděly;katastr
Příchovice u Kořenova;Příchovice u Kořenova;katastr
Dunovice;Dunovice;katastr
Horní Myslová;Horní Myslová;katastr
Kubíkovy Duby;Kubíkovy Duby;katastr
Trnovany u Litoměřic;Trnovany u Litoměřic;katastr
Frankův Zhořec;Frankův Zhořec;katastr
Střítež u Bukova;Střítež u Bukova;katastr
Ježená;Ježená;katastr
Dubenec;Dubenec;katastr
Kopřivná;Kopřivná;katastr
Jámy;Jámy;katastr
Dolní Bohušice;Dolní Bohušice;katastr
Bělá ve Slezsku;Bělá ve Slezsku;katastr
Pravice;Pravice;katastr
Lešná;Lešná;katastr
České Heřmanice;České Heřmanice;katastr
Javorník u Dlouhého Mostu;Javorník u Dlouhého Mostu;katastr
Žalkovice;Žalkovice;katastr
Fukov;Fukov;katastr
Velký Radkov I;Velký Radkov I;katastr
Bohdalovice u Větřní;Bohdalovice u Větřní;katastr
Radvanov;Radvanov;katastr
Svatojanský Újezd;Svatojanský Újezd;katastr
Levín nad Cidlinou;Levín nad Cidlinou;katastr
Nové Hraběcí;Nové Hraběcí;katastr
Městečko u Chotýšan;Městečko u Chotýšan;katastr
Plástovice;Plástovice;katastr
Dolní Borek;Dolní Borek;katastr
Konárovice;Konárovice;katastr
Netvořice;Netvořice;katastr
Velká nad Vltavou;Velká nad Vltavou;katastr
Daměnice;Daměnice;katastr
Doubravka u Týna nad Vltavou;Doubravka u Týna nad Vltavou;katastr
Mýto u Hořic na Šumavě;Mýto u Hořic na Šumavě;katastr
Přestání;Přestání;katastr
Dobrná;Dobrná;katastr
Stupčice;Stupčice;katastr
Dolní Falknov;Dolní Falknov;katastr
Vřesce;Vřesce;katastr
Březová Lada;Březová Lada;katastr
Zárybničná Lhota;Zárybničná Lhota;katastr
Neprobylice u Kutrovic;Neprobylice u Kutrovic;katastr
Čankovice;Čankovice;katastr
Děčany;Děčany;katastr
Třebotovice;Třebotovice;katastr
Hliniště;Hliniště;katastr
Bor u Chroustovic;Bor u Chroustovic;katastr
Hořany u Poříčan;Hořany u Poříčan;katastr
Mokrá Hora;Mokrá Hora;katastr
Jemníky;Jemníky;katastr
Nové Valteřice;Nové Valteřice;katastr
Sobkovice;Sobkovice;katastr
Třanovice;Třanovice;katastr
Počaply u Terezína;Počaply u Terezína;katastr
Mostkovice;Mostkovice;katastr
Lomnička u Tišnova;Lomnička u Tišnova;katastr
Stránské;Stránské;katastr
Branišovice u Ratiboře;Branišovice u Ratiboře;katastr
Hunčice;Hunčice;katastr
Sedlnice;Sedlnice;katastr
Žehuň;Žehuň;katastr
Dřešín;Dřešín;katastr
Vrbka u Postoloprt;Vrbka u Postoloprt;katastr
Bříza nad Ohří;Bříza nad Ohří;katastr
Žirecká Podstráň;Žirecká Podstráň;katastr
Hlubočec;Hlubočec;katastr
Trpišovice;Trpišovice;katastr
Tavíkovice;Tavíkovice;katastr
Pochvalov;Pochvalov;katastr
Volenice u Počedělic;Volenice u Počedělic;katastr
Vojetín u Rozsoch;Vojetín u Rozsoch;katastr
Dobřany v Orlických horách;Dobřany v Orlických horách;katastr
Chvalovice;Chvalovice;katastr
Třebihošť;Třebihošť;katastr
Hrabství;Hrabství;katastr
Týn u Třebíče;Týn u Třebíče;katastr
Lažánky u Veverské Bítýšky;Lažánky u Veverské Bítýšky;katastr
Doubravice u Dvora Králové;Doubravice u Dvora Králové;katastr
Dědice u Zbýšova;Dědice u Zbýšova;katastr
Hybrálec;Hybrálec;katastr
Česká Třebová;Česká Třebová;katastr
Tištín;Tištín;katastr
Vlčkovice u Mladkova;Vlčkovice u Mladkova;katastr
Příkazy;Příkazy;katastr
Přepeře u Turnova;Přepeře u Turnova;katastr
Císařský;Císařský;katastr
Mašov u Turnova;Mašov u Turnova;katastr
Brloh u Přelouče;Brloh u Přelouče;katastr
Jarov u Berouna;Jarov u Berouna;katastr
Vodochody u Prahy;Vodochody u Prahy;katastr
Maršovice u Dubé;Maršovice u Dubé;katastr
Horní Vilémovice;Horní Vilémovice;katastr
Lázně Bohdaneč;Lázně Bohdaneč;katastr
Račín u Polničky;Račín u Polničky;katastr
Šubířov;Šubířov;katastr
Polná;Polná;katastr
Vracov;Vracov;katastr
Smržov u Českého Dubu;Smržov u Českého Dubu;katastr
Labská;Labská;katastr
Ohnišťany;Ohnišťany;katastr
Heřmanice u Frýdlantu;Heřmanice u Frýdlantu;katastr
Chocerady;Chocerady;katastr
Radenov;Radenov;katastr
Ždírec v Podbezdězí;Ždírec v Podbezdězí;katastr
Malé Vrbno;Malé Vrbno;katastr
Zlobice;Zlobice;katastr
Horní Bezděkov u Bojanova;Horní Bezděkov u Bojanova;katastr
Pokojovice;Pokojovice;katastr
Ostrov;Ostrov;katastr
Bělečko;Bělečko;katastr
Loukovičky;Loukovičky;katastr
Vápenná;Vápenná;katastr
Olešnice u Turnova;Olešnice u Turnova;katastr
Štoutov;Štoutov;katastr
Viničné Šumice;Viničné Šumice;katastr
Přílezy;Přílezy;katastr
Chudonice;Chudonice;katastr
Bítov u Bílovce;Bítov u Bílovce;katastr
Vimperk;Vimperk;katastr
Hradiště u Vernéřova;Hradiště u Vernéřova;katastr
Svojše;Svojše;katastr
Brložec u Štědré;Brložec u Štědré;katastr
Nosákov;Nosákov;katastr
Úšovice;Úšovice;katastr
Kolín;Kolín;katastr
Prosetín u Dobkovic;Prosetín u Dobkovic;katastr
Chmelná u Pelhřimova;Chmelná u Pelhřimova;katastr
Zliv nad Mží;Zliv nad Mží;katastr
Družec;Družec;katastr
Vacíkov;Vacíkov;katastr
Dobrnice;Dobrnice;katastr
Březí u Kovářova;Březí u Kovářova;katastr
Cetenov;Cetenov;katastr
Hrádečná;Hrádečná;katastr
Lhota u Kestřan;Lhota u Kestřan;katastr
Bečov;Bečov;katastr
Rozhraní;Rozhraní;katastr
Týn u Lomnice;Týn u Lomnice;katastr
Hradiště u Nové Bystřice;Hradiště u Nové Bystřice;katastr
Chodovská Huť;Chodovská Huť;katastr
Konětopy u Příbramě;Konětopy u Příbramě;katastr
Vesec;Vesec;katastr
Nová Bystřice;Nová Bystřice;katastr
Zdounky;Zdounky;katastr
Nadlesí;Nadlesí;katastr
Vrážné;Vrážné;katastr
Krásné Údolí;Krásné Údolí;katastr
Bílý Kostel nad Nisou;Bílý Kostel nad Nisou;katastr
Mlýnický Dvůr;Mlýnický Dvůr;katastr
Smržov u Lomnice nad Lužnicí;Smržov u Lomnice nad Lužnicí;katastr
Rejštejn;Rejštejn;katastr
Přední Arnoštov;Přední Arnoštov;katastr
Předčice;Předčice;katastr
Podolí u Mnichova Hradiště;Podolí u Mnichova Hradiště;katastr
Čistá u Rovné;Čistá u Rovné;katastr
Bydžovská Lhotka;Bydžovská Lhotka;katastr
Mniší;Mniší;katastr
Košík;Košík;katastr
Opatov u Lubů;Opatov u Lubů;katastr
Valy u Mariánských Lázní;Valy u Mariánských Lázní;katastr
Neškaredice;Neškaredice;katastr
Chroustov;Chroustov;katastr
Volenice u Březnice;Volenice u Březnice;katastr
Šimanov na Šumavě;Šimanov na Šumavě;katastr
Lipná u Hazlova;Lipná u Hazlova;katastr
Nové Strašecí;Nové Strašecí;katastr
Kozlov nad Otavou;Kozlov nad Otavou;katastr
Hradešice;Hradešice;katastr
Třtí;Třtí;katastr
Soběslav;Soběslav;katastr
Dívčice;Dívčice;katastr
Červený Kostelec;Červený Kostelec;katastr
Dolní Orlice;Dolní Orlice;katastr
Štěnkov;Štěnkov;katastr
Žďár v Podbezdězí;Žďár v Podbezdězí;katastr
Kladrubce;Kladrubce;katastr
Komárov u Přelouče;Komárov u Přelouče;katastr
Loket;Loket;katastr
Beroun;Beroun;katastr
Honezovice;Honezovice;katastr
Vestec u Běstviny;Vestec u Běstviny;katastr
Hynkov;Hynkov;katastr
Lítov;Lítov;katastr
Králova Lhota;Králova Lhota;katastr
Vrbno nad Lesy;Vrbno nad Lesy;katastr
Žichlice u Modlan;Žichlice u Modlan;katastr
Velké Popovice;Velké Popovice;katastr
Hluboký;Hluboký;katastr
Polánka u Kasejovic;Polánka u Kasejovic;katastr
Komárov u Holic;Komárov u Holic;katastr
Dasný;Dasný;katastr
Višňová u Kardašovy Řečice;Višňová u Kardašovy Řečice;katastr
Sulice;Sulice;katastr
Dolní Police;Dolní Police;katastr
Renoty;Renoty;katastr
Zborovice;Zborovice;katastr
Jemnice;Jemnice;katastr
Bynina;Bynina;katastr
Šanov u Červené Vody;Šanov u Červené Vody;katastr
Traplice;Traplice;katastr
Maleč u Chotěboře;Maleč u Chotěboře;katastr
Dětřichov;Dětřichov;katastr
Lubojaty;Lubojaty;katastr
Běstvina;Běstvina;katastr
Stražisko;Stražisko;katastr
Panská Lhota;Panská Lhota;katastr
Smrček;Smrček;katastr
Pískov;Pískov;katastr
Stříbrné Hory u Přibyslavi;Stříbrné Hory u Přibyslavi;katastr
Hrutov;Hrutov;katastr
Věteřov;Věteřov;katastr
Pustina;Pustina;katastr
Buková u Semněvic;Buková u Semněvic;katastr
Skalka u České Metuje;Skalka u České Metuje;katastr
Bohdašín nad Olešnicí;Bohdašín nad Olešnicí;katastr
Radotín u Bílovce;Radotín u Bílovce;katastr
Ostrov u Ledče nad Sázavou;Ostrov u Ledče nad Sázavou;katastr
Sklené nad Oslavou;Sklené nad Oslavou;katastr
Hartíkov;Hartíkov;katastr
Najdek na Moravě;Najdek na Moravě;katastr
Svaté Pole u Horažďovic;Svaté Pole u Horažďovic;katastr
Hamry nad Sázavou;Hamry nad Sázavou;katastr
Šumná;Šumná;katastr
Újezd u Chcebuze;Újezd u Chcebuze;katastr
Rozseč;Rozseč;katastr
Víceměřice;Víceměřice;katastr
Mělčany u Dobrušky;Mělčany u Dobrušky;katastr
Dalovy;Dalovy;katastr
Heřmánky nad Odrou;Heřmánky nad Odrou;katastr
Přibyslav;Přibyslav;katastr
Leštinka u Světlé nad Sázavou;Leštinka u Světlé nad Sázavou;katastr
Zámek Žďár;Zámek Žďár;katastr
Droužetice;Droužetice;katastr
Blatiny;Blatiny;katastr
Zálesí u Drážova;Zálesí u Drážova;katastr
Bratříkov;Bratříkov;katastr
Škodějov;Škodějov;katastr
Dobrš;Dobrš;katastr
Rudolec;Rudolec;katastr
Chotiná;Chotiná;katastr
Jívová;Jívová;katastr
Psáry;Psáry;katastr
Hubojedy;Hubojedy;katastr
Dolní Kounice;Dolní Kounice;katastr
Bartultovice;Bartultovice;katastr
Srbce u Okřínka;Srbce u Okřínka;katastr
Bystřice pod Hostýnem;Bystřice pod Hostýnem;katastr
Radostice u Trocnova;Radostice u Trocnova;katastr
Hroznětice;Hroznětice;katastr
Mazelov;Mazelov;katastr
Vliněves;Vliněves;katastr
Borek u Děčína;Borek u Děčína;katastr
Babín u Horažďovic;Babín u Horažďovic;katastr
Lhota u Dřevčic;Lhota u Dřevčic;katastr
Dlouhá Lhota u Mladé Boleslavi;Dlouhá Lhota u Mladé Boleslavi;katastr
Bílá Voda;Bílá Voda;katastr
Předměstí;Předměstí;katastr
Vinaře u Kadaně;Vinaře u Kadaně;katastr
Víska u Jevíčka;Víska u Jevíčka;katastr
Kynice;Kynice;katastr
Lhota pod Přeloučí;Lhota pod Přeloučí;katastr
Tříklasovice;Tříklasovice;katastr
Starý Šidlov;Starý Šidlov;katastr
Drnholec nad Lubinou;Drnholec nad Lubinou;katastr
Jakubov u Moravských Budějovic;Jakubov u Moravských Budějovic;katastr
Mošnov;Mošnov;katastr
Žlebské Chvalovice;Žlebské Chvalovice;katastr
Strachotín;Strachotín;katastr
Moravský Karlov;Moravský Karlov;katastr
Libhošť;Libhošť;katastr
Dolní Fořt;Dolní Fořt;katastr
Sudkův Důl;Sudkův Důl;katastr
Pouzdřany;Pouzdřany;katastr
Lhota za Červeným Kostelcem;Lhota za Červeným Kostelcem;katastr
Babice u Kelče;Babice u Kelče;katastr
Branišovice;Branišovice;katastr
Vestřev;Vestřev;katastr
Václavov u Zábřeha;Václavov u Zábřeha;katastr
Vilémov u Golčova Jeníkova;Vilémov u Golčova Jeníkova;katastr
Budišovice;Budišovice;katastr
Staré Ransko;Staré Ransko;katastr
Suchá u Havlíčkova Brodu;Suchá u Havlíčkova Brodu;katastr
Bolatice;Bolatice;katastr
Borovník;Borovník;katastr
Lysůvky;Lysůvky;katastr
Černá Voda u Žacléře;Černá Voda u Žacléře;katastr
Mečeříž;Mečeříž;katastr
Hodslavice;Hodslavice;katastr
Kámen u Pacova;Kámen u Pacova;katastr
Dolní Kruty;Dolní Kruty;katastr
Jiřice u Humpolce;Jiřice u Humpolce;katastr
Újezdec u Horních Krut;Újezdec u Horních Krut;katastr
Mezihoří u Městečka Trnávky;Mezihoří u Městečka Trnávky;katastr
Přední Kopanina;Přední Kopanina;katastr
Jablonná nad Vltavou;Jablonná nad Vltavou;katastr
Heřmanice u Polomi;Heřmanice u Polomi;katastr
Sedlo u Horažďovic;Sedlo u Horažďovic;katastr
Moravský Beroun;Moravský Beroun;katastr
Ostrov u Brandýsa nad Labem;Ostrov u Brandýsa nad Labem;katastr
Dvorska;Dvorska;katastr
Michálkovice;Michálkovice;katastr
Radkov u Vítkova;Radkov u Vítkova;katastr
Strhaře;Strhaře;katastr
Brusné;Brusné;katastr
Slavníč;Slavníč;katastr
Řídeč;Řídeč;katastr
Velemín;Velemín;katastr
Nětčice;Nětčice;katastr
Bítov u Přehýšova;Bítov u Přehýšova;katastr
Trnčí;Trnčí;katastr
Zálší;Zálší;katastr
Vysoká u Kosovy Hory;Vysoká u Kosovy Hory;katastr
Sobědraž;Sobědraž;katastr
Vícemil;Vícemil;katastr
Zaječov v Brdech;Zaječov v Brdech;katastr
Načetín u Drahotína;Načetín u Drahotína;katastr
Veliká Ves;Veliká Ves;katastr
Cudrovice;Cudrovice;katastr
Šemnice;Šemnice;katastr
Falknov;Falknov;katastr
Kojice;Kojice;katastr
Divec;Divec;katastr
Staré Křečany;Staré Křečany;katastr
Daliměřice;Daliměřice;katastr
Květinov;Květinov;katastr
Černilov;Černilov;katastr
Troskovice;Troskovice;katastr
Uhelná;Uhelná;katastr
Třemošnice nad Doubravou;Třemošnice nad Doubravou;katastr
Nová Ves u Jeseníka;Nová Ves u Jeseníka;katastr
Chotěbudice;Chotěbudice;katastr
Veleboř;Veleboř;katastr
Frýdlant nad Ostravicí;Frýdlant nad Ostravicí;katastr
Sobíňov;Sobíňov;katastr
Lískovec u Frýdku-Místku;Lískovec u Frýdku-Místku;katastr
Svárov u Velkých Opatovic;Svárov u Velkých Opatovic;katastr
Maloměřice;Maloměřice;katastr
Bělá nad Radbuzou;Bělá nad Radbuzou;katastr
Černín;Černín;katastr
Ivanovice na Hané;Ivanovice na Hané;katastr
Zhoř u Stříbra;Zhoř u Stříbra;katastr
Milasín;Milasín;katastr
Radňoves;Radňoves;katastr
Nymburk;Nymburk;katastr
Hole u Průhonic;Hole u Průhonic;katastr
Šerkovice;Šerkovice;katastr
Podhradí v Železných horách;Podhradí v Železných horách;katastr
Smilovice;Smilovice;katastr
Bílovice u Uherského Hradiště;Bílovice u Uherského Hradiště;katastr
Kutrovice;Kutrovice;katastr
Ješín;Ješín;katastr
Maříž;Maříž;katastr
Radějov u Buřenic;Radějov u Buřenic;katastr
Novákovice;Novákovice;katastr
Vicmanov;Vicmanov;katastr
Horky nad Jizerou;Horky nad Jizerou;katastr
Lužec nad Vltavou;Lužec nad Vltavou;katastr
Světce;Světce;katastr
Chaloupky v Brdech;Chaloupky v Brdech;katastr
Dobříkov na Šumavě;Dobříkov na Šumavě;katastr
Horky u Čáslavi;Horky u Čáslavi;katastr
Albrechtovice;Albrechtovice;katastr
Dalovice u Mladé Boleslavi;Dalovice u Mladé Boleslavi;katastr
Řevnov;Řevnov;katastr
Olšová Vrata;Olšová Vrata;katastr
Snopoušovy;Snopoušovy;katastr
Mrsklesy;Mrsklesy;katastr
Březhrad;Březhrad;katastr
Červená Voda;Červená Voda;katastr
Nové Město nad Cidlinou;Nové Město nad Cidlinou;katastr
Kvasice;Kvasice;katastr
Střítež u Božejova;Střítež u Božejova;katastr
Kunín;Kunín;katastr
Trojovice;Trojovice;katastr
Cakov;Cakov;katastr
Dolní Vestec;Dolní Vestec;katastr
Třesov;Třesov;katastr
Dolní Lánov;Dolní Lánov;katastr
Sádek u Opavy;Sádek u Opavy;katastr
Hořejší Vrchlabí;Hořejší Vrchlabí;katastr
Petráveč;Petráveč;katastr
Bílavsko;Bílavsko;katastr
Železná pod Pradědem;Železná pod Pradědem;katastr
Lično;Lično;katastr
Tasov;Tasov;katastr
Prostřední Svince-Holkov;Prostřední Svince-Holkov;katastr
Rybova Lhota;Rybova Lhota;katastr
Hradíšťko;Hradíšťko;katastr
Zdenice;Zdenice;katastr
Úboč;Úboč;katastr
Lžín;Lžín;katastr
Žirov;Žirov;katastr
Ludvíkovice;Ludvíkovice;katastr
Vlčice u Střížovic;Vlčice u Střížovic;katastr
Doksy u Kladna;Doksy u Kladna;katastr
Bubovice u Březnice;Bubovice u Březnice;katastr
Strmilov;Strmilov;katastr
Perštejnec;Perštejnec;katastr
Povodí;Povodí;katastr
Koryta u Mnichova Hradiště;Koryta u Mnichova Hradiště;katastr
Liškov;Liškov;katastr
Lomnice nad Lužnicí;Lomnice nad Lužnicí;katastr
Chlumy;Chlumy;katastr
Zahrádky u České Lípy;Zahrádky u České Lípy;katastr
Votuz;Votuz;katastr
Podklášteří;Podklášteří;katastr
Čermákovice;Čermákovice;katastr
Hať;Hať;katastr
Lesonice u Moravského Krumlova;Lesonice u Moravského Krumlova;katastr
Krmelín;Krmelín;katastr
Bratřejov u Vizovic;Bratřejov u Vizovic;katastr
Stavenice;Stavenice;katastr
Bohuňov;Bohuňov;katastr
Koněprusy;Koněprusy;katastr
Úpohlavy;Úpohlavy;katastr
Petrovice;Petrovice;katastr
Heřmanice u Oder;Heřmanice u Oder;katastr
Brocná;Brocná;katastr
Komárov u Mladějovic;Komárov u Mladějovic;katastr
Chotýčany;Chotýčany;katastr
Černá Hora u Dymokur;Černá Hora u Dymokur;katastr
Sobín;Sobín;katastr
Studenec u Stach;Studenec u Stach;katastr
Želiv;Želiv;katastr
Dolní Lhota u Klatov;Dolní Lhota u Klatov;katastr
Zvonková;Zvonková;katastr
Prostřední Žleb;Prostřední Žleb;katastr
Mezno;Mezno;katastr
Tuřany u Kynšperku nad Ohří;Tuřany u Kynšperku nad Ohří;katastr
Mirochov;Mirochov;katastr
Sedlečko u Karlových Var;Sedlečko u Karlových Var;katastr
Šabina;Šabina;katastr
Hradec u Ledče nad Sázavou;Hradec u Ledče nad Sázavou;katastr
Tatobity;Tatobity;katastr
Posluchov;Posluchov;katastr
Heřmanice u Králík;Heřmanice u Králík;katastr
Mutkov;Mutkov;katastr
Kojatice;Kojatice;katastr
Bobrovníky;Bobrovníky;katastr
Běleč u Lomnice;Běleč u Lomnice;katastr
Citonice;Citonice;katastr
Blažkov;Blažkov;katastr
Geršov;Geršov;katastr
Křivice;Křivice;katastr
Údrnická Lhota;Údrnická Lhota;katastr
Městečko Trnávka;Městečko Trnávka;katastr
Šatov;Šatov;katastr
Vrbno pod Pradědem;Vrbno pod Pradědem;katastr
Trhová Kamenice;Trhová Kamenice;katastr
Malé Hradisko;Malé Hradisko;katastr
Libkovice;Libkovice;katastr
Janoslavice;Janoslavice;katastr
Skořenice;Skořenice;katastr
Šlovice u Bukovce;Šlovice u Bukovce;katastr
Nespery;Nespery;katastr
Studénka u Nové Paky;Studénka u Nové Paky;katastr
Hůrky u Lišova;Hůrky u Lišova;katastr
Lešany nad Sázavou;Lešany nad Sázavou;katastr
Hvožďany u Vodňan;Hvožďany u Vodňan;katastr
Nová Olešná;Nová Olešná;katastr
Podluhy v Brdech;Podluhy v Brdech;katastr
Leptač;Leptač;katastr
Koprník;Koprník;katastr
Veselé;Veselé;katastr
Lhota u Medvědic;Lhota u Medvědic;katastr
Rotava;Rotava;katastr
Jiřetín pod Jedlovou;Jiřetín pod Jedlovou;katastr
Supíkovice;Supíkovice;katastr
Ratíškovice;Ratíškovice;katastr
Radlice u Barchovic;Radlice u Barchovic;katastr
Janoušov;Janoušov;katastr
Křovice;Křovice;katastr
Městec Králové;Městec Králové;katastr
Nedošín;Nedošín;katastr
Ždánice u Kouřimi;Ždánice u Kouřimi;katastr
Ludvíkov pod Pradědem;Ludvíkov pod Pradědem;katastr
Nebanice;Nebanice;katastr
Polubný;Polubný;katastr
Nedvězí u Dobrušky;Nedvězí u Dobrušky;katastr
Černotín;Černotín;katastr
Týnice;Týnice;katastr
Vrch;Vrch;katastr
Tachovská Huť;Tachovská Huť;katastr
Myslív;Myslív;katastr
Horažďovice;Horažďovice;katastr
Miskovice;Miskovice;katastr
Probulov;Probulov;katastr
Čistá u Mladé Boleslavi;Čistá u Mladé Boleslavi;katastr
České Budějovice 6;České Budějovice 6;katastr
Zátes;Zátes;katastr
Štědrá u Kynšperka nad Ohří;Štědrá u Kynšperka nad Ohří;katastr
Volfartická Nová Ves;Volfartická Nová Ves;katastr
Macourov;Macourov;katastr
Černčice;Černčice;katastr
Zubří;Zubří;katastr
Rejchartice u Šumperka;Rejchartice u Šumperka;katastr
Železné;Železné;katastr
Drahonice;Drahonice;katastr
Nezamyslice nad Hanou;Nezamyslice nad Hanou;katastr
Mostov;Mostov;katastr
Město Libavá;Město Libavá;katastr
Zahořany u Litoměřic;Zahořany u Litoměřic;katastr
Staňkova Lhota;Staňkova Lhota;katastr
Dolany u Stříbra;Dolany u Stříbra;katastr
Nová Ves u Prahy;Nová Ves u Prahy;katastr
Setěchovice;Setěchovice;katastr
Sudoměř;Sudoměř;katastr
Krásné u Tří Seker;Krásné u Tří Seker;katastr
Zvíkovské Podhradí;Zvíkovské Podhradí;katastr
Kbel;Kbel;katastr
Horní Luby;Horní Luby;katastr
Přílepov;Přílepov;katastr
Suchá u Nejdku;Suchá u Nejdku;katastr
České Budějovice 4;České Budějovice 4;katastr
Kladruby nad Labem;Kladruby nad Labem;katastr
Svatý Jan nad Malší;Svatý Jan nad Malší;katastr
Nová Ves nad Popelkou;Nová Ves nad Popelkou;katastr
Převýšov;Převýšov;katastr
Turov;Turov;katastr
Spálenec;Spálenec;katastr
Bezemín;Bezemín;katastr
Markvartice u Děčína;Markvartice u Děčína;katastr
Oldřichov u Lipové;Oldřichov u Lipové;katastr
Vitíněves;Vitíněves;katastr
Horní Tašovice;Horní Tašovice;katastr
Dříteň;Dříteň;katastr
Hrachoviště u Třeboně;Hrachoviště u Třeboně;katastr
Rolava;Rolava;katastr
Malšova Lhota;Malšova Lhota;katastr
Všeliby;Všeliby;katastr
Krumvald;Krumvald;katastr
Uhřice u Kyjova;Uhřice u Kyjova;katastr
Dolní Dvůr;Dolní Dvůr;katastr
Hrabůvka;Hrabůvka;katastr
Rokytnice u Slavičína;Rokytnice u Slavičína;katastr
Klokočov u Příbora;Klokočov u Příbora;katastr
Tuhaň u Stružince;Tuhaň u Stružince;katastr
Dalešice u Jablonce nad Nisou;Dalešice u Jablonce nad Nisou;katastr
Synalov;Synalov;katastr
Čermná u Města Libavá;Čermná u Města Libavá;katastr
Čisovice;Čisovice;katastr
Starkoč u Vysokova;Starkoč u Vysokova;katastr
Třebel;Třebel;katastr
Oslovice;Oslovice;katastr
Jílovice u Trhových Svinů;Jílovice u Trhových Svinů;katastr
Dolany u Prahy;Dolany u Prahy;katastr
Zderadinky;Zderadinky;katastr
Cotkytle;Cotkytle;katastr
Kynšperk nad Ohří;Kynšperk nad Ohří;katastr
Lasvice;Lasvice;katastr
Žďárky;Žďárky;katastr
Střítež pod Křemešníkem;Střítež pod Křemešníkem;katastr
Lazce;Lazce;katastr
Prušánky;Prušánky;katastr
Místek;Místek;katastr
Horní Vlčkovice;Horní Vlčkovice;katastr
Trnava u Zlína;Trnava u Zlína;katastr
Rovné u Dobrého;Rovné u Dobrého;katastr
Malešice;Malešice;katastr
Vrbka u Opavy;Vrbka u Opavy;katastr
Soběnov;Soběnov;katastr
Přeštěnice;Přeštěnice;katastr
Vlkov u Jaroměře;Vlkov u Jaroměře;katastr
Žďár u Tachova;Žďár u Tachova;katastr
Korkyně;Korkyně;katastr
Maxičky;Maxičky;katastr
Neveklovice;Neveklovice;katastr
Harcov;Harcov;katastr
Černovír;Černovír;katastr
Nová Lhota u Veselí nad Moravou;Nová Lhota u Veselí nad Moravou;katastr
Býšovec;Býšovec;katastr
Žerotín u Panenského Týnce;Žerotín u Panenského Týnce;katastr
Řiště;Řiště;katastr
Brandýs nad Labem;Brandýs nad Labem;katastr
Jámy u Rychnova nad Kněžnou;Jámy u Rychnova nad Kněžnou;katastr
Horní Benešov;Horní Benešov;katastr
Dolní Václavov;Dolní Václavov;katastr
Spálov u Semil;Spálov u Semil;katastr
Podlesí nad Odrou;Podlesí nad Odrou;katastr
Prosíčka;Prosíčka;katastr
Roudná nad Lužnicí;Roudná nad Lužnicí;katastr
Zmišovice;Zmišovice;katastr
Slavětín u Slavonic;Slavětín u Slavonic;katastr
Petrovice nad Úhlavou;Petrovice nad Úhlavou;katastr
Mechová;Mechová;katastr
Svatava;Svatava;katastr
Posobice;Posobice;katastr
Lužany nad Trotinou;Lužany nad Trotinou;katastr
Deblín;Deblín;katastr
Nepolisy;Nepolisy;katastr
Morkůvky;Morkůvky;katastr
Polnička;Polnička;katastr
Sedlecko;Sedlecko;katastr
Bojiště u Trutnova;Bojiště u Trutnova;katastr
Kozí Hřbet;Kozí Hřbet;katastr
Dlouhá Ves u Rychnova nad Kněžnou;Dlouhá Ves u Rychnova nad Kněžnou;katastr
Šanov nad Jevišovkou;Šanov nad Jevišovkou;katastr
Jakubovice u Šumperka;Jakubovice u Šumperka;katastr
Málkovice u Pernarce;Málkovice u Pernarce;katastr
Dvory u Nymburka;Dvory u Nymburka;katastr
Zbožnov;Zbožnov;katastr
Skrýchov;Skrýchov;katastr
Únehle;Únehle;katastr
Horní Oldřichov;Horní Oldřichov;katastr
Mlýnec pod Přimdou;Mlýnec pod Přimdou;katastr
Vranovice pod Třemšínem;Vranovice pod Třemšínem;katastr
Studený u Kunratic;Studený u Kunratic;katastr
Přední Výtoň;Přední Výtoň;katastr
Bučina;Bučina;katastr
Mlázovice;Mlázovice;katastr
Smolkov;Smolkov;katastr
Náměšť nad Oslavou;Náměšť nad Oslavou;katastr
Panenský Týnec;Panenský Týnec;katastr
Barchovice;Barchovice;katastr
Jersín;Jersín;katastr
Mírovka;Mírovka;katastr
Svojanov u Bouzova;Svojanov u Bouzova;katastr
Mikulov;Mikulov;katastr
Vysočany u Nového Bydžova;Vysočany u Nového Bydžova;katastr
Vlkov nad Lužnicí;Vlkov nad Lužnicí;katastr
Kopaniny;Kopaniny;katastr
Maršovice u Svojšic;Maršovice u Svojšic;katastr
Mohelnice nad Jizerou;Mohelnice nad Jizerou;katastr
Chlum u Vlašimi;Chlum u Vlašimi;katastr
Kotojedy;Kotojedy;katastr
Brteč;Brteč;katastr
Benátky u Houserovky;Benátky u Houserovky;katastr
Nová Véska;Nová Véska;katastr
Dolní Lažany;Dolní Lažany;katastr
Bartoňov;Bartoňov;katastr
Staré Hvězdlice;Staré Hvězdlice;katastr
Osové;Osové;katastr
Hostašovice;Hostašovice;katastr
Lhotka u Nekmíře;Lhotka u Nekmíře;katastr
Třemešná;Třemešná;katastr
Všeměřice;Všeměřice;katastr
Řísnice;Řísnice;katastr
Nový Dvůr u Žihle;Nový Dvůr u Žihle;katastr
Doubravany;Doubravany;katastr
Černý Potok;Černý Potok;katastr
České Budějovice 1;České Budějovice 1;katastr
Martiněves u Libochovic;Martiněves u Libochovic;katastr
Česká;Česká;katastr
Poděčely;Poděčely;katastr
Polomí;Polomí;katastr
Bezděkov u Třešti;Bezděkov u Třešti;katastr
Služovice;Služovice;katastr
Rybníček;Rybníček;katastr
Řepová;Řepová;katastr
Dolní Těrlicko;Dolní Těrlicko;katastr
Vrutice;Vrutice;katastr
Záboří u Proseče;Záboří u Proseče;katastr
Zdíkov;Zdíkov;katastr
Mýtinka;Mýtinka;katastr
Podmokly;Podmokly;katastr
Miřetice;Miřetice;katastr
Lobeč u Mšena;Lobeč u Mšena;katastr
Osletín;Osletín;katastr
Dvory nad Lužnicí;Dvory nad Lužnicí;katastr
Bohousová;Bohousová;katastr
Černovír u Ústí nad Orlicí;Černovír u Ústí nad Orlicí;katastr
Orlovice u Pocinovic;Orlovice u Pocinovic;katastr
Kružberk;Kružberk;katastr
Žatčany;Žatčany;katastr
Křižanov;Křižanov;katastr
Malíkov;Malíkov;katastr
Rovensko;Rovensko;katastr
Petrůvka u Slavičína;Petrůvka u Slavičína;katastr
Slatina;Slatina;katastr
Horní Radouň;Horní Radouň;katastr
Rodná;Rodná;katastr
Obědné;Obědné;katastr
Skočice u Přeštic;Skočice u Přeštic;katastr
Roseč;Roseč;katastr
Pravy;Pravy;katastr
Stráž nad Ohří;Stráž nad Ohří;katastr
Lojovice;Lojovice;katastr
Heřmaničky u Dobranova;Heřmaničky u Dobranova;katastr
Stará Červená Voda;Stará Červená Voda;katastr
Třebíč;Třebíč;katastr
Domoradovice;Domoradovice;katastr
Vřesice;Vřesice;katastr
Hrabová;Hrabová;katastr
Lubná u Poličky;Lubná u Poličky;katastr
Hněvín;Hněvín;katastr
Chomoutov;Chomoutov;katastr
Krukanice;Krukanice;katastr
Nemněnice;Nemněnice;katastr
Rájov-Černice;Rájov-Černice;katastr
Dvory;Dvory;katastr
Předenice;Předenice;katastr
Staré Nechanice;Staré Nechanice;katastr
Maleny;Maleny;katastr
Vyškovec;Vyškovec;katastr
Bartoušov;Bartoušov;katastr
Chabičov;Chabičov;katastr
Ostrov u Bezdružic;Ostrov u Bezdružic;katastr
Záluží u Vlastiboře;Záluží u Vlastiboře;katastr
Kladruby u Strakonic;Kladruby u Strakonic;katastr
Čečovice u Bukovce;Čečovice u Bukovce;katastr
Modřišice;Modřišice;katastr
Poříčí u Litomyšle;Poříčí u Litomyšle;katastr
Blešno;Blešno;katastr
Trnava u Třebíče;Trnava u Třebíče;katastr
Hrachovec;Hrachovec;katastr
Babice nad Svitavou;Babice nad Svitavou;katastr
Otročiněves;Otročiněves;katastr
Řepčice;Řepčice;katastr
Pastuchovice;Pastuchovice;katastr
Matějovice;Matějovice;katastr
Paseky u Horní Stropnice;Paseky u Horní Stropnice;katastr
Žďár u Kumburku;Žďár u Kumburku;katastr
Mířovice;Mířovice;katastr
Tuchlovice;Tuchlovice;katastr
Srby u Tuchlovic;Srby u Tuchlovic;katastr
Rohozná u Rovné;Rohozná u Rovné;katastr
Horní Skrýchov;Horní Skrýchov;katastr
Úhošť;Úhošť;katastr
Veleň;Veleň;katastr
Kněždub;Kněždub;katastr
Bradlo;Bradlo;katastr
Rovná u Hořepníku;Rovná u Hořepníku;katastr
Zašová;Zašová;katastr
Žďár u Blanska;Žďár u Blanska;katastr
Chvalatice;Chvalatice;katastr
Černice;Černice;katastr
Přeborov;Přeborov;katastr
Tlučeň;Tlučeň;katastr
Nový Nemojov;Nový Nemojov;katastr
Vlkošov;Vlkošov;katastr
Krpy;Krpy;katastr
Nový Drahov;Nový Drahov;katastr
Podzámčí;Podzámčí;katastr
Karlovy Vary;Karlovy Vary;katastr
Netunice;Netunice;katastr
Sekerkovy Loučky;Sekerkovy Loučky;katastr
Stařechovice;Stařechovice;katastr
Horní Lhotka;Horní Lhotka;katastr
Liblice u Českého Brodu;Liblice u Českého Brodu;katastr
Milkov na Moravě;Milkov na Moravě;katastr
Pohledec;Pohledec;katastr
Střelice u Brna;Střelice u Brna;katastr
Kovářov;Kovářov;katastr
Blažim u Bezdružic;Blažim u Bezdružic;katastr
Svinky;Svinky;katastr
Střížov nad Malší;Střížov nad Malší;katastr
Lbosín;Lbosín;katastr
Břekova Lhota;Břekova Lhota;katastr
Chroboly;Chroboly;katastr
Charvatce u Martiněvsi;Charvatce u Martiněvsi;katastr
Svinary;Svinary;katastr
Mikulčice;Mikulčice;katastr
Hrabětice;Hrabětice;katastr
Český Brod;Český Brod;katastr
Frenštát pod Radhoštěm;Frenštát pod Radhoštěm;katastr
Rváčov;Rváčov;katastr
Veveří u Huzové;Veveří u Huzové;katastr
Milenovice;Milenovice;katastr
Rančířov;Rančířov;katastr
Myslkovice;Myslkovice;katastr
Vysoké Jamné;Vysoké Jamné;katastr
Škvořetice;Škvořetice;katastr
Lužice u Netolic;Lužice u Netolic;katastr
Kasalice;Kasalice;katastr
Kurdějov;Kurdějov;katastr
Vlčice u Trutnova;Vlčice u Trutnova;katastr
Lesná u Znojma;Lesná u Znojma;katastr
Osová;Osová;katastr
Veletiny;Veletiny;katastr
Mokřiny;Mokřiny;katastr
Chalupy;Chalupy;katastr
Zlatníky u Prahy;Zlatníky u Prahy;katastr
Opatovice II;Opatovice II;katastr
Řenče;Řenče;katastr
Křivsoudov;Křivsoudov;katastr
Liběchov;Liběchov;katastr
Sluštice;Sluštice;katastr
Loktuše;Loktuše;katastr
Vidče;Vidče;katastr
Mařatice;Mařatice;katastr
Záboří u Dvora Králové;Záboří u Dvora Králové;katastr
Domčice;Domčice;katastr
Dolní Ročov;Dolní Ročov;katastr
Horní Záhoří;Horní Záhoří;katastr
Moravská Huzová;Moravská Huzová;katastr
Dobšice u Žehuně;Dobšice u Žehuně;katastr
Plavno;Plavno;katastr
Svrčovec;Svrčovec;katastr
Cvrčovice;Cvrčovice;katastr
Felbabka v Brdech;Felbabka v Brdech;katastr
Oloví;Oloví;katastr
Brandýs nad Orlicí;Brandýs nad Orlicí;katastr
Šebkovice;Šebkovice;katastr
Kozmice;Kozmice;katastr
Hrušky u Brna;Hrušky u Brna;katastr
Třebovle;Třebovle;katastr
Krásněves;Krásněves;katastr
Komín;Komín;katastr
Páleček;Páleček;katastr
Petrovice u Záblatí;Petrovice u Záblatí;katastr
Vilice;Vilice;katastr
Žebnice;Žebnice;katastr
Skalka u Nové Bystřice;Skalka u Nové Bystřice;katastr
Pomezí;Pomezí;katastr
Předhradí u Skutče;Předhradí u Skutče;katastr
Čermná v Krkonoších;Čermná v Krkonoších;katastr
Peruc;Peruc;katastr
Fryšava pod Žákovou horou;Fryšava pod Žákovou horou;katastr
Rohle;Rohle;katastr
Josefův Důl u Jablonce nad Nisou;Josefův Důl u Jablonce nad Nisou;katastr
Prorubky;Prorubky;katastr
Chválov u Pelhřimova;Chválov u Pelhřimova;katastr
Vlčeves;Vlčeves;katastr
Vrátno;Vrátno;katastr
Kbelnice;Kbelnice;katastr
Líska;Líska;katastr
Lučice u Chlumce nad Cidlinou;Lučice u Chlumce nad Cidlinou;katastr
Ploužnice pod Táborem;Ploužnice pod Táborem;katastr
Smržice;Smržice;katastr
Radostovice u Lipničky;Radostovice u Lipničky;katastr
Domanínek;Domanínek;katastr
Selmice;Selmice;katastr
Strachotice;Strachotice;katastr
Nedašova Lhota;Nedašova Lhota;katastr
Lbín;Lbín;katastr
Chrastná;Chrastná;katastr
Radlice u Volfířova;Radlice u Volfířova;katastr
Stan u Lestkova;Stan u Lestkova;katastr
Branžež;Branžež;katastr
Helvíkov;Helvíkov;katastr
Návary;Návary;katastr
Hory u Jenišova;Hory u Jenišova;katastr
Medná;Medná;katastr
Syřenov;Syřenov;katastr
Palhanec;Palhanec;katastr
Kyjovice;Kyjovice;katastr
Horní Dubňany;Horní Dubňany;katastr
Rájec u Zábřeha;Rájec u Zábřeha;katastr
Vackovec;Vackovec;katastr
Nová Dědina u Uničova;Nová Dědina u Uničova;katastr
Ratibořské Hory;Ratibořské Hory;katastr
Třísov;Třísov;katastr
Drásov u Příbramě;Drásov u Příbramě;katastr
Květnice;Květnice;katastr
Pohodlí;Pohodlí;katastr
Koryčany;Koryčany;katastr
Albrechtice u Lanškrouna;Albrechtice u Lanškrouna;katastr
Fryčovice;Fryčovice;katastr
Hoštice;Hoštice;katastr
Klášterní Skalice;Klášterní Skalice;katastr
Vápenice u Starého Hrozenkova;Vápenice u Starého Hrozenkova;katastr
Kotelice;Kotelice;katastr
Bukovina u Turnova;Bukovina u Turnova;katastr
Dolany u Klatov;Dolany u Klatov;katastr
Majdalena;Majdalena;katastr
Radotín u Chyší;Radotín u Chyší;katastr
Přehořov u Soběslavi;Přehořov u Soběslavi;katastr
Jelcovy Lhotky;Jelcovy Lhotky;katastr
Krhová;Krhová;katastr
Housko;Housko;katastr
Vokovice;Vokovice;katastr
Mosty u Jablunkova;Mosty u Jablunkova;katastr
Pěčíkov;Pěčíkov;katastr
Mutyněves;Mutyněves;katastr
Vlastiboř u Soběslavi;Vlastiboř u Soběslavi;katastr
Lestkov;Lestkov;katastr
Úročnice;Úročnice;katastr
Drahotice;Drahotice;katastr
Nebílovy;Nebílovy;katastr
Lubno u Nechanic;Lubno u Nechanic;katastr
Norberčany;Norberčany;katastr
Borovnice u Staré Paky;Borovnice u Staré Paky;katastr
Božice;Božice;katastr
Lány u Litomyšle;Lány u Litomyšle;katastr
Rovná u Strakonic;Rovná u Strakonic;katastr
Veselíčko;Veselíčko;katastr
Skryje nad Berounkou;Skryje nad Berounkou;katastr
Lštění;Lštění;katastr
Horní Lažany u Lipové;Horní Lažany u Lipové;katastr
Třemblat;Třemblat;katastr
Dolní Lukavice;Dolní Lukavice;katastr
Lomnice nad Popelkou;Lomnice nad Popelkou;katastr
Sobáčov;Sobáčov;katastr
Velký Dešov;Velký Dešov;katastr
Boskovštejn;Boskovštejn;katastr
Leskovice;Leskovice;katastr
Milhostov;Milhostov;katastr
Stará Boleslav;Stará Boleslav;katastr
Semice nad Labem;Semice nad Labem;katastr
Damice;Damice;katastr
Buková u Studené Loučky;Buková u Studené Loučky;katastr
Zbonín;Zbonín;katastr
Bohuslavice nad Úpou;Bohuslavice nad Úpou;katastr
Lovčice u Nového Bydžova;Lovčice u Nového Bydžova;katastr
Medový Újezd;Medový Újezd;katastr
Postřelmov;Postřelmov;katastr
Řícmanice;Řícmanice;katastr
Díly;Díly;katastr
Plešnice;Plešnice;katastr
Čestín u Jankova;Čestín u Jankova;katastr
Luhy u Prosenické Lhoty;Luhy u Prosenické Lhoty;katastr
Brnířov;Brnířov;katastr
Jivina u Hořovic;Jivina u Hořovic;katastr
Krucemburk;Krucemburk;katastr
Hertvíkovice;Hertvíkovice;katastr
Solec;Solec;katastr
Milíkov u Jablunkova;Milíkov u Jablunkova;katastr
Netonice;Netonice;katastr
Jindřichova Hora;Jindřichova Hora;katastr
Kamenný Újezd u Nýřan;Kamenný Újezd u Nýřan;katastr
Kamenné;Kamenné;katastr
Všehrdy u Kralovic;Všehrdy u Kralovic;katastr
Dobrotín;Dobrotín;katastr
Mokrá u Chyší;Mokrá u Chyší;katastr
Žichlínek;Žichlínek;katastr
Milatice;Milatice;katastr
Želčany;Želčany;katastr
Komorní Lhotka;Komorní Lhotka;katastr
Zadní Ptákovice;Zadní Ptákovice;katastr
Košlák;Košlák;katastr
Planá u Nynic;Planá u Nynic;katastr
Horní Borek;Horní Borek;katastr
Kalenice;Kalenice;katastr
Dobešice;Dobešice;katastr
Spolí;Spolí;katastr
Volichov;Volichov;katastr
Horní Orlice;Horní Orlice;katastr
Branná u Šumperka;Branná u Šumperka;katastr
Linhartice;Linhartice;katastr
Kostelecká Lhota;Kostelecká Lhota;katastr
Chržín;Chržín;katastr
Ostrovce;Ostrovce;katastr
Vřeskovice;Vřeskovice;katastr
Chocovice;Chocovice;katastr
Vrbice u Vacova;Vrbice u Vacova;katastr
Lukavec u Lovosic;Lukavec u Lovosic;katastr
Běleč nad Orlicí;Běleč nad Orlicí;katastr
Pokojov;Pokojov;katastr
Kozlovice;Kozlovice;katastr
Záluží u Roudnice nad Labem;Záluží u Roudnice nad Labem;katastr
Javornice;Javornice;katastr
Jeníkovice u Hradce Králové;Jeníkovice u Hradce Králové;katastr
Mlýny u Choustníku;Mlýny u Choustníku;katastr
Zaječov;Zaječov;katastr
Dolní Hbity;Dolní Hbity;katastr
Tržek;Tržek;katastr
Krásné Pole u Chřibské;Krásné Pole u Chřibské;katastr
Střeň;Střeň;katastr
Pozovice;Pozovice;katastr
Bořetice u Kolína;Bořetice u Kolína;katastr
Dub u Nového Jičína;Dub u Nového Jičína;katastr
Nebřehovice;Nebřehovice;katastr
Dolní Přím;Dolní Přím;katastr
Staré Hodějovice;Staré Hodějovice;katastr
Robčice u Štěnovic;Robčice u Štěnovic;katastr
Hojsova Stráž;Hojsova Stráž;katastr
Lhotice u Bosně;Lhotice u Bosně;katastr
Hradec u Stoda;Hradec u Stoda;katastr
Stranná u Žirovnice;Stranná u Žirovnice;katastr
Řepčín;Řepčín;katastr
Horní Loučky;Horní Loučky;katastr
Starý Kolín;Starý Kolín;katastr
Kašava;Kašava;katastr
Bedřichův Světec;Bedřichův Světec;katastr
Benátky;Benátky;katastr
Srbice u Mochtína;Srbice u Mochtína;katastr
Kočín;Kočín;katastr
Bílá u Sedla;Bílá u Sedla;katastr
Šafléřov;Šafléřov;katastr
Černvír;Černvír;katastr
Sudice u Náměště nad Oslavou;Sudice u Náměště nad Oslavou;katastr
Raškov Ves;Raškov Ves;katastr
Kozlov u Lesoňovic;Kozlov u Lesoňovic;katastr
Pečky;Pečky;katastr
Píšť;Píšť;katastr
Soběšice u Předotic;Soběšice u Předotic;katastr
Třebnice u Domažlic;Třebnice u Domažlic;katastr
Hoštice u Mochtína;Hoštice u Mochtína;katastr
Knín;Knín;katastr
Horní Chřibská;Horní Chřibská;katastr
Levínské Petrovice;Levínské Petrovice;katastr
Barchov;Barchov;katastr
Podmoklany;Podmoklany;katastr
Hynčina;Hynčina;katastr
Lavičné;Lavičné;katastr
Dolní Částkov;Dolní Částkov;katastr
Vojnice u Olomouce;Vojnice u Olomouce;katastr
Břežany u Rakovníka;Břežany u Rakovníka;katastr
Mašťov;Mašťov;katastr
Mezihoří u Týnčan;Mezihoří u Týnčan;katastr
Javoří u Podolí;Javoří u Podolí;katastr
Mladějov v Čechách;Mladějov v Čechách;katastr
Dvorce u Bruntálu;Dvorce u Bruntálu;katastr
Těšov;Těšov;katastr
Jílové u Držkova;Jílové u Držkova;katastr
Vrchotovy Janovice;Vrchotovy Janovice;katastr
Vělopolí;Vělopolí;katastr
Lučiště;Lučiště;katastr
Radouňka;Radouňka;katastr
Malý Jeníkov;Malý Jeníkov;katastr
Nové Dvory u Pořína;Nové Dvory u Pořína;katastr
Benešov u Broumova;Benešov u Broumova;katastr
Dolní Benešov;Dolní Benešov;katastr
Nečichy;Nečichy;katastr
Roztoky u Semil;Roztoky u Semil;katastr
Kristiánov;Kristiánov;katastr
Horní Sukolom;Horní Sukolom;katastr
Hradčany u Žehuně;Hradčany u Žehuně;katastr
Dobřenec;Dobřenec;katastr
Lnářský Málkov;Lnářský Málkov;katastr
Lesina;Lesina;katastr
Manělovice;Manělovice;katastr
Trnava;Trnava;katastr
Pastviny u Klášterce nad Orlicí;Pastviny u Klášterce nad Orlicí;katastr
Klopina;Klopina;katastr
Horní Týnec;Horní Týnec;katastr
Provodín;Provodín;katastr
Vilémov u Šluknova;Vilémov u Šluknova;katastr
Srubec;Srubec;katastr
Šejby;Šejby;katastr
Blevice;Blevice;katastr
Vinec;Vinec;katastr
Dobřany;Dobřany;katastr
Skalice u Smiřic;Skalice u Smiřic;katastr
Dukovany;Dukovany;katastr
Velký Vřešťov;Velký Vřešťov;katastr
Církvice u Kolína;Církvice u Kolína;katastr
Roprachtice;Roprachtice;katastr
Děkovka;Děkovka;katastr
Obora u Chomutic;Obora u Chomutic;katastr
Nový Dvůr u Myslíva;Nový Dvůr u Myslíva;katastr
Martiněves u Děčína;Martiněves u Děčína;katastr
Čermná u Staňkova;Čermná u Staňkova;katastr
Kleštěnice;Kleštěnice;katastr
Střimice;Střimice;katastr
Dobrá Voda u Orlického Podhůří;Dobrá Voda u Orlického Podhůří;katastr
Lhotky u Mladé Boleslavi;Lhotky u Mladé Boleslavi;katastr
Jetřichovec;Jetřichovec;katastr
Řeznovice;Řeznovice;katastr
Újezdsko;Újezdsko;katastr
Písečné u Slavonic;Písečné u Slavonic;katastr
Jindřichův Hradec;Jindřichův Hradec;katastr
Chleby u Týnce nad Sázavou;Chleby u Týnce nad Sázavou;katastr
Krásná Hora;Krásná Hora;katastr
Dlouhé na Moravě;Dlouhé na Moravě;katastr
Kocourov u Slavíkova;Kocourov u Slavíkova;katastr
Předboř u Malče;Předboř u Malče;katastr
Olbramice u Vilémova;Olbramice u Vilémova;katastr
Nynice;Nynice;katastr
Liha;Liha;katastr
Pacelice;Pacelice;katastr
Pětihosty;Pětihosty;katastr
Tuhaň u Dubé;Tuhaň u Dubé;katastr
Skřípov;Skřípov;katastr
Korolupy;Korolupy;katastr
Koryto;Koryto;katastr
Hradiště pod Babí horou;Hradiště pod Babí horou;katastr
Žíšov u Veselí nad Lužnicí;Žíšov u Veselí nad Lužnicí;katastr
Ratibořice u Tábora;Ratibořice u Tábora;katastr
Mlýnek;Mlýnek;katastr
Újezd u Manětína;Újezd u Manětína;katastr
Zátaví;Zátaví;katastr
Malé Přílepy;Malé Přílepy;katastr
Most II;Most II;katastr
Nové Hrady u Skutče;Nové Hrady u Skutče;katastr
Bratrušín;Bratrušín;katastr
Třebívlice;Třebívlice;katastr
Nový Bor;Nový Bor;katastr
Staňkov-ves;Staňkov-ves;katastr
Mladá Vožice;Mladá Vožice;katastr
Chlumská;Chlumská;katastr
Hřebeč;Hřebeč;katastr
Hvězdonice;Hvězdonice;katastr
Pojbuky;Pojbuky;katastr
Rohozná u Trhové Kamenice;Rohozná u Trhové Kamenice;katastr
Štítina;Štítina;katastr
Deštné v Orlických horách;Deštné v Orlických horách;katastr
Řemešín;Řemešín;katastr
Horoušany;Horoušany;katastr
Bdín;Bdín;katastr
Vinařice u Dobrovice;Vinařice u Dobrovice;katastr
Minice u Kralup nad Vltavou;Minice u Kralup nad Vltavou;katastr
Samopše;Samopše;katastr
Zhoř u Rohozce;Zhoř u Rohozce;katastr
Nový Studenec;Nový Studenec;katastr
Micmanice;Micmanice;katastr
Lužná u Hanušovic;Lužná u Hanušovic;katastr
Malčice u Mirotic;Malčice u Mirotic;katastr
Prčice;Prčice;katastr
Třešovice;Třešovice;katastr
Babylon;Babylon;katastr
Vranovská Lhota;Vranovská Lhota;katastr
Dolní Červená Voda;Dolní Červená Voda;katastr
Cidlina na Moravě;Cidlina na Moravě;katastr
Oslavice;Oslavice;katastr
Komárov u Opavy;Komárov u Opavy;katastr
Nové Sady u Písečného;Nové Sady u Písečného;katastr
Haškovcova Lhota;Haškovcova Lhota;katastr
Svatý Mikuláš;Svatý Mikuláš;katastr
Kadov u Blatné;Kadov u Blatné;katastr
Bošilec;Bošilec;katastr
Nová Ves u Litomyšle;Nová Ves u Litomyšle;katastr
Rakůvka;Rakůvka;katastr
Dolenice;Dolenice;katastr
Chlístovice;Chlístovice;katastr
Držovice;Držovice;katastr
Markvartice u Široké Nivy;Markvartice u Široké Nivy;katastr
Koječín u Čepřovic;Koječín u Čepřovic;katastr
Vyžlovka;Vyžlovka;katastr
Tušť;Tušť;katastr
Jeníkovice u Choltic;Jeníkovice u Choltic;katastr
Kopřivnice;Kopřivnice;katastr
Brněnské Ivanovice;Brněnské Ivanovice;katastr
Jankov;Jankov;katastr
Široká Niva;Široká Niva;katastr
Veveří;Veveří;katastr
Staré Hraběcí;Staré Hraběcí;katastr
Oplot;Oplot;katastr
Hradečno;Hradečno;katastr
Chodov u Bečova nad Teplou;Chodov u Bečova nad Teplou;katastr
Kletné;Kletné;katastr
Chválkov u Kamenice nad Lipou;Chválkov u Kamenice nad Lipou;katastr
Velké Svatoňovice;Velké Svatoňovice;katastr
Újezd u Vodňan;Újezd u Vodňan;katastr
Horní Krupá;Horní Krupá;katastr
Lidéřovice;Lidéřovice;katastr
Veletín;Veletín;katastr
Pastviny;Pastviny;katastr
Pávice;Pávice;katastr
Skrýšov u Pelhřimova;Skrýšov u Pelhřimova;katastr
Třebom;Třebom;katastr
Čestice u Častolovic;Čestice u Častolovic;katastr
Bořkov;Bořkov;katastr
Žandov u České Lípy;Žandov u České Lípy;katastr
Všebořice;Všebořice;katastr
Krásné Údolí u Černošína;Krásné Údolí u Černošína;katastr
Kováň;Kováň;katastr
Chotusice;Chotusice;katastr
Rybničná;Rybničná;katastr
Milovice u Hořic;Milovice u Hořic;katastr
Rudoltovice;Rudoltovice;katastr
Mradice;Mradice;katastr
Tismice;Tismice;katastr
Pelhřimovy;Pelhřimovy;katastr
Písty u Nymburka;Písty u Nymburka;katastr
Ostřetice;Ostřetice;katastr
Přečaply;Přečaply;katastr
Zahrádka u Čížkova;Zahrádka u Čížkova;katastr
Čekánov;Čekánov;katastr
Přízřenice;Přízřenice;katastr
Pavlínov;Pavlínov;katastr
Újezdec u Luhačovic;Újezdec u Luhačovic;katastr
Jevíčko-předměstí;Jevíčko-předměstí;katastr
Chlívce;Chlívce;katastr
Radkovice u Měčína;Radkovice u Měčína;katastr
Temešvár;Temešvár;katastr
Jaroslav;Jaroslav;katastr
Nový Les;Nový Les;katastr
Konice u Znojma;Konice u Znojma;katastr
Záběhlice;Záběhlice;katastr
Březina;Březina;katastr
Ohrazenice u Turnova;Ohrazenice u Turnova;katastr
Vrbičany u Lovosic;Vrbičany u Lovosic;katastr
Vinoř;Vinoř;katastr
Klínovice;Klínovice;katastr
Rohozov;Rohozov;katastr
Vracovice;Vracovice;katastr
Tomíkovice;Tomíkovice;katastr
Lipnice nad Sázavou;Lipnice nad Sázavou;katastr
Přehvozdí;Přehvozdí;katastr
Tři Studně;Tři Studně;katastr
Vetlá;Vetlá;katastr
Nebovazy;Nebovazy;katastr
Horní Dlouhá;Horní Dlouhá;katastr
Kněž u Čestína;Kněž u Čestína;katastr
Jestřabice;Jestřabice;katastr
Jeníkovec;Jeníkovec;katastr
Týnec nad Labem;Týnec nad Labem;katastr
Horní Čepí;Horní Čepí;katastr
Pikárec;Pikárec;katastr
Horní Slověnice;Horní Slověnice;katastr
Porešín;Porešín;katastr
Votice;Votice;katastr
Ptení;Ptení;katastr
Hlubočany;Hlubočany;katastr
Hranice u Malče;Hranice u Malče;katastr
Kutlíře;Kutlíře;katastr
Kateřinky u Opavy;Kateřinky u Opavy;katastr
Chobot;Chobot;katastr
Poličany;Poličany;katastr
Trojany u Mladotic;Trojany u Mladotic;katastr
Krejčovice;Krejčovice;katastr
Vranová;Vranová;katastr
Slavonín;Slavonín;katastr
Jevišovice;Jevišovice;katastr
Záseka;Záseka;katastr
Jenišovice u Jablonce nad Nisou;Jenišovice u Jablonce nad Nisou;katastr
Písková Lhota u Poděbrad;Písková Lhota u Poděbrad;katastr
Třebusice;Třebusice;katastr
Samechov;Samechov;katastr
Jarohněvice;Jarohněvice;katastr
Lípa u Havlíčkova Brodu;Lípa u Havlíčkova Brodu;katastr
Břežany I;Břežany I;katastr
Horní Václavov;Horní Václavov;katastr
Popovec u Řepníků;Popovec u Řepníků;katastr
Deštná u Dubé;Deštná u Dubé;katastr
Štěnovice;Štěnovice;katastr
Frahelž;Frahelž;katastr
Přestavlky u Sedlce;Přestavlky u Sedlce;katastr
Syrovín;Syrovín;katastr
Domašín u Černíkovic;Domašín u Černíkovic;katastr
Lochenice;Lochenice;katastr
Stropešín;Stropešín;katastr
Černíkovice;Černíkovice;katastr
Sobotín;Sobotín;katastr
Loučany na Hané;Loučany na Hané;katastr
Nekmíř;Nekmíř;katastr
Dobřeň;Dobřeň;katastr
Kasanice;Kasanice;katastr
Zvíkov nad Bystřicí;Zvíkov nad Bystřicí;katastr
Březina u Hořepníku;Březina u Hořepníku;katastr
Pekařov;Pekařov;katastr
Smrkovec u Hradešic;Smrkovec u Hradešic;katastr
Doubrava u Lipové;Doubrava u Lipové;katastr
Rakousy;Rakousy;katastr
Verneřice;Verneřice;katastr
Líšťany u Cítolib;Líšťany u Cítolib;katastr
Kotaneč;Kotaneč;katastr
Černošín;Černošín;katastr
Obora u Tachova;Obora u Tachova;katastr
Horka u Bakova nad Jizerou;Horka u Bakova nad Jizerou;katastr
Těšovice u Kolovče;Těšovice u Kolovče;katastr
Studnice;Studnice;katastr
Jestřebíčko;Jestřebíčko;katastr
Plužná;Plužná;katastr
Ostojkovice;Ostojkovice;katastr
Kostelec u Nadryb;Kostelec u Nadryb;katastr
Lažany u Mezna;Lažany u Mezna;katastr
Jablonná u Chyší;Jablonná u Chyší;katastr
Dlouhoňovice;Dlouhoňovice;katastr
Horní Krupá u Havlíčkova Brodu;Horní Krupá u Havlíčkova Brodu;katastr
Městys Blížkovice;Městys Blížkovice;katastr
Písečná u Jablunkova;Písečná u Jablunkova;katastr
Pěšice;Pěšice;katastr
Minice;Minice;katastr
Petrovice u Měčína;Petrovice u Měčína;katastr
Holičky u Staré Hlíny;Holičky u Staré Hlíny;katastr
Chlum pod Táborem;Chlum pod Táborem;katastr
Volovec;Volovec;katastr
Kobylí na Moravě;Kobylí na Moravě;katastr
Horní Staré Město;Horní Staré Město;katastr
Ostromeč;Ostromeč;katastr
Loučná nad Nisou;Loučná nad Nisou;katastr
Radostovice u Smilových Hor;Radostovice u Smilových Hor;katastr
Kňovice;Kňovice;katastr
Trstěnice u Mariánských Lázní;Trstěnice u Mariánských Lázní;katastr
Rytířov;Rytířov;katastr
Stružinec u Lomnice nad Popelkou;Stružinec u Lomnice nad Popelkou;katastr
Klíčov;Klíčov;katastr
Budeč u Žďáru nad Sázavou;Budeč u Žďáru nad Sázavou;katastr
Vrbice u Kostelce nad Orlicí;Vrbice u Kostelce nad Orlicí;katastr
Bolešiny;Bolešiny;katastr
Újezd nad Lesy;Újezd nad Lesy;katastr
Dubenec u Příbramě;Dubenec u Příbramě;katastr
Javorná u Toužimi;Javorná u Toužimi;katastr
Velká Ves u Broumova;Velká Ves u Broumova;katastr
Suchá Loz;Suchá Loz;katastr
Křenov;Křenov;katastr
Zvotoky;Zvotoky;katastr
Vidovle;Vidovle;katastr
Libákovice;Libákovice;katastr
Svinařov u Kladna;Svinařov u Kladna;katastr
Dvorce u Sedlce;Dvorce u Sedlce;katastr
Číhalín;Číhalín;katastr
Řečany nad Labem;Řečany nad Labem;katastr
Nová Ves u Bakova nad Jizerou;Nová Ves u Bakova nad Jizerou;katastr
Návojná;Návojná;katastr
Červený Újezd;Červený Újezd;katastr
Veselice;Veselice;katastr
Najdek u Lodhéřova;Najdek u Lodhéřova;katastr
Stračov;Stračov;katastr
Libická Lhotka;Libická Lhotka;katastr
Tuklaty;Tuklaty;katastr
Šumice u Uherského Brodu;Šumice u Uherského Brodu;katastr
Snět;Snět;katastr
Stěžov;Stěžov;katastr
Malá Víska;Malá Víska;katastr
Rozstání u Moravské Třebové;Rozstání u Moravské Třebové;katastr
Hustopeče u Brna;Hustopeče u Brna;katastr
Jamolice;Jamolice;katastr
Týnišťko;Týnišťko;katastr
Hrádek na Vlárské dráze;Hrádek na Vlárské dráze;katastr
Křešice u Čížové;Křešice u Čížové;katastr
Voltýřov;Voltýřov;katastr
Škůdra;Škůdra;katastr
Loučky u Verneřic;Loučky u Verneřic;katastr
Senožaty;Senožaty;katastr
Bukov na Moravě;Bukov na Moravě;katastr
Služín;Služín;katastr
Částkov u Tachova;Částkov u Tachova;katastr
Hodkovice u Zlatníků;Hodkovice u Zlatníků;katastr
Měšetice;Měšetice;katastr
Loket u Dolních Kralovic;Loket u Dolních Kralovic;katastr
Zářecká Lhota;Zářecká Lhota;katastr
Habrovčice;Habrovčice;katastr
Hnanice;Hnanice;katastr
Paště;Paště;katastr
Rychnov nad Malší;Rychnov nad Malší;katastr
Suchdol u Křimova;Suchdol u Křimova;katastr
Svaryšov;Svaryšov;katastr
Útěchov u Brna;Útěchov u Brna;katastr
Panenská Rozsíčka;Panenská Rozsíčka;katastr
Ředice;Ředice;katastr
Řepiště;Řepiště;katastr
Králova Lhota u Českého Meziříčí;Králova Lhota u Českého Meziříčí;katastr
Svébořice;Svébořice;katastr
Svitavy-město;Svitavy-město;katastr
Staré Hutě u Horní Stropnice;Staré Hutě u Horní Stropnice;katastr
Hejná;Hejná;katastr
Běleň;Běleň;katastr
Petrovice u Skorošic;Petrovice u Skorošic;katastr
Oleksovičky;Oleksovičky;katastr
Dolní Moravice;Dolní Moravice;katastr
Holice u Olomouce;Holice u Olomouce;katastr
Hosín;Hosín;katastr
Všemily;Všemily;katastr
Mašov;Mašov;katastr
Libštát;Libštát;katastr
Šilheřovice;Šilheřovice;katastr
Velká Ledská;Velká Ledská;katastr
Odlezly;Odlezly;katastr
Drchlava;Drchlava;katastr
Měšice u Tábora;Měšice u Tábora;katastr
Křesetice;Křesetice;katastr
Jankovice u Přelouče;Jankovice u Přelouče;katastr
Kuchařovice;Kuchařovice;katastr
Opava-Předměstí;Opava-Předměstí;katastr
Březí u Tachova;Březí u Tachova;katastr
Pečičky;Pečičky;katastr
Vacovy;Vacovy;katastr
Velemyšleves;Velemyšleves;katastr
Čechočovice;Čechočovice;katastr
Zbraslav na Moravě;Zbraslav na Moravě;katastr
Limuzy;Limuzy;katastr
Nová Ves u Litovle;Nová Ves u Litovle;katastr
Dolní Kamenice u Velvar;Dolní Kamenice u Velvar;katastr
Žloukovice;Žloukovice;katastr
Bořkovice;Bořkovice;katastr
Stěžírky;Stěžírky;katastr
Bohušice;Bohušice;katastr
Břidličná;Břidličná;katastr
Véska u Olomouce;Véska u Olomouce;katastr
Světlá ve Slezsku;Světlá ve Slezsku;katastr
Encovany;Encovany;katastr
Kopanina;Kopanina;katastr
Biskoupky na Moravě;Biskoupky na Moravě;katastr
Skřib;Skřib;katastr
Horní Neděliště;Horní Neděliště;katastr
Darkovice;Darkovice;katastr
Teplá u Třebenic;Teplá u Třebenic;katastr
Únice;Únice;katastr
Hamr u Litvínova;Hamr u Litvínova;katastr
Nedanice;Nedanice;katastr
Velká Veleň;Velká Veleň;katastr
Nasavrky u Chocně;Nasavrky u Chocně;katastr
Horní Rápotice;Horní Rápotice;katastr
Bezkov;Bezkov;katastr
Ospělov;Ospělov;katastr
Vražkov;Vražkov;katastr
Cheb;Cheb;katastr
Třebsko;Třebsko;katastr
Valkeřice;Valkeřice;katastr
Zelenecká Lhota;Zelenecká Lhota;katastr
Henčov;Henčov;katastr
Chotěšov u Vrbičan;Chotěšov u Vrbičan;katastr
Štýřice;Štýřice;katastr
Malešín u Vodice;Malešín u Vodice;katastr
Kadaňský Rohozec;Kadaňský Rohozec;katastr
Zhoř u Červených Janovic;Zhoř u Červených Janovic;katastr
Maršov I;Maršov I;katastr
Otín u Stonařova;Otín u Stonařova;katastr
Žbánov;Žbánov;katastr
Andělská Hora ve Slezsku;Andělská Hora ve Slezsku;katastr
Dubany;Dubany;katastr
Sázava;Sázava;katastr
Buková u Bernartic;Buková u Bernartic;katastr
Blahoňov;Blahoňov;katastr
Stračovská Lhota;Stračovská Lhota;katastr
Jilešovice;Jilešovice;katastr
Bezděkov u Úsova;Bezděkov u Úsova;katastr
Rudoltice u Vrchotových Janovic;Rudoltice u Vrchotových Janovic;katastr
Velešín;Velešín;katastr
Malešov;Malešov;katastr
Strunkovice nad Volyňkou;Strunkovice nad Volyňkou;katastr
Drahkov;Drahkov;katastr
Hluboká u Trhové Kamenice;Hluboká u Trhové Kamenice;katastr
Raškov Dvůr;Raškov Dvůr;katastr
Kostomlaty pod Řípem;Kostomlaty pod Řípem;katastr
Rýdrovice;Rýdrovice;katastr
Filipov u Jiříkova;Filipov u Jiříkova;katastr
Tis u Blatna;Tis u Blatna;katastr
Těchlovice nad Labem;Těchlovice nad Labem;katastr
Střítež u Třebíče;Střítež u Třebíče;katastr
Křepice;Křepice;katastr
Hevlín;Hevlín;katastr
Lhotka u Vítkova;Lhotka u Vítkova;katastr
Radkov u Tábora;Radkov u Tábora;katastr
Spořice;Spořice;katastr
Svinčany;Svinčany;katastr
Hluboká u Krucemburku;Hluboká u Krucemburku;katastr
Drahobudice;Drahobudice;katastr
Zuklín;Zuklín;katastr
Křenovice;Křenovice;katastr
Buda;Buda;katastr
Krásná Ves;Krásná Ves;katastr
Studený Zejf;Studený Zejf;katastr
Úhrov;Úhrov;katastr
Suchý;Suchý;katastr
Mutěnice;Mutěnice;katastr
Litovel;Litovel;katastr
Slatina u Horní Vltavice;Slatina u Horní Vltavice;katastr
Zdice;Zdice;katastr
Ruprechtov u Hroznětína;Ruprechtov u Hroznětína;katastr
Morkovice;Morkovice;katastr
Jiřice u Moravských Budějovic;Jiřice u Moravských Budějovic;katastr
Krupá u Kostelce nad Černými Lesy;Krupá u Kostelce nad Černými Lesy;katastr
Horní Suchá;Horní Suchá;katastr
Radhostice;Radhostice;katastr
Vrcov;Vrcov;katastr
Mezný;Mezný;katastr
Dolní Poustevna;Dolní Poustevna;katastr
Pňovice;Pňovice;katastr
Černá u Bohdanče;Černá u Bohdanče;katastr
Rojetín;Rojetín;katastr
Pnětluky u Podsedic;Pnětluky u Podsedic;katastr
Střížovice u Plzně;Střížovice u Plzně;katastr
Rapšach;Rapšach;katastr
Tvršice;Tvršice;katastr
Litohoř;Litohoř;katastr
Rampuše;Rampuše;katastr
Vyhnánov;Vyhnánov;katastr
Cipín;Cipín;katastr
Hradišťská Lhotka;Hradišťská Lhotka;katastr
Solopysky u Třebnic;Solopysky u Třebnic;katastr
Babětín;Babětín;katastr
Staré Bříště;Staré Bříště;katastr
Výrov u Milavčí;Výrov u Milavčí;katastr
Lačnov u Korouhve;Lačnov u Korouhve;katastr
Litohrady;Litohrady;katastr
Větřní-Kaliště;Větřní-Kaliště;katastr
Tisová u Bohutína;Tisová u Bohutína;katastr
Hlinky;Hlinky;katastr
Kvasín;Kvasín;katastr
Vinařice u Týnce nad Labem;Vinařice u Týnce nad Labem;katastr
Víno;Víno;katastr
Nové Sedlice;Nové Sedlice;katastr
Tuněchody u Stříbra;Tuněchody u Stříbra;katastr
Jilem;Jilem;katastr
Břežany u Lešan;Břežany u Lešan;katastr
Skřeněř;Skřeněř;katastr
Babice u Lesonic;Babice u Lesonic;katastr
Oleksovice;Oleksovice;katastr
Nové Lublice;Nové Lublice;katastr
Město Touškov;Město Touškov;katastr
Černín u Zdic;Černín u Zdic;katastr
Nová Ves u Brloha;Nová Ves u Brloha;katastr
Žerůvky;Žerůvky;katastr
Kornice;Kornice;katastr
Třebohostice;Třebohostice;katastr
Branná;Branná;katastr
Bíluky;Bíluky;katastr
Borek u Českých Budějovic;Borek u Českých Budějovic;katastr
Lípa u Hradce Králové;Lípa u Hradce Králové;katastr
Krásno nad Bečvou;Krásno nad Bečvou;katastr
Myslibořice;Myslibořice;katastr
Rebešovice;Rebešovice;katastr
Dětřiš;Dětřiš;katastr
Děčín-Staré Město;Děčín-Staré Město;katastr
Tehovec;Tehovec;katastr
Kracovice;Kracovice;katastr
České Velenice;České Velenice;katastr
Hačky;Hačky;katastr
Lhota u Letovic;Lhota u Letovic;katastr
Radnice;Radnice;katastr
Černovice u Bukovce;Černovice u Bukovce;katastr
Bedřichov u Horní Stropnice;Bedřichov u Horní Stropnice;katastr
Libušín;Libušín;katastr
Strojetice u Podbořan;Strojetice u Podbořan;katastr
Náklo;Náklo;katastr
Habrovany;Habrovany;katastr
Jabloneček;Jabloneček;katastr
Horní Houžovec;Horní Houžovec;katastr
Malé Výkleky;Malé Výkleky;katastr
Přední Zborovice;Přední Zborovice;katastr
Mastník;Mastník;katastr
Řisuty u Libčevsi;Řisuty u Libčevsi;katastr
Malčín;Malčín;katastr
Rybník u Dolního Dvořiště;Rybník u Dolního Dvořiště;katastr
Bolkov u Roupova;Bolkov u Roupova;katastr
Chyšky;Chyšky;katastr
Tachov u Doks;Tachov u Doks;katastr
Střížov u Třebíče;Střížov u Třebíče;katastr
Rosice nad Labem;Rosice nad Labem;katastr
Kochánov u Lipničky;Kochánov u Lipničky;katastr
Malá Čermná nad Orlicí;Malá Čermná nad Orlicí;katastr
Doubí u Třebeně;Doubí u Třebeně;katastr
Zbenické Zlákovice;Zbenické Zlákovice;katastr
Tehov u Říčan;Tehov u Říčan;katastr
Krabčice;Krabčice;katastr
Chrastice;Chrastice;katastr
Všesulov;Všesulov;katastr
Vchynice;Vchynice;katastr
Úloh;Úloh;katastr
Pozdyně;Pozdyně;katastr
Zátoňské Dvory;Zátoňské Dvory;katastr
Nová Ves u Třešti;Nová Ves u Třešti;katastr
Nesměň u Zásmuk;Nesměň u Zásmuk;katastr
Jestřebí u Zábřeha;Jestřebí u Zábřeha;katastr
Budihostice;Budihostice;katastr
Měchnov;Měchnov;katastr
Záhorkovice;Záhorkovice;katastr
Veřovice;Veřovice;katastr
Dolní Staré Město;Dolní Staré Město;katastr
Horní Počernice;Horní Počernice;katastr
Myslechovice;Myslechovice;katastr
Vysočany u Boru;Vysočany u Boru;katastr
Dřetovice;Dřetovice;katastr
Borovany u Milevska;Borovany u Milevska;katastr
Runářov;Runářov;katastr
Častolovice;Častolovice;katastr
Bosonohy;Bosonohy;katastr
Tisov;Tisov;katastr
Budišov;Budišov;katastr
Žalhostice;Žalhostice;katastr
Voděrádky;Voděrádky;katastr
Lično u Milkovic;Lično u Milkovic;katastr
Bludov;Bludov;katastr
Podlesí-město;Podlesí-město;katastr
Jedlová u Poličky;Jedlová u Poličky;katastr
Klučenice;Klučenice;katastr
Mikovice u Kralup nad Vltavou;Mikovice u Kralup nad Vltavou;katastr
Suchovršice;Suchovršice;katastr
Útěchov u Moravské Třebové;Útěchov u Moravské Třebové;katastr
Lstiboř;Lstiboř;katastr
Jazovice;Jazovice;katastr
Haňovice;Haňovice;katastr
Matějovec;Matějovec;katastr
Lomec u Klatov;Lomec u Klatov;katastr
Hředle u Zdic;Hředle u Zdic;katastr
Přemyslovice;Přemyslovice;katastr
Skalička u Tišnova;Skalička u Tišnova;katastr
Volavec;Volavec;katastr
Beztahov;Beztahov;katastr
Struhaře;Struhaře;katastr
Hosty;Hosty;katastr
Borová;Borová;katastr
Osina;Osina;katastr
Trsice;Trsice;katastr
Vrané nad Vltavou;Vrané nad Vltavou;katastr
Dolní Líšnice;Dolní Líšnice;katastr
Radonice u Kadaně;Radonice u Kadaně;katastr
Sovětice;Sovětice;katastr
Lužice u Hodonína;Lužice u Hodonína;katastr
Doubravčice;Doubravčice;katastr
Studnice u Osoblahy;Studnice u Osoblahy;katastr
Veselí nad Lužnicí;Veselí nad Lužnicí;katastr
Řakom;Řakom;katastr
Stebno u Petrohradu;Stebno u Petrohradu;katastr
Sudice;Sudice;katastr
Nučničky;Nučničky;katastr
Domašín u Dobrušky;Domašín u Dobrušky;katastr
Heroltice u Jihlavy;Heroltice u Jihlavy;katastr
Vřesová;Vřesová;katastr
Malý Šachov;Malý Šachov;katastr
Bohuslavice nad Metují;Bohuslavice nad Metují;katastr
Dolní Rozsíčka;Dolní Rozsíčka;katastr
Staré Heřminovy;Staré Heřminovy;katastr
Zahrádka;Zahrádka;katastr
Cítov;Cítov;katastr
Křešice u Divišova;Křešice u Divišova;katastr
Strážovice;Strážovice;katastr
Sedm Dvorů;Sedm Dvorů;katastr
Vranovice nad Svratkou;Vranovice nad Svratkou;katastr
Dřevíkov;Dřevíkov;katastr
Byseň;Byseň;katastr
Zálesí u Příchovic;Zálesí u Příchovic;katastr
Ostrov u Tochovic;Ostrov u Tochovic;katastr
Soběchleby u Podbořan;Soběchleby u Podbořan;katastr
Třebíčský Číchov;Třebíčský Číchov;katastr
Rohoznice;Rohoznice;katastr
Ohrazenice u Tažovic;Ohrazenice u Tažovic;katastr
Michalovice u Velkých Žernosek;Michalovice u Velkých Žernosek;katastr
Horní Ves u Mariánských Lázní;Horní Ves u Mariánských Lázní;katastr
Čebín;Čebín;katastr
Lány u Libice nad Doubravou;Lány u Libice nad Doubravou;katastr
Vysoké Pole;Vysoké Pole;katastr
Domašov u Šternberka;Domašov u Šternberka;katastr
Lipnice u Markvarce;Lipnice u Markvarce;katastr
Popelín;Popelín;katastr
Horní Roveň;Horní Roveň;katastr
Litovany;Litovany;katastr
Svinná u Brocné;Svinná u Brocné;katastr
Zákupy;Zákupy;katastr
Vestec u Chocerad;Vestec u Chocerad;katastr
Kamenná u Bohostic;Kamenná u Bohostic;katastr
Řendějov;Řendějov;katastr
Nový Spálenec;Nový Spálenec;katastr
Leština u Světlé;Leština u Světlé;katastr
Dyje;Dyje;katastr
Mladecko;Mladecko;katastr
Záblatí u Prachatic;Záblatí u Prachatic;katastr
Klenová u Hůrek;Klenová u Hůrek;katastr
Bystřice u Hroznětína;Bystřice u Hroznětína;katastr
Slatinky;Slatinky;katastr
Vohančice;Vohančice;katastr
Příkrý;Příkrý;katastr
Německý Chloumek;Německý Chloumek;katastr
Podlesí u Dolního Žandova;Podlesí u Dolního Žandova;katastr
Pohnání;Pohnání;katastr
Drobovice;Drobovice;katastr
Rosička;Rosička;katastr
Mochov u Hartmanic;Mochov u Hartmanic;katastr
Mikolajice;Mikolajice;katastr
Třebobuz;Třebobuz;katastr
Kuňovice;Kuňovice;katastr
Nová Víska u Ostrova;Nová Víska u Ostrova;katastr
Jeseník;Jeseník;katastr
Veselice na Moravě;Veselice na Moravě;katastr
Potvorov;Potvorov;katastr
Číhaná u Javorné;Číhaná u Javorné;katastr
Rybnice u Kaznějova;Rybnice u Kaznějova;katastr
Staré Nespeřice;Staré Nespeřice;katastr
Třískolupy;Třískolupy;katastr
Janovice u Chrudimi;Janovice u Chrudimi;katastr
Trojmezí;Trojmezí;katastr
Janov nad Nisou;Janov nad Nisou;katastr
Hořesedly;Hořesedly;katastr
Hůrky;Hůrky;katastr
Vysoká Štola;Vysoká Štola;katastr
Dolní Heršpice;Dolní Heršpice;katastr
Veverská Bítýška;Veverská Bítýška;katastr
Vesec pod Kozákovem;Vesec pod Kozákovem;katastr
Všeborovice;Všeborovice;katastr
Křemenitá;Křemenitá;katastr
Pleš;Pleš;katastr
Losiny;Losiny;katastr
Nadějov;Nadějov;katastr
Doubravčany;Doubravčany;katastr
Ludkovice;Ludkovice;katastr
Děkov;Děkov;katastr
Zadní Třebaň;Zadní Třebaň;katastr
Mojné;Mojné;katastr
Ondrášov;Ondrášov;katastr
Všechovice u Tišnova;Všechovice u Tišnova;katastr
Čakovice u Radouně;Čakovice u Radouně;katastr
Malý Hrzín;Malý Hrzín;katastr
Tochovice;Tochovice;katastr
Pohnánec;Pohnánec;katastr
Dnešice;Dnešice;katastr
Hojovice;Hojovice;katastr
Kotáry;Kotáry;katastr
Lipová u Slavičína;Lipová u Slavičína;katastr
Kašina Hora;Kašina Hora;katastr
Vašírov;Vašírov;katastr
Nové Kounice;Nové Kounice;katastr
Diváky;Diváky;katastr
Vlkov u Letovic;Vlkov u Letovic;katastr
Náčkovice;Náčkovice;katastr
Staré Jesenčany;Staré Jesenčany;katastr
Klášter Teplá;Klášter Teplá;katastr
Valašská Bystřice;Valašská Bystřice;katastr
Dálčice;Dálčice;katastr
Koclířov;Koclířov;katastr
Radhošť;Radhošť;katastr
Vesce u Soběslavi;Vesce u Soběslavi;katastr
Jiřice u Kostelce nad Labem;Jiřice u Kostelce nad Labem;katastr
Horní Staré Buky;Horní Staré Buky;katastr
Vrbice u Leštiny;Vrbice u Leštiny;katastr
Kravsko;Kravsko;katastr
Prostřední Bludovice;Prostřední Bludovice;katastr
Marketa;Marketa;katastr
Klikov;Klikov;katastr
Kundratice;Kundratice;katastr
Kamenná;Kamenná;katastr
Pržno;Pržno;katastr
Bukovice u Písařova;Bukovice u Písařova;katastr
Hlásnice;Hlásnice;katastr
Domina;Domina;katastr
Vilémovice u Červených Janovic;Vilémovice u Červených Janovic;katastr
Řepka;Řepka;katastr
Vícenice u Dolních Lažan;Vícenice u Dolních Lažan;katastr
Letňany;Letňany;katastr
Hněvotín;Hněvotín;katastr
Lštění u Radhostic;Lštění u Radhostic;katastr
Hrazany;Hrazany;katastr
Stará Ves u Vysokého nad Jizerou;Stará Ves u Vysokého nad Jizerou;katastr
Zličín;Zličín;katastr
Hrabenov;Hrabenov;katastr
Březsko;Březsko;katastr
Ráztely;Ráztely;katastr
Hostín u Mělníka;Hostín u Mělníka;katastr
Lodhéřov;Lodhéřov;katastr
Brumovice;Brumovice;katastr
Komárov u Dvora Králové;Komárov u Dvora Králové;katastr
Bělá u Turnova;Bělá u Turnova;katastr
Všeměry;Všeměry;katastr
Horní Kamenice;Horní Kamenice;katastr
Modrá u Děčína;Modrá u Děčína;katastr
Mostek nad Orlicí;Mostek nad Orlicí;katastr
Bílčice;Bílčice;katastr
Lahovice;Lahovice;katastr
Hynčice pod Sušinou;Hynčice pod Sušinou;katastr
Nová Ves u Bezdružic;Nová Ves u Bezdružic;katastr
Malechov;Malechov;katastr
Dolní Jelení;Dolní Jelení;katastr
Žerotín;Žerotín;katastr
Březí nad Oslavou;Březí nad Oslavou;katastr
Dolní Týnec;Dolní Týnec;katastr
Těchobuz II;Těchobuz II;katastr
Slovanská Lhota;Slovanská Lhota;katastr
Sechov;Sechov;katastr
Lazinov;Lazinov;katastr
Kosořín;Kosořín;katastr
Rajhrad;Rajhrad;katastr
Smolotely;Smolotely;katastr
Žďár u Mnichova Hradiště;Žďár u Mnichova Hradiště;katastr
Lutopecny;Lutopecny;katastr
Suchdol v Moravském krasu;Suchdol v Moravském krasu;katastr
Police;Police;katastr
Želatovice;Želatovice;katastr
Soběkury;Soběkury;katastr
Záhoří u Chrobol;Záhoří u Chrobol;katastr
Nečice;Nečice;katastr
Kunkovice u Čachrova;Kunkovice u Čachrova;katastr
Markvartovice;Markvartovice;katastr
Prostřední Vydří;Prostřední Vydří;katastr
Náklov;Náklov;katastr
Maršovice u Benešova;Maršovice u Benešova;katastr
Hostomice pod Brdy;Hostomice pod Brdy;katastr
Násedlovice;Násedlovice;katastr
Borovnice u Potštejna;Borovnice u Potštejna;katastr
Štěchovice;Štěchovice;katastr
Čáslavky;Čáslavky;katastr
Vysoká Pec u Bohutína;Vysoká Pec u Bohutína;katastr
Kozovazy;Kozovazy;katastr
Milíčov u Jihlavy;Milíčov u Jihlavy;katastr
Popice u Znojma;Popice u Znojma;katastr
Žákovice;Žákovice;katastr
Dolní Kamenice;Dolní Kamenice;katastr
Rosnice u Staré Role;Rosnice u Staré Role;katastr
Chlumany;Chlumany;katastr
Sklenařice;Sklenařice;katastr
Lučina;Lučina;katastr
Stará Ves u Rýmařova;Stará Ves u Rýmařova;katastr
Radimovice u Želče;Radimovice u Želče;katastr
Byšice;Byšice;katastr
Lužec u Nejdku;Lužec u Nejdku;katastr
Trojanovice;Trojanovice;katastr
Velatice;Velatice;katastr
Přísnotice;Přísnotice;katastr
Neplachov;Neplachov;katastr
Lovosice;Lovosice;katastr
Otradovice;Otradovice;katastr
Lhánice;Lhánice;katastr
Mikulovice;Mikulovice;katastr
Obřany;Obřany;katastr
Todně;Todně;katastr
Drevníky;Drevníky;katastr
Strašov;Strašov;katastr
Slavíkovice u Jemnice;Slavíkovice u Jemnice;katastr
Kbely;Kbely;katastr
Bukovec u Horšovského Týna;Bukovec u Horšovského Týna;katastr
Truskovice;Truskovice;katastr
Kojšice;Kojšice;katastr
Měšín;Měšín;katastr
Librantice;Librantice;katastr
Záhorovice;Záhorovice;katastr
Tužín;Tužín;katastr
Hradiště u Písku;Hradiště u Písku;katastr
Sušno;Sušno;katastr
Mosty;Mosty;katastr
Stádlo;Stádlo;katastr
Čížky;Čížky;katastr
Božíkov;Božíkov;katastr
Pertoltice pod Ralskem;Pertoltice pod Ralskem;katastr
Bezděkov pod Třemšínem;Bezděkov pod Třemšínem;katastr
Sobětuš;Sobětuš;katastr
Miletín u Humpolce;Miletín u Humpolce;katastr
Žernovník u Černé Hory;Žernovník u Černé Hory;katastr
Němčí;Němčí;katastr
Byňov;Byňov;katastr
Beroun u Starého Sedla;Beroun u Starého Sedla;katastr
Rudník;Rudník;katastr
Bernartice;Bernartice;katastr
Bylany u Českého Brodu;Bylany u Českého Brodu;katastr
Bořice u Domažlic;Bořice u Domažlic;katastr
Příchovice u Přeštic;Příchovice u Přeštic;katastr
Miřetice u Vacova;Miřetice u Vacova;katastr
Staré Místo;Staré Místo;katastr
Kozojedy u Kostelce nad Černými Lesy;Kozojedy u Kostelce nad Černými Lesy;katastr
Oslavička;Oslavička;katastr
Prosatín;Prosatín;katastr
Libějice;Libějice;katastr
Kořen;Kořen;katastr
Zahrádka u Mirkovic;Zahrádka u Mirkovic;katastr
Mladějovice u Šternberka;Mladějovice u Šternberka;katastr
Němčice nad Labem;Němčice nad Labem;katastr
České Meziříčí;České Meziříčí;katastr
Kozojídky;Kozojídky;katastr
Šemanovice;Šemanovice;katastr
Smolov;Smolov;katastr
Podolí u Mohelnice;Podolí u Mohelnice;katastr
Běšiny;Běšiny;katastr
Bělice;Bělice;katastr
Sedlec u Benátek nad Jizerou;Sedlec u Benátek nad Jizerou;katastr
Smidary;Smidary;katastr
Hrušovany nad Jevišovkou;Hrušovany nad Jevišovkou;katastr
Nemrlov;Nemrlov;katastr
Radešín u Martiněvsi;Radešín u Martiněvsi;katastr
Dolní Slověnice;Dolní Slověnice;katastr
Kostelní Hlavno;Kostelní Hlavno;katastr
Svratouch;Svratouch;katastr
Dobkovičky;Dobkovičky;katastr
Hrabová u Dubicka;Hrabová u Dubicka;katastr
Planá u Českých Budějovic;Planá u Českých Budějovic;katastr
Klokočí u Olší;Klokočí u Olší;katastr
Rynartice;Rynartice;katastr
Hodějovice;Hodějovice;katastr
Studené;Studené;katastr
Krčmaň;Krčmaň;katastr
Křišťanovice u Záblatí;Křišťanovice u Záblatí;katastr
Pluhův Žďár;Pluhův Žďár;katastr
Vincencov;Vincencov;katastr
Větrov u Krásného Lesa;Větrov u Krásného Lesa;katastr
Karle;Karle;katastr
Velké Žernoseky;Velké Žernoseky;katastr
Bražec u Hradiště;Bražec u Hradiště;katastr
Hostim u Berouna;Hostim u Berouna;katastr
Rudka;Rudka;katastr
Most I;Most I;katastr
Újezd u Černé Hory;Újezd u Černé Hory;katastr
Mnetěš;Mnetěš;katastr
Hřivínov;Hřivínov;katastr
Lomnička u Plas;Lomnička u Plas;katastr
Čižice;Čižice;katastr
Předboř nad Jihlavou;Předboř nad Jihlavou;katastr
Kadov;Kadov;katastr
Dolní Suchá;Dolní Suchá;katastr
Hradce u Homol;Hradce u Homol;katastr
Dobřejovice u Hosína;Dobřejovice u Hosína;katastr
Hořice u Humpolce;Hořice u Humpolce;katastr
Zavadilka;Zavadilka;katastr
Maršovice;Maršovice;katastr
Kaproun;Kaproun;katastr
Trojany u Dolního Dvořiště;Trojany u Dolního Dvořiště;katastr
Škvorec;Škvorec;katastr
Kraborovice;Kraborovice;katastr
Vykáň;Vykáň;katastr
Havířov-město;Havířov-město;katastr
Petrovičky u Předslavi;Petrovičky u Předslavi;katastr
Velběhy;Velběhy;katastr
Dub u Mžan;Dub u Mžan;katastr
Vlčnov;Vlčnov;katastr
Kostelec u Kyjova;Kostelec u Kyjova;katastr
Zhoř u Tábora;Zhoř u Tábora;katastr
Liberk;Liberk;katastr
Ujkovice;Ujkovice;katastr
Velké Všelisy;Velké Všelisy;katastr
Boleradice;Boleradice;katastr
Dolní Smržov;Dolní Smržov;katastr
Miřejovice;Miřejovice;katastr
Olšany u Prostějova;Olšany u Prostějova;katastr
Štětkovice;Štětkovice;katastr
Slavňovice;Slavňovice;katastr
Josefov u Hodonína;Josefov u Hodonína;katastr
Pavlov u Loštic;Pavlov u Loštic;katastr
Sady;Sady;katastr
Kostelní Radouň;Kostelní Radouň;katastr
Strašice v Pošumaví;Strašice v Pošumaví;katastr
Velenov;Velenov;katastr
Újezd u Kunštátu;Újezd u Kunštátu;katastr
Želechy;Želechy;katastr
Kadaň;Kadaň;katastr
Babina;Babina;katastr
Držkrajov;Držkrajov;katastr
Pavlov u Stonařova;Pavlov u Stonařova;katastr
Malá Véska;Malá Véska;katastr
Loučky u Lokte;Loučky u Lokte;katastr
Počerny;Počerny;katastr
Tísek;Tísek;katastr
Kunětice;Kunětice;katastr
Jablunkov;Jablunkov;katastr
Pechova Lhota;Pechova Lhota;katastr
Sedlčany;Sedlčany;katastr
Nové Dvory u Kvasejovic;Nové Dvory u Kvasejovic;katastr
Šitbořice;Šitbořice;katastr
Šachov u Borohrádku;Šachov u Borohrádku;katastr
Třebenice;Třebenice;katastr
Něchov;Něchov;katastr
Tupadly;Tupadly;katastr
Kožlí;Kožlí;katastr
Těchov;Těchov;katastr
Svinětice;Svinětice;katastr
Rajské;Rajské;katastr
Čeřenice;Čeřenice;katastr
Kryštofovy Hamry;Kryštofovy Hamry;katastr
Litenčice;Litenčice;katastr
Sebranice u Boskovic;Sebranice u Boskovic;katastr
Velká Čermná nad Orlicí;Velká Čermná nad Orlicí;katastr
Vlčí Důl;Vlčí Důl;katastr
Tušovice;Tušovice;katastr
Stránice;Stránice;katastr
Leština u Herálce;Leština u Herálce;katastr
Třemešek;Třemešek;katastr
Horní Líštná;Horní Líštná;katastr
Novina u Sokolova;Novina u Sokolova;katastr
Chlebov;Chlebov;katastr
Horusice;Horusice;katastr
Smrk na Moravě;Smrk na Moravě;katastr
Kostelec nad Černými lesy;Kostelec nad Černými lesy;katastr
Chromeč;Chromeč;katastr
Hrdlív;Hrdlív;katastr
Osečany;Osečany;katastr
Bítouchov u Semil;Bítouchov u Semil;katastr
Daňkovice;Daňkovice;katastr
Třebešov;Třebešov;katastr
Chotěšov u Rakovníka;Chotěšov u Rakovníka;katastr
Spůle;Spůle;katastr
Košťálov;Košťálov;katastr
Lažany u Skutče;Lažany u Skutče;katastr
Horka u Milhostova;Horka u Milhostova;katastr
Slezské Pavlovice;Slezské Pavlovice;katastr
Maršov u Tábora;Maršov u Tábora;katastr
Horní Ves u Třebeně;Horní Ves u Třebeně;katastr
Svídnice u Slatiňan;Svídnice u Slatiňan;katastr
Nové Hvězdlice;Nové Hvězdlice;katastr
Tatouňovice;Tatouňovice;katastr
Kovářská;Kovářská;katastr
Bolkov;Bolkov;katastr
Blatnice pod Svatým Antonínkem;Blatnice pod Svatým Antonínkem;katastr
Medvědice;Medvědice;katastr
Lipnička;Lipnička;katastr
Týnec u Dobrovice;Týnec u Dobrovice;katastr
Dražetice II;Dražetice II;katastr
Krasice;Krasice;katastr
Chvalkovice na Hané;Chvalkovice na Hané;katastr
Kocourov u Medvědic;Kocourov u Medvědic;katastr
Červená Lhota u Řimic;Červená Lhota u Řimic;katastr
Slatina u Staré Vody;Slatina u Staré Vody;katastr
Zábrodí;Zábrodí;katastr
Plasy;Plasy;katastr
Žíchovec;Žíchovec;katastr
Větrov u Solenic;Větrov u Solenic;katastr
Hetov;Hetov;katastr
Libčeves;Libčeves;katastr
Kunštát na Moravě;Kunštát na Moravě;katastr
Byzhradec;Byzhradec;katastr
Dolní Lhota u Ostravy;Dolní Lhota u Ostravy;katastr
Medonosy;Medonosy;katastr
Olešná u Ledče nad Sázavou;Olešná u Ledče nad Sázavou;katastr
Rybníky na Moravě;Rybníky na Moravě;katastr
Tisovec;Tisovec;katastr
Březno;Březno;katastr
Vintířov u Sokolova;Vintířov u Sokolova;katastr
Semněvice;Semněvice;katastr
Ledeč nad Sázavou;Ledeč nad Sázavou;katastr
Nebřeziny;Nebřeziny;katastr
Stará Lípa;Stará Lípa;katastr
Domašov nad Bystřicí;Domašov nad Bystřicí;katastr
Kucíny;Kucíny;katastr
Svébohy;Svébohy;katastr
Sázava pod Křemešníkem;Sázava pod Křemešníkem;katastr
Kozlov u Velkého Újezdu I;Kozlov u Velkého Újezdu I;katastr
Jindřichov nad Nisou;Jindřichov nad Nisou;katastr
Zlukov;Zlukov;katastr
Oseč;Oseč;katastr
Měník u Nového Bydžova;Měník u Nového Bydžova;katastr
Borovnice u Jimramova;Borovnice u Jimramova;katastr
Kladná Žilín;Kladná Žilín;katastr
Kostelní Vydří;Kostelní Vydří;katastr
Křenek;Křenek;katastr
Husinec;Husinec;katastr
Studnice u Hlinska;Studnice u Hlinska;katastr
Kořenice;Kořenice;katastr
Město Albrechtice;Město Albrechtice;katastr
Otěšice;Otěšice;katastr
Hrazánky;Hrazánky;katastr
Javorník nad Veličkou;Javorník nad Veličkou;katastr
Hněvkov;Hněvkov;katastr
Seč u Lipové;Seč u Lipové;katastr
Kohoutov u Bezdružic;Kohoutov u Bezdružic;katastr
Klec;Klec;katastr
Řeženčice;Řeženčice;katastr
Dyjákovičky;Dyjákovičky;katastr
Hrabišín;Hrabišín;katastr
Volovice;Volovice;katastr
Dvorek;Dvorek;katastr
Rovensko pod Troskami;Rovensko pod Troskami;katastr
Luboměř u Potštátu;Luboměř u Potštátu;katastr
Malé Heraltice;Malé Heraltice;katastr
Stradonice u Zlonic;Stradonice u Zlonic;katastr
Mrázov;Mrázov;katastr
Vokov u Rynárce;Vokov u Rynárce;katastr
Dyjákovice;Dyjákovice;katastr
Stříbrné Hory;Stříbrné Hory;katastr
Miletín;Miletín;katastr
Ponikev;Ponikev;katastr
Přelovice;Přelovice;katastr
Jehnice;Jehnice;katastr
Klášterecká Jeseň;Klášterecká Jeseň;katastr
Kotlina;Kotlina;katastr
Chvalnov;Chvalnov;katastr
Rudka u Kunštátu;Rudka u Kunštátu;katastr
Žizníkov;Žizníkov;katastr
Neuslužice;Neuslužice;katastr
Veselá u Mnichova Hradiště;Veselá u Mnichova Hradiště;katastr
Vanovice;Vanovice;katastr
Stará Voda v Jeseníkách;Stará Voda v Jeseníkách;katastr
Český Herálec;Český Herálec;katastr
Rožmitál na Šumavě;Rožmitál na Šumavě;katastr
Víchov;Víchov;katastr
Cep;Cep;katastr
Postřelmůvek;Postřelmůvek;katastr
Česká Kamenná Horka;Česká Kamenná Horka;katastr
Vojenice;Vojenice;katastr
Otročín u Stříbra;Otročín u Stříbra;katastr
Hrdlořezy u Suchdola nad Lužnicí;Hrdlořezy u Suchdola nad Lužnicí;katastr
Petrašovice;Petrašovice;katastr
Bravinné;Bravinné;katastr
Račice nad Berounkou;Račice nad Berounkou;katastr
Pamětice u Drhovle;Pamětice u Drhovle;katastr
Mostečný;Mostečný;katastr
Klokočí u Turnova;Klokočí u Turnova;katastr
Potůčník;Potůčník;katastr
Mšeno nad Nisou;Mšeno nad Nisou;katastr
Záchlumí u Stříbra;Záchlumí u Stříbra;katastr
Orlov;Orlov;katastr
Nedvězí u Semil;Nedvězí u Semil;katastr
Dubicko;Dubicko;katastr
Lukášov;Lukášov;katastr
Smečno;Smečno;katastr
Nepodřice;Nepodřice;katastr
Bezděkov nad Metují;Bezděkov nad Metují;katastr
Sedlešovice;Sedlešovice;katastr
Křičov;Křičov;katastr
Šošůvka;Šošůvka;katastr
Malé Žernoseky;Malé Žernoseky;katastr
Srbce u Luže;Srbce u Luže;katastr
Planá u Klučenic;Planá u Klučenic;katastr
Čučice;Čučice;katastr
Trutnov;Trutnov;katastr
Švihov;Švihov;katastr
Boží Dar;Boží Dar;katastr
Pečice;Pečice;katastr
Kujavy;Kujavy;katastr
Knínice u Touchořin;Knínice u Touchořin;katastr
Dražejov u Strakonic;Dražejov u Strakonic;katastr
Vědlice;Vědlice;katastr
Loučná u Lomu;Loučná u Lomu;katastr
Sloup v Moravském krasu;Sloup v Moravském krasu;katastr
Pazucha;Pazucha;katastr
Třesovice;Třesovice;katastr
Přední Ptákovice;Přední Ptákovice;katastr
Brusná;Brusná;katastr
Hostim;Hostim;katastr
Košov;Košov;katastr
Michalovice;Michalovice;katastr
Kamýk nad Vltavou;Kamýk nad Vltavou;katastr
Štramberk;Štramberk;katastr
Rochov u Tetčiněvsi;Rochov u Tetčiněvsi;katastr
Poběžovice u Holic;Poběžovice u Holic;katastr
Kololeč;Kololeč;katastr
Újezd u Luštěnic;Újezd u Luštěnic;katastr
Smrčí u Nového Kostela;Smrčí u Nového Kostela;katastr
Luběnice;Luběnice;katastr
Nové Jesenčany;Nové Jesenčany;katastr
Plchůvky;Plchůvky;katastr
Úhelnice;Úhelnice;katastr
Pohoří u Kardašovy Řečice;Pohoří u Kardašovy Řečice;katastr
Hlivice;Hlivice;katastr
Chrástov u Horní Cerekve;Chrástov u Horní Cerekve;katastr
Radětice u Bechyně;Radětice u Bechyně;katastr
Klisinec;Klisinec;katastr
Záhoří;Záhoří;katastr
Karlovice;Karlovice;katastr
Studánky u Všerub;Studánky u Všerub;katastr
Maleč;Maleč;katastr
Horní Sněžná;Horní Sněžná;katastr
Libochovičky;Libochovičky;katastr
Jesenný;Jesenný;katastr
Dolní Bobrová;Dolní Bobrová;katastr
Jestřabí nad Vláří;Jestřabí nad Vláří;katastr
Volary;Volary;katastr
Stará Dobev;Stará Dobev;katastr
Dolní Adršpach;Dolní Adršpach;katastr
Miškovice;Miškovice;katastr
Bukovice u Dobratic;Bukovice u Dobratic;katastr
Jamartice;Jamartice;katastr
Líšťany;Líšťany;katastr
Krupice;Krupice;katastr
Hvozdnice u Hradce Králové;Hvozdnice u Hradce Králové;katastr
Kuklík;Kuklík;katastr
Žimrovice;Žimrovice;katastr
Kyjov u Zadního Chodova;Kyjov u Zadního Chodova;katastr
Obořiště;Obořiště;katastr
Vranice u Humpolce;Vranice u Humpolce;katastr
Lotouš;Lotouš;katastr
Lužice u Šternberka;Lužice u Šternberka;katastr
Přechovice;Přechovice;katastr
Olšany u Kvášňovic;Olšany u Kvášňovic;katastr
Číčov;Číčov;katastr
Kyjov u Havlíčkova Brodu;Kyjov u Havlíčkova Brodu;katastr
Kumpolec;Kumpolec;katastr
Plíškovice;Plíškovice;katastr
Hoštice u Volyně;Hoštice u Volyně;katastr
Jáchymov;Jáchymov;katastr
Janůvky;Janůvky;katastr
Houbový Vrch;Houbový Vrch;katastr
Turkovice u Ondřejova;Turkovice u Ondřejova;katastr
Solenice;Solenice;katastr
Růžodol;Růžodol;katastr
Jablonec u Libčevsi;Jablonec u Libčevsi;katastr
Dobročkovice;Dobročkovice;katastr
Kvasiny;Kvasiny;katastr
Zavržice;Zavržice;katastr
Lesná u Nového Kostela;Lesná u Nového Kostela;katastr
Valchov;Valchov;katastr
Svítkov;Svítkov;katastr
Plchovice;Plchovice;katastr
Bukol;Bukol;katastr
Dunajovice;Dunajovice;katastr
Čeladná;Čeladná;katastr
Hrčava;Hrčava;katastr
Příšov;Příšov;katastr
Teplá;Teplá;katastr
Přeseka;Přeseka;katastr
Rynárec;Rynárec;katastr
Bítov;Bítov;katastr
Borek nad Labem;Borek nad Labem;katastr
Planiny;Planiny;katastr
Horní Habartice;Horní Habartice;katastr
Slavičky;Slavičky;katastr
Doubrava u Puclic;Doubrava u Puclic;katastr
Chotiměř u Blížejova;Chotiměř u Blížejova;katastr
Chvalšovice u Čachrova;Chvalšovice u Čachrova;katastr
Protivín;Protivín;katastr
Horní Dunajovice;Horní Dunajovice;katastr
Doly;Doly;katastr
Vojetín;Vojetín;katastr
Žírovice;Žírovice;katastr
Mladá Boleslav;Mladá Boleslav;katastr
Travná u Javorníka;Travná u Javorníka;katastr
Lenešice;Lenešice;katastr
Travčice;Travčice;katastr
Sýčina;Sýčina;katastr
Konrac;Konrac;katastr
Moravany u Kyjova;Moravany u Kyjova;katastr
Chroustov u Bohdalova;Chroustov u Bohdalova;katastr
Záchlumí;Záchlumí;katastr
Plánička;Plánička;katastr
Čikvásky;Čikvásky;katastr
Lejšovka;Lejšovka;katastr
Heroltice;Heroltice;katastr
Drnovice u Valašských Klobouk;Drnovice u Valašských Klobouk;katastr
Kvíc;Kvíc;katastr
Starý Hrozňatov;Starý Hrozňatov;katastr
Žernov u České Skalice;Žernov u České Skalice;katastr
Kbel u Ratboře;Kbel u Ratboře;katastr
Lipňany;Lipňany;katastr
Sedlec u Karlových Var;Sedlec u Karlových Var;katastr
Neuměř;Neuměř;katastr
Moravský Písek;Moravský Písek;katastr
Mravín;Mravín;katastr
Malý Ježov;Malý Ježov;katastr
Nestanice;Nestanice;katastr
Podbořanský Rohozec u Hradiště I;Podbořanský Rohozec u Hradiště I;katastr
Odry;Odry;katastr
Opočno u Loun;Opočno u Loun;katastr
Touchořiny;Touchořiny;katastr
Střížovice;Střížovice;katastr
Fojtov;Fojtov;katastr
Liboňov;Liboňov;katastr
Neratov;Neratov;katastr
Dolní Ostrovec;Dolní Ostrovec;katastr
Políkno u Jindřichova Hradce;Políkno u Jindřichova Hradce;katastr
Kunčice u Nechanic;Kunčice u Nechanic;katastr
Rozehnaly;Rozehnaly;katastr
Zbýšov;Zbýšov;katastr
Karlovice u Holešova;Karlovice u Holešova;katastr
Nová Ves u Plzně;Nová Ves u Plzně;katastr
Klokočná;Klokočná;katastr
Holičky u Chrudimi;Holičky u Chrudimi;katastr
Chocenice u Břežan I;Chocenice u Břežan I;katastr
Výkleky;Výkleky;katastr
Mokrovraty;Mokrovraty;katastr
Třebkov;Třebkov;katastr
Skuhrov u Havlíčkova Brodu;Skuhrov u Havlíčkova Brodu;katastr
Lovečkovice;Lovečkovice;katastr
Rohozec u Žehušic;Rohozec u Žehušic;katastr
Radňov u Rynárce;Radňov u Rynárce;katastr
Červená Hora;Červená Hora;katastr
Vršice;Vršice;katastr
Dolní Datyně;Dolní Datyně;katastr
Milínov u Nezvěstic;Milínov u Nezvěstic;katastr
Klecany;Klecany;katastr
Pohled u Mladoňovic;Pohled u Mladoňovic;katastr
Polní Voděrady;Polní Voděrady;katastr
Slavíč;Slavíč;katastr
Folknáře;Folknáře;katastr
Šamonice;Šamonice;katastr
Vracovice u Horního Břečkova;Vracovice u Horního Břečkova;katastr
Opatovec;Opatovec;katastr
Křekovice;Křekovice;katastr
Dalkovice;Dalkovice;katastr
Dolní Dvorce u Kašperských Hor;Dolní Dvorce u Kašperských Hor;katastr
Dlažkovice;Dlažkovice;katastr
Žáravice;Žáravice;katastr
Orlík nad Vltavou;Orlík nad Vltavou;katastr
Všeradice;Všeradice;katastr
Horní Hynčina;Horní Hynčina;katastr
Vacetín;Vacetín;katastr
Lešany u Prostějova;Lešany u Prostějova;katastr
Velký Ježov;Velký Ježov;katastr
Šidlákov;Šidlákov;katastr
Moravský Kočov;Moravský Kočov;katastr
Lesůňky;Lesůňky;katastr
Bohdalov;Bohdalov;katastr
Spolí-Nové Spolí;Spolí-Nové Spolí;katastr
Trubská;Trubská;katastr
Osík;Osík;katastr
Starý Hrozenkov;Starý Hrozenkov;katastr
Dolní Lhota u Luhačovic;Dolní Lhota u Luhačovic;katastr
Stádla;Stádla;katastr
Horky u Srní;Horky u Srní;katastr
Počátky Horní;Počátky Horní;katastr
Hněvanov;Hněvanov;katastr
Plavsko;Plavsko;katastr
Herálec na Moravě;Herálec na Moravě;katastr
Skuřina;Skuřina;katastr
Žďár u Kaplice;Žďár u Kaplice;katastr
Trubín;Trubín;katastr
Žabokliky;Žabokliky;katastr
Bruzovice;Bruzovice;katastr
Strání;Strání;katastr
Val u Veselí nad Lužnicí;Val u Veselí nad Lužnicí;katastr
Ponědraž;Ponědraž;katastr
Štěnec;Štěnec;katastr
Kuří;Kuří;katastr
Horní Blatná;Horní Blatná;katastr
Zálezlice;Zálezlice;katastr
Čistěves;Čistěves;katastr
Spálov;Spálov;katastr
Černčín;Černčín;katastr
Hlupice;Hlupice;katastr
Mlyňany;Mlyňany;katastr
Trněný Újezd;Trněný Újezd;katastr
Strukov;Strukov;katastr
Bílovec-Horní Předměstí;Bílovec-Horní Předměstí;katastr
Dolní Vlkýš;Dolní Vlkýš;katastr
Palupín;Palupín;katastr
Píšť u Humpolce;Píšť u Humpolce;katastr
Vyškov;Vyškov;katastr
Zábrdovice u Vedrovic;Zábrdovice u Vedrovic;katastr
Žírnice;Žírnice;katastr
Slavče u Trhových Svinů;Slavče u Trhových Svinů;katastr
Borovno;Borovno;katastr
Židenice;Židenice;katastr
Pivonín;Pivonín;katastr
Věstín;Věstín;katastr
Jedlová u Staré Vody;Jedlová u Staré Vody;katastr
Lhota u Pačlavic;Lhota u Pačlavic;katastr
Zástřizly;Zástřizly;katastr
Tetčiněves;Tetčiněves;katastr
Stará Huť;Stará Huť;katastr
Tisek;Tisek;katastr
Koburk;Koburk;katastr
Albrechtice u Českého Těšína;Albrechtice u Českého Těšína;katastr
Vrkoslavice;Vrkoslavice;katastr
Dolce;Dolce;katastr
Odolenov;Odolenov;katastr
Skryje nad Jihlavou;Skryje nad Jihlavou;katastr
Cerhenice;Cerhenice;katastr
Vinary u Přerova;Vinary u Přerova;katastr
Husí Lhota;Husí Lhota;katastr
Parník;Parník;katastr
Špindlerův Mlýn;Špindlerův Mlýn;katastr
Dědová;Dědová;katastr
Jince;Jince;katastr
Doubí u Karlových Var;Doubí u Karlových Var;katastr
Malá Hleďsebe;Malá Hleďsebe;katastr
Nový Jáchymov;Nový Jáchymov;katastr
Bílovec-Dolní Předměstí;Bílovec-Dolní Předměstí;katastr
Losiná u Plzně;Losiná u Plzně;katastr
Nový Vojířov;Nový Vojířov;katastr
Obědovice;Obědovice;katastr
Crhov;Crhov;katastr
Litultovice;Litultovice;katastr
Malšice;Malšice;katastr
Těptín;Těptín;katastr
Luka nad Jihlavou;Luka nad Jihlavou;katastr
Hodousice;Hodousice;katastr
Pozorka u Nejdku;Pozorka u Nejdku;katastr
Jindřichov u Tršnic;Jindřichov u Tršnic;katastr
Kahov;Kahov;katastr
Břetětice;Břetětice;katastr
Dobrá Voda u Pacova;Dobrá Voda u Pacova;katastr
Hubálov;Hubálov;katastr
Veselíčko u Lipníka nad Bečvou;Veselíčko u Lipníka nad Bečvou;katastr
Ondřejov nad Střelou;Ondřejov nad Střelou;katastr
Smilovy Hory;Smilovy Hory;katastr
Horní Břečkov;Horní Břečkov;katastr
Lkáň;Lkáň;katastr
Nedabyle;Nedabyle;katastr
Mnich u Kardašovy Řečice;Mnich u Kardašovy Řečice;katastr
Březiněves;Březiněves;katastr
Gabrielina Huť;Gabrielina Huť;katastr
Milešovice;Milešovice;katastr
Cihelny;Cihelny;katastr
Provodov na Moravě;Provodov na Moravě;katastr
Petrov nad Desnou;Petrov nad Desnou;katastr
Bítov u Radenína;Bítov u Radenína;katastr
Soustov;Soustov;katastr
Hrubá Skála;Hrubá Skála;katastr
Rájov u Mariánských Lázní;Rájov u Mariánských Lázní;katastr
Dubina u Ostravy;Dubina u Ostravy;katastr
Semtěš u Žlutic;Semtěš u Žlutic;katastr
Sedlice u Domažlic;Sedlice u Domažlic;katastr
Čížov;Čížov;katastr
Němčice u České Třebové;Němčice u České Třebové;katastr
Lhota Komárov;Lhota Komárov;katastr
Skály u Kváskovic;Skály u Kváskovic;katastr
Strážiště u Jiviny;Strážiště u Jiviny;katastr
Újezd u Boskovic;Újezd u Boskovic;katastr
Markvartice u Třebíče;Markvartice u Třebíče;katastr
Hartinkov;Hartinkov;katastr
Beřovice;Beřovice;katastr
Holice v Čechách;Holice v Čechách;katastr
Synčany;Synčany;katastr
Šediviny;Šediviny;katastr
Valeč u Hradiště;Valeč u Hradiště;katastr
Plumlov;Plumlov;katastr
Svinov u Pavlova;Svinov u Pavlova;katastr
Bohdalec;Bohdalec;katastr
Dalešice nad Vltavou;Dalešice nad Vltavou;katastr
Stajka;Stajka;katastr
Olšany u Chotěnova;Olšany u Chotěnova;katastr
České Křižánky;České Křižánky;katastr
Biskupice u Luhačovic;Biskupice u Luhačovic;katastr
Chvalkovice u Dešné;Chvalkovice u Dešné;katastr
Heřmanov;Heřmanov;katastr
Petříkovice u Mladoňovic;Petříkovice u Mladoňovic;katastr
Bruntál-město;Bruntál-město;katastr
Klokoty;Klokoty;katastr
Zlosyň;Zlosyň;katastr
Skotnice;Skotnice;katastr
Tršnice;Tršnice;katastr
Střemošice;Střemošice;katastr
Pateřín;Pateřín;katastr
Újezdec u Přerova;Újezdec u Přerova;katastr
Račín u Nečtin;Račín u Nečtin;katastr
Vysokov;Vysokov;katastr
Přední Labská;Přední Labská;katastr
Smrčí u Semil;Smrčí u Semil;katastr
Chotovice;Chotovice;katastr
Popov u Jáchymova;Popov u Jáchymova;katastr
Koválovice u Tištína;Koválovice u Tištína;katastr
Malá Kraš;Malá Kraš;katastr
Zahrádky u Borových Lad;Zahrádky u Borových Lad;katastr
Prostřední Bečva;Prostřední Bečva;katastr
Horní Lomná;Horní Lomná;katastr
Kunějovice;Kunějovice;katastr
Lány;Lány;katastr
Pavlov u Rynárce;Pavlov u Rynárce;katastr
Sítiny;Sítiny;katastr
Široký Brod;Široký Brod;katastr
Zářečí u Horažďovic;Zářečí u Horažďovic;katastr
Jenišov;Jenišov;katastr
Bílé Poličany;Bílé Poličany;katastr
České Lhotice;České Lhotice;katastr
Verušice;Verušice;katastr
Doubravice u Českých Budějovic;Doubravice u Českých Budějovic;katastr
Sobětuchy;Sobětuchy;katastr
Boršov u Kyjova;Boršov u Kyjova;katastr
Březenský Dvůr;Březenský Dvůr;katastr
Roubíčkova Lhota;Roubíčkova Lhota;katastr
Novosedly u Rybníku;Novosedly u Rybníku;katastr
Janovice u Rýmařova;Janovice u Rýmařova;katastr
Horní Záblatí;Horní Záblatí;katastr
Klisín;Klisín;katastr
Žďár nad Metují;Žďár nad Metují;katastr
Hrabí;Hrabí;katastr
Plechov;Plechov;katastr
Horušice;Horušice;katastr
Kamenná Hora;Kamenná Hora;katastr
Zlíčko;Zlíčko;katastr
Nová Ves u Pohořelic;Nová Ves u Pohořelic;katastr
Běstviny;Běstviny;katastr
Kalek;Kalek;katastr
Staré Hutě u Veclova;Staré Hutě u Veclova;katastr
Zákřov;Zákřov;katastr
Bystřice nad Olší;Bystřice nad Olší;katastr
Třtice u Nového Strašecí;Třtice u Nového Strašecí;katastr
Chlum u Třeboně;Chlum u Třeboně;katastr
Škrovád;Škrovád;katastr
Dolany u Červených Peček;Dolany u Červených Peček;katastr
Údlice;Údlice;katastr
Lhotka u Litultovic;Lhotka u Litultovic;katastr
Nechanice u Nových Mitrovic;Nechanice u Nových Mitrovic;katastr
Svojšovice;Svojšovice;katastr
Hluboké Mašůvky;Hluboké Mašůvky;katastr
Vrážné nad Střelou;Vrážné nad Střelou;katastr
Škrdlovice;Škrdlovice;katastr
Rájov u Perštejna;Rájov u Perštejna;katastr
Věrovany;Věrovany;katastr
Počeplice;Počeplice;katastr
Vestec u Prahy;Vestec u Prahy;katastr
Obora u Hracholusk;Obora u Hracholusk;katastr
Perálec;Perálec;katastr
Nosetín;Nosetín;katastr
Hrdlořezy;Hrdlořezy;katastr
Honice;Honice;katastr
Pamětník;Pamětník;katastr
Zbečno;Zbečno;katastr
Dub nad Moravou;Dub nad Moravou;katastr
Temelínec;Temelínec;katastr
Žďárek u Chyší;Žďárek u Chyší;katastr
Pokratice;Pokratice;katastr
Útěchovičky;Útěchovičky;katastr
Vítovice u Pavlovic;Vítovice u Pavlovic;katastr
Bošín u Chocně;Bošín u Chocně;katastr
Křenůvky;Křenůvky;katastr
Zábrdovice;Zábrdovice;katastr
Litoměřice;Litoměřice;katastr
Kozinec;Kozinec;katastr
Kamenný Malíkov;Kamenný Malíkov;katastr
Krhov u Hrotovic;Krhov u Hrotovic;katastr
Křivá Voda;Křivá Voda;katastr
Letkov;Letkov;katastr
Červeněves;Červeněves;katastr
Libná;Libná;katastr
Sudovo Hlavno;Sudovo Hlavno;katastr
Rozsíčka;Rozsíčka;katastr
Kolešov u Žlutic;Kolešov u Žlutic;katastr
Dobruška;Dobruška;katastr
Švarcava;Švarcava;katastr
Grešlové Mýto;Grešlové Mýto;katastr
Radvanec;Radvanec;katastr
Ledečko;Ledečko;katastr
Dobrá Voda u Toužimi;Dobrá Voda u Toužimi;katastr
Držkovice;Držkovice;katastr
Křížov u Sovince;Křížov u Sovince;katastr
Rozněvice;Rozněvice;katastr
Zlivice;Zlivice;katastr
Skála u Chrasti;Skála u Chrasti;katastr
Prosenice;Prosenice;katastr
Čistá u Svatavy;Čistá u Svatavy;katastr
Myslov;Myslov;katastr
Ctiměřice;Ctiměřice;katastr
Dlažov;Dlažov;katastr
Těškovice u Onšova;Těškovice u Onšova;katastr
Vážany nad Litavou;Vážany nad Litavou;katastr
Víska u Litovle;Víska u Litovle;katastr
Heřmanov v Krušných horách;Heřmanov v Krušných horách;katastr
Podolí I;Podolí I;katastr
Bedřichov v Krkonoších;Bedřichov v Krkonoších;katastr
Hlinné u Dobrého;Hlinné u Dobrého;katastr
Tmaň;Tmaň;katastr
Ondřejov u Pelhřimova;Ondřejov u Pelhřimova;katastr
Hláska;Hláska;katastr
Knížecí Pláně;Knížecí Pláně;katastr
Písek;Písek;katastr
Chudeřín;Chudeřín;katastr
Jelence;Jelence;katastr
Kuní pod Landštejnem;Kuní pod Landštejnem;katastr
Vršovice u Opavy;Vršovice u Opavy;katastr
Rýmařov;Rýmařov;katastr
Blahotice;Blahotice;katastr
Meziluží;Meziluží;katastr
Petrovice u Nového Města na Moravě;Petrovice u Nového Města na Moravě;katastr
Mostkov;Mostkov;katastr
Litvínovice;Litvínovice;katastr
Rohov;Rohov;katastr
Hluboká nad Vltavou;Hluboká nad Vltavou;katastr
Ostružno na Šumavě;Ostružno na Šumavě;katastr
Herálec;Herálec;katastr
Nový Malín;Nový Malín;katastr
Kamenice u Dobrého;Kamenice u Dobrého;katastr
Skalsko;Skalsko;katastr
Podhora u Pěnčína;Podhora u Pěnčína;katastr
Zminný;Zminný;katastr
Milíře u Šindelové;Milíře u Šindelové;katastr
Bušín;Bušín;katastr
Liboš;Liboš;katastr
Kratonohy;Kratonohy;katastr
Doubravice u Nečtin;Doubravice u Nečtin;katastr
Vesce u Drahonic;Vesce u Drahonic;katastr
Velký Újezd;Velký Újezd;katastr
Dobřemilice;Dobřemilice;katastr
Smolná;Smolná;katastr
Svoboda nad Úpou;Svoboda nad Úpou;katastr
Libkov u Nasavrk;Libkov u Nasavrk;katastr
Ahníkov;Ahníkov;katastr
Opatov v Čechách;Opatov v Čechách;katastr
Radnice u Rokycan;Radnice u Rokycan;katastr
Vlastějov;Vlastějov;katastr
Vlásenice u Makova;Vlásenice u Makova;katastr
Blovice;Blovice;katastr
Zbraslav u Štědré;Zbraslav u Štědré;katastr
Dříteč;Dříteč;katastr
Bílá;Bílá;katastr
Vojtěchov u Konice;Vojtěchov u Konice;katastr
Merklín u Přeštic;Merklín u Přeštic;katastr
Lensedly;Lensedly;katastr
Hroznová Lhota;Hroznová Lhota;katastr
Krásné;Krásné;katastr
Ústrašice;Ústrašice;katastr
Podolí u Klatov;Podolí u Klatov;katastr
Rudice;Rudice;katastr
Česká Ves u Města Albrechtic;Česká Ves u Města Albrechtic;katastr
Tetín u Berouna;Tetín u Berouna;katastr
Keblany;Keblany;katastr
Horní Libina;Horní Libina;katastr
Horní Maxov;Horní Maxov;katastr
Makov u Jistebnice;Makov u Jistebnice;katastr
Mezná u Hřenska;Mezná u Hřenska;katastr
Kvasetice u Květinova;Kvasetice u Květinova;katastr
Ktová;Ktová;katastr
Dolní Poříčí nad Křetínkou;Dolní Poříčí nad Křetínkou;katastr
Kvasejovice;Kvasejovice;katastr
Kramolín;Kramolín;katastr
Podlesí pod Pradědem;Podlesí pod Pradědem;katastr
Václavov u Chvaletína;Václavov u Chvaletína;katastr
Janovice u Sušice;Janovice u Sušice;katastr
Rohozno;Rohozno;katastr
Proseč u Humpolce;Proseč u Humpolce;katastr
Nezdice u Křepkovic;Nezdice u Křepkovic;katastr
Týn nad Bečvou;Týn nad Bečvou;katastr
Skalice u Dobříše;Skalice u Dobříše;katastr
Skřivany;Skřivany;katastr
Vícemilice;Vícemilice;katastr
Mentour;Mentour;katastr
Hatín;Hatín;katastr
Svor;Svor;katastr
Vrbčany;Vrbčany;katastr
Dobronice;Dobronice;katastr
Sestrouň;Sestrouň;katastr
Horní Stropnice;Horní Stropnice;katastr
Stará Bohyně;Stará Bohyně;katastr
Ždírec na Moravě;Ždírec na Moravě;katastr
Řepnice;Řepnice;katastr
Ústrašín;Ústrašín;katastr
Křížov pod Blaníkem;Křížov pod Blaníkem;katastr
Slabčice;Slabčice;katastr
Bukovec u Jablunkova;Bukovec u Jablunkova;katastr
Chvaletín;Chvaletín;katastr
Hojná Voda;Hojná Voda;katastr
Dolní Bojanovice;Dolní Bojanovice;katastr
Dobré;Dobré;katastr
Jirny;Jirny;katastr
Javor;Javor;katastr
Mozolov u Krásné Hory;Mozolov u Krásné Hory;katastr
Loučky u Turnova;Loučky u Turnova;katastr
Třebiště;Třebiště;katastr
Dlouhá Lomnice;Dlouhá Lomnice;katastr
Poličná;Poličná;katastr
Šlapanice u Brna;Šlapanice u Brna;katastr
Páleč u Zlonic;Páleč u Zlonic;katastr
Dolní Žleb;Dolní Žleb;katastr
Vysoká u Jihlavy;Vysoká u Jihlavy;katastr
Brčekoly;Brčekoly;katastr
Svoříž;Svoříž;katastr
Vlkonice u Neveklova;Vlkonice u Neveklova;katastr
Bavorovice;Bavorovice;katastr
Podolí II;Podolí II;katastr
Kojkovičky;Kojkovičky;katastr
Košinov;Košinov;katastr
Krapice;Krapice;katastr
Svatý Jan pod Skalou;Svatý Jan pod Skalou;katastr
Zdětín na Moravě;Zdětín na Moravě;katastr
Hlincová Hora;Hlincová Hora;katastr
Loukonosy;Loukonosy;katastr
Lampertice;Lampertice;katastr
Vysoké Mýto;Vysoké Mýto;katastr
Hliněná;Hliněná;katastr
Jezerce;Jezerce;katastr
Jiřice u Miroslavi;Jiřice u Miroslavi;katastr
Milíkovice;Milíkovice;katastr
Strenice;Strenice;katastr
Vráž u Berouna;Vráž u Berouna;katastr
Židlochovice;Židlochovice;katastr
Jablonec nad Nisou;Jablonec nad Nisou;katastr
Křekovice u Vyšetic;Křekovice u Vyšetic;katastr
Měrčín;Měrčín;katastr
Křenov u Žacléře;Křenov u Žacléře;katastr
Kraskov;Kraskov;katastr
Líchovy;Líchovy;katastr
Radíčeves;Radíčeves;katastr
Ondřejov u Perštejna;Ondřejov u Perštejna;katastr
Nemilany;Nemilany;katastr
Boříkovy;Boříkovy;katastr
Mlynářovice u Volar;Mlynářovice u Volar;katastr
Hrabice;Hrabice;katastr
Blatnička;Blatnička;katastr
Kraví Hora;Kraví Hora;katastr
Chuderov;Chuderov;katastr
Odeř;Odeř;katastr
Kydliny;Kydliny;katastr
Buková u Merklína;Buková u Merklína;katastr
Neurazy;Neurazy;katastr
Rybník nad Radbuzou;Rybník nad Radbuzou;katastr
Hrdibořice;Hrdibořice;katastr
Dlouhá Louka u Lužan;Dlouhá Louka u Lužan;katastr
Damíč;Damíč;katastr
Zhoř u Jihlavy;Zhoř u Jihlavy;katastr
Kruh v Podbezdězí;Kruh v Podbezdězí;katastr
Tukleky;Tukleky;katastr
Mirkovice;Mirkovice;katastr
Hodoňovice;Hodoňovice;katastr
Uherský Brod;Uherský Brod;katastr
Lhota u Dynína;Lhota u Dynína;katastr
Končice;Končice;katastr
Rudice u Blanska;Rudice u Blanska;katastr
Čejkovice u Mladoňovic;Čejkovice u Mladoňovic;katastr
Věžnice;Věžnice;katastr
Polom v Orlických horách;Polom v Orlických horách;katastr
Mukařov u Jiviny;Mukařov u Jiviny;katastr
Hýsly;Hýsly;katastr
Lyžbice;Lyžbice;katastr
Ostrovec u Terešova;Ostrovec u Terešova;katastr
Dlouhá Stropnice;Dlouhá Stropnice;katastr
Kozlov u Jihlavy;Kozlov u Jihlavy;katastr
Pobučí;Pobučí;katastr
Těšenov;Těšenov;katastr
Košťálkov;Košťálkov;katastr
Lhota;Lhota;katastr
Pivín;Pivín;katastr
Vilémov u Humpolce;Vilémov u Humpolce;katastr
Švihov u Rakovníka;Švihov u Rakovníka;katastr
Jeznice;Jeznice;katastr
Ždánice u Bystřice nad Pernštejnem;Ždánice u Bystřice nad Pernštejnem;katastr
Milhostov u Mariánských Lázní;Milhostov u Mariánských Lázní;katastr
Hořice;Hořice;katastr
Křečovice u Neveklova;Křečovice u Neveklova;katastr
Otinoves;Otinoves;katastr
Hradišťko u Dačic;Hradišťko u Dačic;katastr
Choťovice;Choťovice;katastr
Palonín;Palonín;katastr
Soběšice;Soběšice;katastr
Lipovice;Lipovice;katastr
Hnačov;Hnačov;katastr
Zvole nad Pernštejnem;Zvole nad Pernštejnem;katastr
Velký Horšín;Velký Horšín;katastr
Hostěrádky;Hostěrádky;katastr
Krchleby;Krchleby;katastr
Krahulov;Krahulov;katastr
Slavkov u Uherského Brodu;Slavkov u Uherského Brodu;katastr
Dvorec u Dubu;Dvorec u Dubu;katastr
Pohorsko;Pohorsko;katastr
Bohumilice u Kožlí;Bohumilice u Kožlí;katastr
Kacanovy;Kacanovy;katastr
Hájek u Uhříněvsi;Hájek u Uhříněvsi;katastr
Makov;Makov;katastr
Strakonice;Strakonice;katastr
Chropyně;Chropyně;katastr
Horní Bobrová;Horní Bobrová;katastr
Květuš;Květuš;katastr
Pelhřimov;Pelhřimov;katastr
Dobrá Voda u Pelhřimova;Dobrá Voda u Pelhřimova;katastr
Velešov;Velešov;katastr
Kuří u Říčan;Kuří u Říčan;katastr
Bítovánky;Bítovánky;katastr
Pařezov;Pařezov;katastr
Kobeřice;Kobeřice;katastr
Trnová u Katusic;Trnová u Katusic;katastr
Lošov;Lošov;katastr
Bílovec-město;Bílovec-město;katastr
Malíkovice;Malíkovice;katastr
Nové Mohelno;Nové Mohelno;katastr
Zbyslavec;Zbyslavec;katastr
Chuchelna;Chuchelna;katastr
Lišov;Lišov;katastr
Libež;Libež;katastr
Vranín;Vranín;katastr
Horská Kamenice;Horská Kamenice;katastr
Dobrkovská Lhotka;Dobrkovská Lhotka;katastr
Bezdružice;Bezdružice;katastr
Dobkovice;Dobkovice;katastr
Nová Ves u Dolních Kralovic;Nová Ves u Dolních Kralovic;katastr
Skoranov;Skoranov;katastr
Libíň;Libíň;katastr
Horní Lhota;Horní Lhota;katastr
Lažínky;Lažínky;katastr
Staré Město u Frýdku-Místku;Staré Město u Frýdku-Místku;katastr
Chlum nad Malší;Chlum nad Malší;katastr
Podštěly;Podštěly;katastr
Jestřebí;Jestřebí;katastr
Hrbokov;Hrbokov;katastr
Drahlín;Drahlín;katastr
Lom u Blatné;Lom u Blatné;katastr
Hrušovany;Hrušovany;katastr
Unčovice;Unčovice;katastr
Horní Štěpánov;Horní Štěpánov;katastr
Křenovice u Dubného;Křenovice u Dubného;katastr
Zásmuky;Zásmuky;katastr
Žabovřesky;Žabovřesky;katastr
Vyskeř;Vyskeř;katastr
Pacov;Pacov;katastr
Poříčí u Bolechova;Poříčí u Bolechova;katastr
Tukleky u Oslova;Tukleky u Oslova;katastr
Obory;Obory;katastr
Olešnice u Rychnova nad Kněžnou;Olešnice u Rychnova nad Kněžnou;katastr
Paseky u Proseče;Paseky u Proseče;katastr
Pakoslav;Pakoslav;katastr
Horní Bukovsko;Horní Bukovsko;katastr
Horní Rybníky;Horní Rybníky;katastr
Lešišov;Lešišov;katastr
Račice u Dlouhého;Račice u Dlouhého;katastr
Sukorady u Mladé Boleslavi;Sukorady u Mladé Boleslavi;katastr
Hluboké;Hluboké;katastr
Horní Slatina;Horní Slatina;katastr
Kámen;Kámen;katastr
Ořešín;Ořešín;katastr
Chrlice;Chrlice;katastr
Malovičky;Malovičky;katastr
Duchcov;Duchcov;katastr
Horka u Žehušic;Horka u Žehušic;katastr
Dražůvky;Dražůvky;katastr
Hříběcí;Hříběcí;katastr
Borek u Tachova;Borek u Tachova;katastr
Hlavatce;Hlavatce;katastr
Hošťalovice;Hošťalovice;katastr
Libochovany;Libochovany;katastr
Březná;Březná;katastr
Pohorovice;Pohorovice;katastr
Křelov;Křelov;katastr
Kačerov;Kačerov;katastr
Slatina u Vysokého Mýta;Slatina u Vysokého Mýta;katastr
Klenovice na Hané;Klenovice na Hané;katastr
Krtov;Krtov;katastr
Slapsko;Slapsko;katastr
Záblatí u Osové Bítýšky;Záblatí u Osové Bítýšky;katastr
Střelské Hoštice;Střelské Hoštice;katastr
Březinka u Kokořína;Březinka u Kokořína;katastr
Petrůvka u Městečka Trnávky;Petrůvka u Městečka Trnávky;katastr
Vítovice;Vítovice;katastr
Bezvěrov II;Bezvěrov II;katastr
Velký Rybník u Skalné;Velký Rybník u Skalné;katastr
Černá Lada;Černá Lada;katastr
Krásno nad Teplou;Krásno nad Teplou;katastr
Vlkov u Osové Bítýšky;Vlkov u Osové Bítýšky;katastr
Střela;Střela;katastr
Bahno;Bahno;katastr
Pšov u Podbořan;Pšov u Podbořan;katastr
Babice u Rosic;Babice u Rosic;katastr
Vlkoš u Přerova;Vlkoš u Přerova;katastr
Suchý Důl u Klášterce nad Ohří;Suchý Důl u Klášterce nad Ohří;katastr
Tobolka;Tobolka;katastr
Ruda u Rýmařova;Ruda u Rýmařova;katastr
Svinná Lada;Svinná Lada;katastr
Jílovec;Jílovec;katastr
Kajlovec;Kajlovec;katastr
Ostrovec u Houserovky;Ostrovec u Houserovky;katastr
Chválenice;Chválenice;katastr
Blížejov;Blížejov;katastr
Sedlec u Náměště nad Oslavou;Sedlec u Náměště nad Oslavou;katastr
Kbelnice u Letin;Kbelnice u Letin;katastr
Mrchojedy;Mrchojedy;katastr
Bernartice u Dolních Kralovic;Bernartice u Dolních Kralovic;katastr
Baška;Baška;katastr
Hvozd u Konice;Hvozd u Konice;katastr
Balkovy;Balkovy;katastr
Podolí u Ratibořských Hor;Podolí u Ratibořských Hor;katastr
Záříčí;Záříčí;katastr
Branišov nad Pernštejnem;Branišov nad Pernštejnem;katastr
Lipovec;Lipovec;katastr
Přeskaky;Přeskaky;katastr
Třenice;Třenice;katastr
Prakšice;Prakšice;katastr
Hraběšice;Hraběšice;katastr
Kámen u Křenic;Kámen u Křenic;katastr
Hradisko;Hradisko;katastr
Sulejovice;Sulejovice;katastr
Nevězice;Nevězice;katastr
Loubí u Děčína;Loubí u Děčína;katastr
Javorník u Svitav;Javorník u Svitav;katastr
Dolní Vysoké II;Dolní Vysoké II;katastr
Libínky;Libínky;katastr
Buková u Klatov;Buková u Klatov;katastr
Proseč u Pošné;Proseč u Pošné;katastr
Písařov;Písařov;katastr
Drahenice;Drahenice;katastr
Štěpánovice u Rovenska pod Troskami;Štěpánovice u Rovenska pod Troskami;katastr
Holešovice;Holešovice;katastr
Hrádek u Znojma;Hrádek u Znojma;katastr
Žáky;Žáky;katastr
Krnov;Krnov;katastr
Bedřichov u Oskavy;Bedřichov u Oskavy;katastr
Neuměřice;Neuměřice;katastr
Dolní Hluboká;Dolní Hluboká;katastr
Třebýcinka;Třebýcinka;katastr
Dobešov u Černovic;Dobešov u Černovic;katastr
Podolí u Přerova;Podolí u Přerova;katastr
Libotyně;Libotyně;katastr
Benešov u Prahy;Benešov u Prahy;katastr
Bludovice;Bludovice;katastr
Bernartice nad Odrou;Bernartice nad Odrou;katastr
Záhoří u Bechyně;Záhoří u Bechyně;katastr
Horní Ostrovec;Horní Ostrovec;katastr
Koštice;Koštice;katastr
Kobylé;Kobylé;katastr
Hluchov;Hluchov;katastr
Sukorady;Sukorady;katastr
Mezí;Mezí;katastr
Kochánov;Kochánov;katastr
Chrášťany u Hulína;Chrášťany u Hulína;katastr
Tomice u Dolních Kralovic;Tomice u Dolních Kralovic;katastr
Dobříš;Dobříš;katastr
Hnanice pod Troskami;Hnanice pod Troskami;katastr
Cerhýnky;Cerhýnky;katastr
Olší u Tišnova;Olší u Tišnova;katastr
Víska u Březovic;Víska u Březovic;katastr
Velký Chlumec;Velký Chlumec;katastr
Harrachov;Harrachov;katastr
Suchá u Skalné;Suchá u Skalné;katastr
Malé Chrášťany;Malé Chrášťany;katastr
Vendryně;Vendryně;katastr
Rakovec;Rakovec;katastr
Nová Pec;Nová Pec;katastr
Malý Rapotín;Malý Rapotín;katastr
Zbinohy;Zbinohy;katastr
Všeň;Všeň;katastr
Kozí;Kozí;katastr
Nedvězí u Poličky;Nedvězí u Poličky;katastr
Tučapy u Vyškova;Tučapy u Vyškova;katastr
Rapotín;Rapotín;katastr
Starý Rybník;Starý Rybník;katastr
Břuchotín;Břuchotín;katastr
Valcha;Valcha;katastr
Studenec u Trutnova;Studenec u Trutnova;katastr
Líšeň;Líšeň;katastr
Vítkov u Tachova;Vítkov u Tachova;katastr
Helkovice;Helkovice;katastr
Vlkančice;Vlkančice;katastr
Staré Prachatice;Staré Prachatice;katastr
Jesenice u Sedlčan;Jesenice u Sedlčan;katastr
Otaslavice;Otaslavice;katastr
Řeka;Řeka;katastr
Lipnice u Spáleného Poříčí;Lipnice u Spáleného Poříčí;katastr
Dědovice;Dědovice;katastr
Janovice u Houserovky;Janovice u Houserovky;katastr
Stříbrná u Březiny;Stříbrná u Březiny;katastr
Dubská Lhota;Dubská Lhota;katastr
Zbynice;Zbynice;katastr
Bukovinka;Bukovinka;katastr
Horní Prysk;Horní Prysk;katastr
Plešiště;Plešiště;katastr
Moravská Chrastová;Moravská Chrastová;katastr
Řesanice;Řesanice;katastr
Pocinovice u Semněvic;Pocinovice u Semněvic;katastr
Stožice;Stožice;katastr
Hůrka;Hůrka;katastr
Litkovice;Litkovice;katastr
Biskoupky;Biskoupky;katastr
Borčice;Borčice;katastr
Nekrasín;Nekrasín;katastr
Dolní Podluží;Dolní Podluží;katastr
Krásensko II;Krásensko II;katastr
Podhradí nad Dyjí;Podhradí nad Dyjí;katastr
Xaverov;Xaverov;katastr
Hukovice;Hukovice;katastr
Bitětice;Bitětice;katastr
Mojkov;Mojkov;katastr
Nemilkov;Nemilkov;katastr
Morašice v Železných horách;Morašice v Železných horách;katastr
Touboř;Touboř;katastr
Střednice;Střednice;katastr
Nové Heřminovy;Nové Heřminovy;katastr
Horní Kamenice u Lukova;Horní Kamenice u Lukova;katastr
Čejkovy;Čejkovy;katastr
Skorkov u Herálce;Skorkov u Herálce;katastr
Svárkov;Svárkov;katastr
Vlastec;Vlastec;katastr
Velké Meziříčí;Velké Meziříčí;katastr
Písečná u Žamberka;Písečná u Žamberka;katastr
Sytno;Sytno;katastr
Háje nad Jizerou;Háje nad Jizerou;katastr
Bubeneč;Bubeneč;katastr
Chlupice;Chlupice;katastr
Frýdštejn;Frýdštejn;katastr
Hlavatce u Českých Budějovic;Hlavatce u Českých Budějovic;katastr
Vršovka;Vršovka;katastr
Uhřice u Kroměříže;Uhřice u Kroměříže;katastr
Kamýk u Velkých Přílep;Kamýk u Velkých Přílep;katastr
Hamr;Hamr;katastr
Římov na Moravě;Římov na Moravě;katastr
Labe;Labe;katastr
Drahoňov;Drahoňov;katastr
Sadová;Sadová;katastr
Stropčice;Stropčice;katastr
Krhovice;Krhovice;katastr
Vysoká Srbská;Vysoká Srbská;katastr
Oucmanice;Oucmanice;katastr
Jíno;Jíno;katastr
Olešná u Pelhřimova;Olešná u Pelhřimova;katastr
Jeclov;Jeclov;katastr
Bojenice;Bojenice;katastr
Doubravice;Doubravice;katastr
Čepice;Čepice;katastr
Vrbátky;Vrbátky;katastr
Komorno;Komorno;katastr
Kloub;Kloub;katastr
Kamenná Voda;Kamenná Voda;katastr
Dubné;Dubné;katastr
Milíčov;Milíčov;katastr
Nové Dvory u Opařan;Nové Dvory u Opařan;katastr
Letovice;Letovice;katastr
Gruna;Gruna;katastr
Pchery;Pchery;katastr
Velký Třebešov;Velký Třebešov;katastr
Březí u Čachrova;Březí u Čachrova;katastr
Bozdíš;Bozdíš;katastr
Teletín;Teletín;katastr
Tuřice;Tuřice;katastr
Jesenec;Jesenec;katastr
Protivec u Žlutic;Protivec u Žlutic;katastr
Braníškov;Braníškov;katastr
Žemličkova Lhota;Žemličkova Lhota;katastr
Peršíkov;Peršíkov;katastr
Nemile;Nemile;katastr
Malín;Malín;katastr
Horní Dvorce;Horní Dvorce;katastr
Ruprechtov;Ruprechtov;katastr
Skalice u Frýdku-Místku;Skalice u Frýdku-Místku;katastr
Podruhlí;Podruhlí;katastr
Český Dvůr;Český Dvůr;katastr
Domašov u Brna;Domašov u Brna;katastr
Lom u Stříbra;Lom u Stříbra;katastr
Bělá u Děčína;Bělá u Děčína;katastr
Drnovice u Vyškova;Drnovice u Vyškova;katastr
Voděrady u Českých Heřmanic;Voděrady u Českých Heřmanic;katastr
Malé Přítočno;Malé Přítočno;katastr
Kostelec u Jihlavy;Kostelec u Jihlavy;katastr
Domoušice;Domoušice;katastr
Horní Miletín;Horní Miletín;katastr
Nakvasovice;Nakvasovice;katastr
Anenská Studánka;Anenská Studánka;katastr
Vřesina u Bílovce;Vřesina u Bílovce;katastr
Březiny u Děčína;Březiny u Děčína;katastr
Lounice;Lounice;katastr
Vysoké Chvojno;Vysoké Chvojno;katastr
Nové Hutě;Nové Hutě;katastr
Orličky;Orličky;katastr
Křeničná;Křeničná;katastr
Pošná;Pošná;katastr
Zadní Zhořec;Zadní Zhořec;katastr
Spyta;Spyta;katastr
Býkovice u Bořeňovic;Býkovice u Bořeňovic;katastr
Ostravice 1;Ostravice 1;katastr
Sedliště ve Slezsku;Sedliště ve Slezsku;katastr
Křešice u Děčína;Křešice u Děčína;katastr
Borač;Borač;katastr
Bylochov;Bylochov;katastr
Kmetiněves;Kmetiněves;katastr
Třebosice;Třebosice;katastr
Kraslice;Kraslice;katastr
Borohrádek;Borohrádek;katastr
Dolní Nerestce;Dolní Nerestce;katastr
Žlíbky;Žlíbky;katastr
Oldřiš u Hlinska;Oldřiš u Hlinska;katastr
Stolany;Stolany;katastr
Čerčany;Čerčany;katastr
Valov;Valov;katastr
Mlékovice;Mlékovice;katastr
Důl;Důl;katastr
Úherce;Úherce;katastr
Hážovice;Hážovice;katastr
Myslív u Všerub;Myslív u Všerub;katastr
Vyšní Lhoty;Vyšní Lhoty;katastr
Opatovice u Zbýšova;Opatovice u Zbýšova;katastr
Králová;Králová;katastr
Mirotínek;Mirotínek;katastr
Pohoří u Jistebnice;Pohoří u Jistebnice;katastr
Doudlevce;Doudlevce;katastr
Ostrov u Macochy;Ostrov u Macochy;katastr
Úštěk;Úštěk;katastr
Kováry;Kováry;katastr
Polesí u Počátek;Polesí u Počátek;katastr
Pláně u Plas;Pláně u Plas;katastr
Lipí;Lipí;katastr
Praskolesy;Praskolesy;katastr
Škrobočov;Škrobočov;katastr
Chudeřín u Litvínova;Chudeřín u Litvínova;katastr
Suky;Suky;katastr
Dolní Kožlí;Dolní Kožlí;katastr
Krajníčko;Krajníčko;katastr
Havlíčkova Borová;Havlíčkova Borová;katastr
Zátyní;Zátyní;katastr
Lobeček;Lobeček;katastr
Velký Valtinov;Velký Valtinov;katastr
Dobelice;Dobelice;katastr
Šalmanovice;Šalmanovice;katastr
Karlín na Moravě;Karlín na Moravě;katastr
Osikov;Osikov;katastr
Hostějeves;Hostějeves;katastr
Bořeňovice;Bořeňovice;katastr
Křivé;Křivé;katastr
Bezděčín u Jablonce nad Nisou;Bezděčín u Jablonce nad Nisou;katastr
Tisová u Otročína;Tisová u Otročína;katastr
Dubany nad Bylankou;Dubany nad Bylankou;katastr
Bystré v Orlických horách;Bystré v Orlických horách;katastr
Únětice u Prahy;Únětice u Prahy;katastr
Polka;Polka;katastr
Odunec;Odunec;katastr
Nebahovy;Nebahovy;katastr
Bolevec;Bolevec;katastr
Staré Brno;Staré Brno;katastr
Rokycany;Rokycany;katastr
Střížov u Chebu;Střížov u Chebu;katastr
Hořetice u Žiželic;Hořetice u Žiželic;katastr
Polevsko;Polevsko;katastr
Trnávka u Lipníka nad Bečvou;Trnávka u Lipníka nad Bečvou;katastr
Nesměřice;Nesměřice;katastr
Bor u Skutče;Bor u Skutče;katastr
Dzbel;Dzbel;katastr
Boletice nad Labem;Boletice nad Labem;katastr
Kamenná Lhota;Kamenná Lhota;katastr
Zavlekov;Zavlekov;katastr
Skalice u Lovosic;Skalice u Lovosic;katastr
Nákří;Nákří;katastr
Rybí;Rybí;katastr
Kladné-Dobrkovice;Kladné-Dobrkovice;katastr
Čakovec;Čakovec;katastr
Rychlov u Kněžic;Rychlov u Kněžic;katastr
Holenice;Holenice;katastr
Vrbice u Valče;Vrbice u Valče;katastr
Nové Pavlovice;Nové Pavlovice;katastr
Damnice;Damnice;katastr
Malá Bukovina;Malá Bukovina;katastr
Písková Lhota;Písková Lhota;katastr
Kbel u Přeštic;Kbel u Přeštic;katastr
Vojnice;Vojnice;katastr
Bohdašín v Orlických horách;Bohdašín v Orlických horách;katastr
Pivonice u Pohorské Vsi;Pivonice u Pohorské Vsi;katastr
Kubova Huť;Kubova Huť;katastr
Žamberk;Žamberk;katastr
Kunčí;Kunčí;katastr
Kozárovice;Kozárovice;katastr
Králíky u Nového Bydžova;Králíky u Nového Bydžova;katastr
Kunvald;Kunvald;katastr
Sedlečko u Jiřetic;Sedlečko u Jiřetic;katastr
Nespeky;Nespeky;katastr
Kotlasy;Kotlasy;katastr
Hranice u Aše;Hranice u Aše;katastr
Úsilov;Úsilov;katastr
Jankovice;Jankovice;katastr
Tážaly;Tážaly;katastr
Radoškov;Radoškov;katastr
Chlístov u Lažišť;Chlístov u Lažišť;katastr
Mačice;Mačice;katastr
Starý Rokytník;Starý Rokytník;katastr
Stvolínky;Stvolínky;katastr
Dešenice;Dešenice;katastr
Vesce u Počátek;Vesce u Počátek;katastr
Lupěné;Lupěné;katastr
Kačlehy;Kačlehy;katastr
Čelivo;Čelivo;katastr
Maršov nad Metují;Maršov nad Metují;katastr
Ústí u Humpolce;Ústí u Humpolce;katastr
Přestavlky u Chrudimi;Přestavlky u Chrudimi;katastr
Velký Ratmírov;Velký Ratmírov;katastr
Třebelovice;Třebelovice;katastr
Hoštejn;Hoštejn;katastr
Hoslovice;Hoslovice;katastr
Služetín u Poutnova;Služetín u Poutnova;katastr
Kožlany;Kožlany;katastr
Dolní Studénky;Dolní Studénky;katastr
Malnice;Malnice;katastr
Velký Týnec;Velký Týnec;katastr
Nová Ves u Klikova;Nová Ves u Klikova;katastr
Pátek u Loun;Pátek u Loun;katastr
Vranovice;Vranovice;katastr
Milčice;Milčice;katastr
Chuchelná;Chuchelná;katastr
Masty;Masty;katastr
Selibov;Selibov;katastr
Čáslav;Čáslav;katastr
Veselá u Sedletína;Veselá u Sedletína;katastr
Litomyšl;Litomyšl;katastr
Jiřetice u Čepřovic;Jiřetice u Čepřovic;katastr
Loučany;Loučany;katastr
Říčky v Orlických horách;Říčky v Orlických horách;katastr
Bílá Hlína;Bílá Hlína;katastr
Skochovice;Skochovice;katastr
Olešná na Moravě;Olešná na Moravě;katastr
Strážná;Strážná;katastr
Mokrosuky;Mokrosuky;katastr
Ochoz u Nasavrk;Ochoz u Nasavrk;katastr
Zimoř;Zimoř;katastr
Svojšín;Svojšín;katastr
Brtníky;Brtníky;katastr
Hřivínův Újezd;Hřivínův Újezd;katastr
Radonice u Hradiště;Radonice u Hradiště;katastr
Chabičovice;Chabičovice;katastr
Košín;Košín;katastr
Pavlovice;Pavlovice;katastr
Kněžičky;Kněžičky;katastr
Občov;Občov;katastr
Nové Dvory u Kamenné;Nové Dvory u Kamenné;katastr
Trnobrany;Trnobrany;katastr
Starkoč u Bílého Podolí;Starkoč u Bílého Podolí;katastr
Kosičky;Kosičky;katastr
Dobré Pole u Vitic;Dobré Pole u Vitic;katastr
Branišov;Branišov;katastr
Rájec u Černavy;Rájec u Černavy;katastr
Strašín u Sušice;Strašín u Sušice;katastr
Bobrůvka;Bobrůvka;katastr
Závišín;Závišín;katastr
Černýš;Černýš;katastr
Štěpkov;Štěpkov;katastr
Vitčice na Moravě;Vitčice na Moravě;katastr
Ovesná;Ovesná;katastr
Blučina;Blučina;katastr
Panská Habrová;Panská Habrová;katastr
Spůle u Čkyně;Spůle u Čkyně;katastr
Doubek;Doubek;katastr
Prostřední Poříčí;Prostřední Poříčí;katastr
Habřina u Úštěku;Habřina u Úštěku;katastr
Tisová u Kraslic;Tisová u Kraslic;katastr
Vítov;Vítov;katastr
Hodonice;Hodonice;katastr
Topol;Topol;katastr
Černíkov;Černíkov;katastr
Prostý;Prostý;katastr
Obora u Kaznějova;Obora u Kaznějova;katastr
Habří u Lipí;Habří u Lipí;katastr
Borovsko;Borovsko;katastr
Nový Bohumín;Nový Bohumín;katastr
Březno u Mladé Boleslavi;Březno u Mladé Boleslavi;katastr
Radotice;Radotice;katastr
Dolní Sukolom;Dolní Sukolom;katastr
Arnoltice u Huzové;Arnoltice u Huzové;katastr
Kutná Hora;Kutná Hora;katastr
Lačnov u Lysic;Lačnov u Lysic;katastr
Přečkovice;Přečkovice;katastr
Otročín;Otročín;katastr
Vitice u Vodňan;Vitice u Vodňan;katastr
Okrouhlá u Boskovic;Okrouhlá u Boskovic;katastr
Popkovice;Popkovice;katastr
Nový Knín;Nový Knín;katastr
Hroznatín;Hroznatín;katastr
Turnov;Turnov;katastr
Železný Brod;Železný Brod;katastr
Malý Rohozec;Malý Rohozec;katastr
Postupice;Postupice;katastr
Bělov;Bělov;katastr
Velký Radkov II;Velký Radkov II;katastr
Dražkov nad Labem;Dražkov nad Labem;katastr
Staré Hamry 1;Staré Hamry 1;katastr
Chroustovice;Chroustovice;katastr
Doupov u Hradiště;Doupov u Hradiště;katastr
Žermanice;Žermanice;katastr
Heroltice u Štítů;Heroltice u Štítů;katastr
Ptačí;Ptačí;katastr
Pustějov;Pustějov;katastr
Pravlov;Pravlov;katastr
Hájek u Bavorova;Hájek u Bavorova;katastr
Rudolfov u Českých Budějovic;Rudolfov u Českých Budějovic;katastr
Rusek;Rusek;katastr
Rybná nad Zdobnicí;Rybná nad Zdobnicí;katastr
Nedvědice u Soběslavi;Nedvědice u Soběslavi;katastr
Bernartice u Boříkov;Bernartice u Boříkov;katastr
Svatá Kateřina;Svatá Kateřina;katastr
Kočí;Kočí;katastr
Svinná na Šumavě;Svinná na Šumavě;katastr
Kamenná u Jihlavy;Kamenná u Jihlavy;katastr
Svobodné Heřmanice;Svobodné Heřmanice;katastr
Strašnov;Strašnov;katastr
Horní Podluží;Horní Podluží;katastr
Lysolaje;Lysolaje;katastr
Ondratice;Ondratice;katastr
Dolany u Olomouce;Dolany u Olomouce;katastr
Prohoř;Prohoř;katastr
Krašlovice;Krašlovice;katastr
Mnichov u Lučního Chvojna;Mnichov u Lučního Chvojna;katastr
Kvasejovice u Soběslavi;Kvasejovice u Soběslavi;katastr
Kocelovice;Kocelovice;katastr
Leština u Ledče nad Sázavou;Leština u Ledče nad Sázavou;katastr
Krasová;Krasová;katastr
Kotvina;Kotvina;katastr
Ratibořice na Moravě;Ratibořice na Moravě;katastr
Hadravova Rosička;Hadravova Rosička;katastr
Košátky;Košátky;katastr
Kamenička;Kamenička;katastr
Levín u Litoměřic;Levín u Litoměřic;katastr
Čakov;Čakov;katastr
Valteřice u Žandova;Valteřice u Žandova;katastr
Halenkovice;Halenkovice;katastr
Čenkov;Čenkov;katastr
Žíteč;Žíteč;katastr
Vojkovice;Vojkovice;katastr
Vyšehořovice;Vyšehořovice;katastr
Miřetice u Klášterce nad Ohří;Miřetice u Klášterce nad Ohří;katastr
Milčice u Čekanic;Milčice u Čekanic;katastr
Střítež nad Bečvou;Střítež nad Bečvou;katastr
Raškovice;Raškovice;katastr
Krupá u Křesetic;Krupá u Křesetic;katastr
Brňov;Brňov;katastr
Pašovice na Moravě;Pašovice na Moravě;katastr
Zálužice II;Zálužice II;katastr
Staré Hradiště;Staré Hradiště;katastr
Spojil;Spojil;katastr
Chrášťany u Rakovníka;Chrášťany u Rakovníka;katastr
Jenštejn;Jenštejn;katastr
Jilem u Sedletína;Jilem u Sedletína;katastr
Dlouhá Loučka;Dlouhá Loučka;katastr
Katovice;Katovice;katastr
Brťov u Černé Hory;Brťov u Černé Hory;katastr
Hněvkovice u Ledče nad Sázavou;Hněvkovice u Ledče nad Sázavou;katastr
Kameničky;Kameničky;katastr
Dívčí Kopy;Dívčí Kopy;katastr
Sušice;Sušice;katastr
Žitětín;Žitětín;katastr
Sovínky;Sovínky;katastr
Kdanice;Kdanice;katastr
Kadolec;Kadolec;katastr
Uhříněves;Uhříněves;katastr
Dvorečná;Dvorečná;katastr
Lovčice u Klatov;Lovčice u Klatov;katastr
Pitkovice;Pitkovice;katastr
Prachovice u Dašic;Prachovice u Dašic;katastr
Hartmanice II;Hartmanice II;katastr
Honětice;Honětice;katastr
Leská;Leská;katastr
Ratiborova Lhota;Ratiborova Lhota;katastr
Budíkov;Budíkov;katastr
Olomučany;Olomučany;katastr
Semily;Semily;katastr
Onšov;Onšov;katastr
Jesínky;Jesínky;katastr
Suchá Rudná;Suchá Rudná;katastr
Homole;Homole;katastr
Zeměchy u Kralup nad Vltavou;Zeměchy u Kralup nad Vltavou;katastr
Pekla;Pekla;katastr
Bynov;Bynov;katastr
Ludvíkov u Velké Bíteše;Ludvíkov u Velké Bíteše;katastr
Prostřední Olešnice;Prostřední Olešnice;katastr
Lounín;Lounín;katastr
Počátky;Počátky;katastr
Hostouň u Horšovského Týna;Hostouň u Horšovského Týna;katastr
Libice;Libice;katastr
Proseč pod Křemešníkem;Proseč pod Křemešníkem;katastr
Dětřichovice;Dětřichovice;katastr
Vrbno;Vrbno;katastr
Uhřínov u Velkého Meziříčí;Uhřínov u Velkého Meziříčí;katastr
Trnová;Trnová;katastr
Štětí I;Štětí I;katastr
Horská Kvilda;Horská Kvilda;katastr
Nasavrky;Nasavrky;katastr
Licoměřice;Licoměřice;katastr
Řebří;Řebří;katastr
Hrobská Zahrádka;Hrobská Zahrádka;katastr
Třešť;Třešť;katastr
Vysočany u Chomutova;Vysočany u Chomutova;katastr
Řikovice u Litomyšle;Řikovice u Litomyšle;katastr
Prštné;Prštné;katastr
Mišovice;Mišovice;katastr
Loučovice;Loučovice;katastr
Fojtova Kraš;Fojtova Kraš;katastr
Koňákov;Koňákov;katastr
Tovačov;Tovačov;katastr
Radošov u Hradiště;Radošov u Hradiště;katastr
Nové Syrovice;Nové Syrovice;katastr
Hynčice nad Moravou;Hynčice nad Moravou;katastr
Sousedovice;Sousedovice;katastr
Příbor;Příbor;katastr
Jelení u Bruntálu;Jelení u Bruntálu;katastr
Týnec u Chotěšova;Týnec u Chotěšova;katastr
Proseč u Kamene;Proseč u Kamene;katastr
Vlčí Habřina;Vlčí Habřina;katastr
Rybníky;Rybníky;katastr
Hodějice;Hodějice;katastr
Letovy;Letovy;katastr
Třebčín;Třebčín;katastr
Horní Kramolín;Horní Kramolín;katastr
Dambořice;Dambořice;katastr
Pičín;Pičín;katastr
Mokrý Lom;Mokrý Lom;katastr
Rozběřice;Rozběřice;katastr
Olšany nad Moravou;Olšany nad Moravou;katastr
Klobuky;Klobuky;katastr
Oslov;Oslov;katastr
Újezd u Rosic;Újezd u Rosic;katastr
Prasetín;Prasetín;katastr
Chyše;Chyše;katastr
Bílenice;Bílenice;katastr
Štěnovický Borek;Štěnovický Borek;katastr
Munice;Munice;katastr
Horní Kounice;Horní Kounice;katastr
Lezník;Lezník;katastr
Chlovy;Chlovy;katastr
Lísky u Holušic;Lísky u Holušic;katastr
Zakšín;Zakšín;katastr
Božejov;Božejov;katastr
Kosice;Kosice;katastr
Penčice;Penčice;katastr
Těchoraz;Těchoraz;katastr
Držovice na Moravě;Držovice na Moravě;katastr
Hůrka u Železné Rudy;Hůrka u Železné Rudy;katastr
Lišnice;Lišnice;katastr
Srdov;Srdov;katastr
Chlum u Jistebnice;Chlum u Jistebnice;katastr
Přebozy;Přebozy;katastr
Obora u Boskovic;Obora u Boskovic;katastr
Pořín;Pořín;katastr
Mračov;Mračov;katastr
Kozlov u Ledče nad Sázavou;Kozlov u Ledče nad Sázavou;katastr
Květná;Květná;katastr
Artolec;Artolec;katastr
Zbilidy;Zbilidy;katastr
Kaliště u Horních Dubenek;Kaliště u Horních Dubenek;katastr
Velký Hubenov;Velký Hubenov;katastr
Datelov;Datelov;katastr
Prosíčka u Seče;Prosíčka u Seče;katastr
Křečov;Křečov;katastr
Pohraniční;Pohraniční;katastr
Velichov u Žatce;Velichov u Žatce;katastr
Kudlov;Kudlov;katastr
Přistoupim;Přistoupim;katastr
Blažim nad Vltavou;Blažim nad Vltavou;katastr
Újezd u Domažlic;Újezd u Domažlic;katastr
Těšetice u Bochova;Těšetice u Bochova;katastr
Březinka pod Bezdězem;Březinka pod Bezdězem;katastr
Lazce u Troubelic;Lazce u Troubelic;katastr
Dobrošovice;Dobrošovice;katastr
Tršice;Tršice;katastr
Bedřichov u Jablonce nad Nisou;Bedřichov u Jablonce nad Nisou;katastr
Hajany u Blatné;Hajany u Blatné;katastr
Dudov;Dudov;katastr
Němčičky;Němčičky;katastr
Roudné;Roudné;katastr
Rodov;Rodov;katastr
Lechovice u Pavlova;Lechovice u Pavlova;katastr
Otovice u Karlových Var;Otovice u Karlových Var;katastr
Dražíč;Dražíč;katastr
Ždírec u Pohledu;Ždírec u Pohledu;katastr
Veská;Veská;katastr
České Budějovice 5;České Budějovice 5;katastr
Čichořice;Čichořice;katastr
Nové Losiny;Nové Losiny;katastr
Pátek u Poděbrad;Pátek u Poděbrad;katastr
Radomyšl;Radomyšl;katastr
Vyskytná nad Jihlavou;Vyskytná nad Jihlavou;katastr
Plevnice;Plevnice;katastr
Ostrov u Lanškrouna;Ostrov u Lanškrouna;katastr
Mošnice;Mošnice;katastr
Tříč;Tříč;katastr
Děpoltice;Děpoltice;katastr
Radošov;Radošov;katastr
Jičíněves;Jičíněves;katastr
Vráto;Vráto;katastr
Jílovice u Českého Meziříčí;Jílovice u Českého Meziříčí;katastr
České Křídlovice;České Křídlovice;katastr
Tlumačov u Domažlic;Tlumačov u Domažlic;katastr
Lochovice;Lochovice;katastr
Podbřežice;Podbřežice;katastr
Lenora;Lenora;katastr
Otvice;Otvice;katastr
Horní Němčice u Čachrova;Horní Němčice u Čachrova;katastr
Krnčice;Krnčice;katastr
Doubí nad Lužnicí;Doubí nad Lužnicí;katastr
Ječmeniště;Ječmeniště;katastr
Bořetice;Bořetice;katastr
Kundratice II;Kundratice II;katastr
Mořičov;Mořičov;katastr
Prasklice;Prasklice;katastr
Heřmaneč u Počátek;Heřmaneč u Počátek;katastr
Meclov;Meclov;katastr
Radostov;Radostov;katastr
Budislav u Litomyšle;Budislav u Litomyšle;katastr
Nová Víska u Dolní Poustevny;Nová Víska u Dolní Poustevny;katastr
Topolany u Olomouce;Topolany u Olomouce;katastr
Vrchoviny;Vrchoviny;katastr
Velké Petrovice;Velké Petrovice;katastr
Volovka;Volovka;katastr
Trubějov;Trubějov;katastr
Kramolna;Kramolna;katastr
Skály u Teplic nad Metují;Skály u Teplic nad Metují;katastr
Lachov;Lachov;katastr
Dědov;Dědov;katastr
Bohdašín;Bohdašín;katastr
Šonov u Broumova;Šonov u Broumova;katastr
Suchý Důl;Suchý Důl;katastr
Slavný;Slavný;katastr
Řešetova Lhota;Řešetova Lhota;katastr
Horní Dřevíč;Horní Dřevíč;katastr
Slavoňov;Slavoňov;katastr
Slavíkov u Náchoda;Slavíkov u Náchoda;katastr
Semonice;Semonice;katastr
Verdek;Verdek;katastr
Rychnovek;Rychnovek;katastr
Dolní Město;Dolní Město;katastr
Horní Dlužiny;Horní Dlužiny;katastr
Zvole;Zvole;katastr
Tunochody;Tunochody;katastr
Hlohov;Hlohov;katastr
Číhošť;Číhošť;katastr
Nový Přerov;Nový Přerov;katastr
Cibotín;Cibotín;katastr
Břevnice;Břevnice;katastr
Bojiště;Bojiště;katastr
Kladruby u Libice;Kladruby u Libice;katastr
Lubno u Bačkova;Lubno u Bačkova;katastr
Železné Horky;Železné Horky;katastr
Příluka;Příluka;katastr
Mladočov;Mladočov;katastr
Banín;Banín;katastr
Zálesí u Jevíčka;Zálesí u Jevíčka;katastr
Bezděčí u Trnávky;Bezděčí u Trnávky;katastr
Malonín;Malonín;katastr
Bělá u Jevíčka;Bělá u Jevíčka;katastr
Březinky;Březinky;katastr
Svojanov u Borušova;Svojanov u Borušova;katastr
Odolov;Odolov;katastr
Borušov;Borušov;katastr
Koruna;Koruna;katastr
Korouhev;Korouhev;katastr
Chválkov;Chválkov;katastr
Ostrý Kámen;Ostrý Kámen;katastr
Moravská Kamenná Horka;Moravská Kamenná Horka;katastr
Ždírec nad Doubravou;Ždírec nad Doubravou;katastr
Popovice u Jičína;Popovice u Jičína;katastr
Zámostí;Zámostí;katastr
Ohařice;Ohařice;katastr
Roveň u Sobotky;Roveň u Sobotky;katastr
Roškopov;Roškopov;katastr
Dolní Rokytňany;Dolní Rokytňany;katastr
Dílce;Dílce;katastr
Robousy;Robousy;katastr
Studeňany;Studeňany;katastr
Dřevěnice;Dřevěnice;katastr
Podkost;Podkost;katastr
Podhradí u Jičína;Podhradí u Jičína;katastr
Vojice;Vojice;katastr
Plhov;Plhov;katastr
Pecka;Pecka;katastr
Ostroměř;Ostroměř;katastr
Osek u Sobotky;Osek u Sobotky;katastr
Volanice;Volanice;katastr
Vidochov;Vidochov;katastr
Jeřišno;Jeřišno;katastr
Bělá u Jedlé;Bělá u Jedlé;katastr
Hrušky;Hrušky;katastr
Bílek;Bílek;katastr
Bukvice;Bukvice;katastr
Chloumek;Chloumek;katastr
Hrádek nad Želivkou;Hrádek nad Želivkou;katastr
Slavíkov u Chotěboře;Slavíkov u Chotěboře;katastr
Pustá Proseč;Pustá Proseč;katastr
Rovný;Rovný;katastr
Stupárovice;Stupárovice;katastr
Sirákovice;Sirákovice;katastr
Skála u Havlíčkova Brodu;Skála u Havlíčkova Brodu;katastr
Sedletín;Sedletín;katastr
Kunemil;Kunemil;katastr
Vratkov;Vratkov;katastr
Strahovice;Strahovice;katastr
Rejčkov;Rejčkov;katastr
Hřiště;Hřiště;katastr
Hudeč;Hudeč;katastr
Chotěměřice;Chotěměřice;katastr
Budeč nad Želivkou;Budeč nad Želivkou;katastr
Koječín;Koječín;katastr
Horní Studenec;Horní Studenec;katastr
Valdice;Valdice;katastr
Houdkovice;Houdkovice;katastr
Synkov;Synkov;katastr
Solnice;Solnice;katastr
Ještětice;Ještětice;katastr
Zahájí u Hněvkovic;Zahájí u Hněvkovic;katastr
Skršice;Skršice;katastr
Sedloňov;Sedloňov;katastr
Raná u Hlinska;Raná u Hlinska;katastr
Radčice u Skutče;Radčice u Skutče;katastr
Rabštejnská Lhota;Rabštejnská Lhota;katastr
Proseč u Skutče;Proseč u Skutče;katastr
Zderaz;Zderaz;katastr
Vlčnov u Chrudimi;Vlčnov u Chrudimi;katastr
Načešice;Načešice;katastr
Nabočany;Nabočany;katastr
Zbyhněvice;Zbyhněvice;katastr
Otradov;Otradov;katastr
Morašice u Chrudimi;Morašice u Chrudimi;katastr
Deblov;Deblov;katastr
Miřetín;Miřetín;katastr
Miřetice u Nasavrk;Miřetice u Nasavrk;katastr
Pokřikov;Pokřikov;katastr
Rušinov;Rušinov;katastr
Podlíšťany;Podlíšťany;katastr
Nová Dědina u Konice;Nová Dědina u Konice;katastr
Luže;Luže;katastr
Rudov;Rudov;katastr
Rybniště;Rybniště;katastr
Dolní Křečany;Dolní Křečany;katastr
Rumburk;Rumburk;katastr
Severní;Severní;katastr
Vlčí Hora;Vlčí Hora;katastr
Velký Šenov;Velký Šenov;katastr
Mikulášov;Mikulášov;katastr
Dolní Chřibská;Dolní Chřibská;katastr
Doubice;Doubice;katastr
Panský;Panský;katastr
Chřibská;Chřibská;katastr
Horní Poustevna;Horní Poustevna;katastr
Kopec;Kopec;katastr
Rozvadovice;Rozvadovice;katastr
Liščí;Liščí;katastr
Krásný Buk;Krásný Buk;katastr
Království;Království;katastr
Jiříkov;Jiříkov;katastr
Rozhled;Rozhled;katastr
Jedlová;Jedlová;katastr
Žďár u Velkého Chvojna;Žďár u Velkého Chvojna;katastr
Velké Březno;Velké Březno;katastr
Stará Voda;Stará Voda;katastr
Vaňov;Vaňov;katastr
Týniště u Zubrnic;Týniště u Zubrnic;katastr
Vyklice;Vyklice;katastr
Tuřany;Tuřany;katastr
Kníničky;Kníničky;katastr
Molenburk;Molenburk;katastr
Vilémovice u Macochy;Vilémovice u Macochy;katastr
Vavřinec na Moravě;Vavřinec na Moravě;katastr
Cítkov;Cítkov;katastr
Plačice;Plačice;katastr
Písek u Chlumce nad Cidlinou;Písek u Chlumce nad Cidlinou;katastr
Osičky;Osičky;katastr
Trávník u Osic;Trávník u Osic;katastr
Osice;Osice;katastr
Tetětice u Bezděkova;Tetětice u Bezděkova;katastr
Zábědov;Zábědov;katastr
Nový Bydžov;Nový Bydžov;katastr
Nerošov;Nerošov;katastr
Nepasice;Nepasice;katastr
Myštěves;Myštěves;katastr
Mlékosrby;Mlékosrby;katastr
Oldřichov u Duchcova;Oldřichov u Duchcova;katastr
Hudcov;Hudcov;katastr
Razice;Razice;katastr
Hrobčice;Hrobčice;katastr
Křižanov u Hrobu;Křižanov u Hrobu;katastr
Hrob;Hrob;katastr
Běhánky;Běhánky;katastr
Dubí u Teplic;Dubí u Teplic;katastr
Cínovec;Cínovec;katastr
Bžany;Bžany;katastr
Bystřany;Bystřany;katastr
Břešťany;Břešťany;katastr
Bořislav;Bořislav;katastr
Bílka;Bílka;katastr
Oldřiš u Moldavy;Oldřiš u Moldavy;katastr
Moldava;Moldava;katastr
Háj u Duchcova;Háj u Duchcova;katastr
Bílina;Bílina;katastr
Suché;Suché;katastr
Kvítkov u Modlan;Kvítkov u Modlan;katastr
Svahová I;Svahová I;katastr
Hrádek u Jehnědí;Hrádek u Jehnědí;katastr
Jakubovice;Jakubovice;katastr
Choceň;Choceň;katastr
Souš;Souš;katastr
Stránce;Stránce;katastr
Prostřední Libchavy;Prostřední Libchavy;katastr
Hnátnice;Hnátnice;katastr
Mokrovousy;Mokrovousy;katastr
Mžany;Mžany;katastr
Herbortice;Herbortice;katastr
Hemže;Hemže;katastr
Helvíkovice;Helvíkovice;katastr
Jehnědí;Jehnědí;katastr
Dvořisko;Dvořisko;katastr
Velká Morava;Velká Morava;katastr
Dolní Morava;Dolní Morava;katastr
Janovičky u Zámrsku;Janovičky u Zámrsku;katastr
Kolný;Kolný;katastr
Chvalešovice;Chvalešovice;katastr
Sadová u Sovětic;Sadová u Sovětic;katastr
Koloměřice;Koloměřice;katastr
Hůry;Hůry;katastr
Hrdějovice;Hrdějovice;katastr
Pašovice;Pašovice;katastr
Žimutice;Žimutice;katastr
Hartmanice u Žimutic;Hartmanice u Žimutic;katastr
Bečice;Bečice;katastr
Božejov u Nových Hradů;Božejov u Nových Hradů;katastr
Mrzlice;Mrzlice;katastr
Všestary u Říčan;Všestary u Říčan;katastr
Všechromy;Všechromy;katastr
Šebáňovice;Šebáňovice;katastr
Lhota pod Kosířem;Lhota pod Kosířem;katastr
Lužnice;Lužnice;katastr
Horní Lapač;Horní Lapač;katastr
Šenov u Ostravy;Šenov u Ostravy;katastr
Dolní Žďár u Ostrova;Dolní Žďár u Ostrova;katastr
Tři Dvory u Litovle;Tři Dvory u Litovle;katastr
Kaňk;Kaňk;katastr
Tylovice;Tylovice;katastr
Rožnov pod Radhoštěm;Rožnov pod Radhoštěm;katastr
Zadní Střítež;Zadní Střítež;katastr
Sezemín;Sezemín;katastr
Police u Valašského Meziříčí;Police u Valašského Meziříčí;katastr
Podolí u Valašského Meziříčí;Podolí u Valašského Meziříčí;katastr
Temný Důl;Temný Důl;katastr
Valašské Meziříčí-město;Valašské Meziříčí-město;katastr
Perná u Valašského Meziříčí;Perná u Valašského Meziříčí;katastr
Karlov pod Pradědem;Karlov pod Pradědem;katastr
Němetice;Němetice;katastr
Nové Benátky;Nové Benátky;katastr
Velká Štáhle;Velká Štáhle;katastr
Havraníky;Havraníky;katastr
Kunice;Kunice;katastr
Žampach;Žampach;katastr
Mladeč;Mladeč;katastr
Větrušice u Klecan;Větrušice u Klecan;katastr
Mokřany u Velkých Popovic;Mokřany u Velkých Popovic;katastr
Markvartice u Sobotky;Markvartice u Sobotky;katastr
Veliká Ves u Prahy;Veliká Ves u Prahy;katastr
Vlkovice;Vlkovice;katastr
Stará Ves nad Ondřejnicí;Stará Ves nad Ondřejnicí;katastr
Bukovany u Olomouce;Bukovany u Olomouce;katastr
Němčice u Dolních Kralovic;Němčice u Dolních Kralovic;katastr
Václavovice u Frýdku-Místku;Václavovice u Frýdku-Místku;katastr
Haklovy Dvory;Haklovy Dvory;katastr
Úvaly u Prahy;Úvaly u Prahy;katastr
Šestajovice u Prahy;Šestajovice u Prahy;katastr
Krásná Lípa u Šindelové;Krásná Lípa u Šindelové;katastr
Otice u Svojšovic;Otice u Svojšovic;katastr
Zásada;Zásada;katastr
Břevenec;Břevenec;katastr
Doly u Bouzova;Doly u Bouzova;katastr
Jarpice;Jarpice;katastr
Bouzov;Bouzov;katastr
Stará Ves u Přerova;Stará Ves u Přerova;katastr
Horní Dlouhá Loučka;Horní Dlouhá Loučka;katastr
Bezděkov nad Třebůvkou;Bezděkov nad Třebůvkou;katastr
Strachaly;Strachaly;katastr
Těšíkov;Těšíkov;katastr
Lipina u Šternberka;Lipina u Šternberka;katastr
Alojzov u Prostějova;Alojzov u Prostějova;katastr
Újezd u Uničova;Újezd u Uničova;katastr
Čeraz;Čeraz;katastr
Světice u Říčan;Světice u Říčan;katastr
Struhařov u Mnichovic;Struhařov u Mnichovic;katastr
Loukovice;Loukovice;katastr
Třebohostice u Škvorce;Třebohostice u Škvorce;katastr
Kundratice I;Kundratice I;katastr
Strašín u Říčan;Strašín u Říčan;katastr
Senohraby;Senohraby;katastr
Zálší u Chocně;Zálší u Chocně;katastr
Hoštice u Vodochod;Hoštice u Vodochod;katastr
Bílá Voda u Javorníka;Bílá Voda u Javorníka;katastr
Lhota u Šternberka;Lhota u Šternberka;katastr
Bezděčín u Obrataně;Bezděčín u Obrataně;katastr
Štěpánov u Olomouce;Štěpánov u Olomouce;katastr
Hvozdec u Lišova;Hvozdec u Lišova;katastr
Říčany-Radošovice;Říčany-Radošovice;katastr
Říčany u Prahy;Říčany u Prahy;katastr
Popovice u Králova Dvora;Popovice u Králova Dvora;katastr
Střemeníčko;Střemeníčko;katastr
Srní II;Srní II;katastr
Svařeň;Svařeň;katastr
Králíky;Králíky;katastr
Suchdol nad Lužnicí;Suchdol nad Lužnicí;katastr
Nepomuky;Nepomuky;katastr
Kozí Hory;Kozí Hory;katastr
Malá Lhota u Valašského Meziříčí;Malá Lhota u Valašského Meziříčí;katastr
Vránov;Vránov;katastr
Vysočany u Manětína;Vysočany u Manětína;katastr
Veselá u Valašského Meziříčí;Veselá u Valašského Meziříčí;katastr
Třebsín;Třebsín;katastr
Sluhy;Sluhy;katastr
Radějovice;Radějovice;katastr
Drahotěšice;Drahotěšice;katastr
Olešky;Olešky;katastr
Mladíkov;Mladíkov;katastr
Předboř u Prahy;Předboř u Prahy;katastr
Polerady u Prahy;Polerady u Prahy;katastr
Lužnice u Pohorské Vsi;Lužnice u Pohorské Vsi;katastr
Jedlina;Jedlina;katastr
Zvánovice;Zvánovice;katastr
Svésedlice;Svésedlice;katastr
Žlábek;Žlábek;katastr
Čenkovice;Čenkovice;katastr
Kocléřov;Kocléřov;katastr
Komušín;Komušín;katastr
Maršov II;Maršov II;katastr
Dolní Radslavice;Dolní Radslavice;katastr
Lhotka nad Bečvou;Lhotka nad Bečvou;katastr
Loučka u Valašského Meziříčí;Loučka u Valašského Meziříčí;katastr
Lipník u Hrotovic;Lipník u Hrotovic;katastr
Chvaleč;Chvaleč;katastr
Rostěnice;Rostěnice;katastr
Zlonín;Zlonín;katastr
Zeleneč;Zeleneč;katastr
Sázavka;Sázavka;katastr
Mstětice;Mstětice;katastr
Šumbark;Šumbark;katastr
Prostřední Lipka;Prostřední Lipka;katastr
Hostinné;Hostinné;katastr
Zdislava;Zdislava;katastr
Borovnička;Borovnička;katastr
Rychnov;Rychnov;katastr
Kuks;Kuks;katastr
Babí;Babí;katastr
Králův Dvůr;Králův Dvůr;katastr
Lvová;Lvová;katastr
Hradiště u Boříkov;Hradiště u Boříkov;katastr
Trhanov;Trhanov;katastr
Strýčkovice;Strýčkovice;katastr
Nová Telib;Nová Telib;katastr
Skoky u Staměřic;Skoky u Staměřic;katastr
Hněvšín;Hněvšín;katastr
Soběchleby;Soběchleby;katastr
Říkovice u Přerova;Říkovice u Přerova;katastr
Arnoldov;Arnoldov;katastr
Radvanice u Lipníka nad Bečvou;Radvanice u Lipníka nad Bečvou;katastr
Rtišovice;Rtišovice;katastr
Křtěnov;Křtěnov;katastr
Závraty;Závraty;katastr
Tučapy u Soběslavi;Tučapy u Soběslavi;katastr
Čilec;Čilec;katastr
Hvězda pod Vlhoštěm;Hvězda pod Vlhoštěm;katastr
Ostrov u Poděbrad;Ostrov u Poděbrad;katastr
Stratov;Stratov;katastr
Zadní Lomná;Zadní Lomná;katastr
Hlinice;Hlinice;katastr
Útěšov;Útěšov;katastr
Stráž u Domažlic;Stráž u Domažlic;katastr
Grunta;Grunta;katastr
Kunčina;Kunčina;katastr
Vepice;Vepice;katastr
Rosička u Deštné;Rosička u Deštné;katastr
Hanušovice;Hanušovice;katastr
Častonice;Častonice;katastr
Horní Nová Ves;Horní Nová Ves;katastr
Loučová;Loučová;katastr
Kosmáčov;Kosmáčov;katastr
Bartošovice;Bartošovice;katastr
Rovná;Rovná;katastr
Železná u Smolova;Železná u Smolova;katastr
Studnice u Náchoda;Studnice u Náchoda;katastr
Březová u Broumova;Březová u Broumova;katastr
Malá Strana v Orlických horách;Malá Strana v Orlických horách;katastr
Spolí u Ledenic;Spolí u Ledenic;katastr
Velhartice;Velhartice;katastr
Domanín u Třeboně;Domanín u Třeboně;katastr
Otruby;Otruby;katastr
Sviny u Křižanova;Sviny u Křižanova;katastr
Lukov;Lukov;katastr
Kozlany;Kozlany;katastr
Hnidousy;Hnidousy;katastr
Vrapice;Vrapice;katastr
Radkovice u Hrotovic;Radkovice u Hrotovic;katastr
Mužský;Mužský;katastr
Radíkovice;Radíkovice;katastr
Dolní Zimoř;Dolní Zimoř;katastr
Malá Rosička;Malá Rosička;katastr
Chlumec nad Cidlinou;Chlumec nad Cidlinou;katastr
Řešín;Řešín;katastr
Úherčice;Úherčice;katastr
Potín;Potín;katastr
Vinice v Podkrkonoší;Vinice v Podkrkonoší;katastr
Hrad Osek;Hrad Osek;katastr
Lavice;Lavice;katastr
Dehtáry;Dehtáry;katastr
Pejškov;Pejškov;katastr
Lhotice;Lhotice;katastr
Březina u Mnichova Hradiště;Březina u Mnichova Hradiště;katastr
Drchkov;Drchkov;katastr
Halámky;Halámky;katastr
Novina u Liberce;Novina u Liberce;katastr
Chrastava II;Chrastava II;katastr
Nová Ves u Kraslic;Nová Ves u Kraslic;katastr
Radotín u Lipníka nad Bečvou;Radotín u Lipníka nad Bečvou;katastr
Podbrdy;Podbrdy;katastr
Popůvky u Kojetína;Popůvky u Kojetína;katastr
Polkovice;Polkovice;katastr
Cunkov;Cunkov;katastr
Podhoří na Moravě;Podhoří na Moravě;katastr
Jelmo;Jelmo;katastr
Penčičky;Penčičky;katastr
Červený Hrádek u Plzně;Červený Hrádek u Plzně;katastr
Železná;Železná;katastr
Touškov;Touškov;katastr
Svučice;Svučice;katastr
Stružnice;Stružnice;katastr
Strachovice;Strachovice;katastr
Lodenice;Lodenice;katastr
Proskovice;Proskovice;katastr
Horní Lhota u Lásenice;Horní Lhota u Lásenice;katastr
Maršov III;Maršov III;katastr
Děbolín;Děbolín;katastr
Hrutkov;Hrutkov;katastr
Albrechtice v Jizerských horách;Albrechtice v Jizerských horách;katastr
Koberovice;Koberovice;katastr
Stvolny;Stvolny;katastr
Bělušice;Bělušice;katastr
Býkev;Býkev;katastr
Švastalova Lhota;Švastalova Lhota;katastr
Holubov;Holubov;katastr
Švábov;Švábov;katastr
Radostice u Vchynice;Radostice u Vchynice;katastr
Pulečný;Pulečný;katastr
Oldřichovice u Třince;Oldřichovice u Třince;katastr
Haratice;Haratice;katastr
Zlín;Zlín;katastr
Zahájí u Lesné;Zahájí u Lesné;katastr
Lomnička;Lomnička;katastr
Lesní Jakubov;Lesní Jakubov;katastr
Kalubice;Kalubice;katastr
Drysice;Drysice;katastr
Václavy;Václavy;katastr
Černíny;Černíny;katastr
Křtěnov u Olešnice;Křtěnov u Olešnice;katastr
Střížovice u Pěnčína;Střížovice u Pěnčína;katastr
Horní Lipová;Horní Lipová;katastr
Dírná;Dírná;katastr
Kladruby;Kladruby;katastr
Bořitov;Bořitov;katastr
Velké Přítočno;Velké Přítočno;katastr
Přehýšov;Přehýšov;katastr
Libědice;Libědice;katastr
Březina nad Sázavou;Březina nad Sázavou;katastr
Havlíčkův Brod;Havlíčkův Brod;katastr
Nepomuk pod Třemšínem;Nepomuk pod Třemšínem;katastr
Šebetov;Šebetov;katastr
Stochov;Stochov;katastr
Srbín;Srbín;katastr
Rozhovice;Rozhovice;katastr
Chýnov;Chýnov;katastr
Křeptov;Křeptov;katastr
Studený;Studený;katastr
Píšťany;Píšťany;katastr
Jivany;Jivany;katastr
Bor u Božejova;Bor u Božejova;katastr
Vlkýš;Vlkýš;katastr
Kloušov;Kloušov;katastr
Stvolínecké Petrovice;Stvolínecké Petrovice;katastr
Ledce;Ledce;katastr
Piletice;Piletice;katastr
Vidice;Vidice;katastr
Počátky u Volyně;Počátky u Volyně;katastr
Hrádek u Pardubic;Hrádek u Pardubic;katastr
Čekanice;Čekanice;katastr
Plzeň;Plzeň;katastr
Braník;Braník;katastr
Novosedly u Kájova;Novosedly u Kájova;katastr
Josefov;Josefov;katastr
Chamutice;Chamutice;katastr
Vitonice na Hané;Vitonice na Hané;katastr
Nakolice;Nakolice;katastr
Sovolusky u Bochova;Sovolusky u Bochova;katastr
Velké Číčovice;Velké Číčovice;katastr
Mlázovy;Mlázovy;katastr
Jakubín;Jakubín;katastr
Káciň;Káciň;katastr
Okounov;Okounov;katastr
Brozánky;Brozánky;katastr
Horní Chrášťany;Horní Chrášťany;katastr
Pořešín;Pořešín;katastr
Ličov-Desky;Ličov-Desky;katastr
Chrást u Křesetic;Chrást u Křesetic;katastr
Vlkov u Čakova;Vlkov u Čakova;katastr
Chlistov;Chlistov;katastr
Velká Skrovnice;Velká Skrovnice;katastr
Celné;Celné;katastr
Poustka u Františkových Lázní;Poustka u Františkových Lázní;katastr
Šeberov;Šeberov;katastr
Mysletín;Mysletín;katastr
Hašov;Hašov;katastr
Nové Mitrovice;Nové Mitrovice;katastr
Starý Rožmitál;Starý Rožmitál;katastr
Rakolusky;Rakolusky;katastr
Lovětín;Lovětín;katastr
Bykáň;Bykáň;katastr
Nová Ves II;Nová Ves II;katastr
Smiradice;Smiradice;katastr
Močovice;Močovice;katastr
Hvožďany;Hvožďany;katastr
Božejovice;Božejovice;katastr
Pikov;Pikov;katastr
Radějov u Manětína;Radějov u Manětína;katastr
Čankov;Čankov;katastr
Tlustice;Tlustice;katastr
Sojovice;Sojovice;katastr
Vlčí Pole;Vlčí Pole;katastr
Bynovec;Bynovec;katastr
Tvoršovice;Tvoršovice;katastr
Nynkov;Nynkov;katastr
Skorkov;Skorkov;katastr
Sezemice;Sezemice;katastr
Třebíšov;Třebíšov;katastr
Jírovice;Jírovice;katastr
Krňany;Krňany;katastr
Prunéřov;Prunéřov;katastr
Nedražice;Nedražice;katastr
Bezděkov u Prachomet;Bezděkov u Prachomet;katastr
Brambory;Brambory;katastr
Jinošice;Jinošice;katastr
Hostišov;Hostišov;katastr
Broučkova Lhota;Broučkova Lhota;katastr
Rovina;Rovina;katastr
Rejkovice;Rejkovice;katastr
Radětice;Radětice;katastr
Horní Němčice;Horní Němčice;katastr
Zdaboř;Zdaboř;katastr
Příbram;Příbram;katastr
Štítné;Štítné;katastr
Prosenická Lhota;Prosenická Lhota;katastr
Zvoleněves;Zvoleněves;katastr
Borkovice;Borkovice;katastr
Krchova Lomná;Krchova Lomná;katastr
Holyně;Holyně;katastr
Miletice u Nepoměřic;Miletice u Nepoměřic;katastr
Radobyčice;Radobyčice;katastr
Bendovo Záhoří;Bendovo Záhoří;katastr
Brtec;Brtec;katastr
Mýtina I;Mýtina I;katastr
Litohošť;Litohošť;katastr
Slupenec;Slupenec;katastr
Svépravice;Svépravice;katastr
Střítež u Černovic;Střítež u Černovic;katastr
Rymaně;Rymaně;katastr
Dvorce u Tučap;Dvorce u Tučap;katastr
Dolní Příbraní;Dolní Příbraní;katastr
Horní Lomany;Horní Lomany;katastr
Horní Žandov;Horní Žandov;katastr
Mlýnice;Mlýnice;katastr
Beranov;Beranov;katastr
Aš;Aš;katastr
Drmoul;Drmoul;katastr
Starec;Starec;katastr
Opalice;Opalice;katastr
Řetová;Řetová;katastr
Pelechy;Pelechy;katastr
Staňkov-město;Staňkov-město;katastr
Branky;Branky;katastr
Brodeslavy;Brodeslavy;katastr
Muzlov;Muzlov;katastr
Ohučov;Ohučov;katastr
Stanětice;Stanětice;katastr
Kryštofovo Údolí;Kryštofovo Údolí;katastr
Přítoky;Přítoky;katastr
Velký Grunov;Velký Grunov;katastr
Nový Dvůr u Opavy;Nový Dvůr u Opavy;katastr
Dolní Soběšovice;Dolní Soběšovice;katastr
Růžová;Růžová;katastr
Dolní Nětčice;Dolní Nětčice;katastr
Šepetely;Šepetely;katastr
Vítání;Vítání;katastr
Středokluky;Středokluky;katastr
Benkov u Střelic;Benkov u Střelic;katastr
Slapy nad Vltavou;Slapy nad Vltavou;katastr
Dobřív;Dobřív;katastr
Kopidlo;Kopidlo;katastr
Kaznějov;Kaznějov;katastr
Mladkov;Mladkov;katastr
Jarov;Jarov;katastr
Horní Albeřice;Horní Albeřice;katastr
Slatina u Chříče;Slatina u Chříče;katastr
Holovousy;Holovousy;katastr
Městys Rudoltice;Městys Rudoltice;katastr
Hlince;Hlince;katastr
Velenice u Zákup;Velenice u Zákup;katastr
Horní Dvory;Horní Dvory;katastr
Zahořany u Domažlic;Zahořany u Domažlic;katastr
Panenské Břežany;Panenské Břežany;katastr
Všepadly;Všepadly;katastr
Tuhanec;Tuhanec;katastr
Bechyně;Bechyně;katastr
Lom;Lom;katastr
Pacov u Říčan;Pacov u Říčan;katastr
Hnojná Lhotka;Hnojná Lhotka;katastr
Lesná;Lesná;katastr
Smolín;Smolín;katastr
Oplotec;Oplotec;katastr
Janská;Janská;katastr
Velký Malahov;Velký Malahov;katastr
Jenišovice u Chrudimi;Jenišovice u Chrudimi;katastr
Radenín;Radenín;katastr
Skůry;Skůry;katastr
Rudolfov;Rudolfov;katastr
Chedrbí;Chedrbí;katastr
Černíky;Černíky;katastr
Hrádek nad Nisou;Hrádek nad Nisou;katastr
Chvalčovice;Chvalčovice;katastr
Střížkov u Bořeňovic;Střížkov u Bořeňovic;katastr
Starý Pelhřimov;Starý Pelhřimov;katastr
Onšovice u Čkyně;Onšovice u Čkyně;katastr
Jivjany;Jivjany;katastr
Rohatsko;Rohatsko;katastr
Kosov u Opalic;Kosov u Opalic;katastr
Olešník;Olešník;katastr
Horní Meziříčko;Horní Meziříčko;katastr
Bohnice;Bohnice;katastr
Speřice;Speřice;katastr
Ledenice;Ledenice;katastr
Krasejovka;Krasejovka;katastr
Úšava;Úšava;katastr
Ptýrov;Ptýrov;katastr
Žleby;Žleby;katastr
Davle;Davle;katastr
Černošice;Černošice;katastr
Sedlíkovice u Dolního Bukovska;Sedlíkovice u Dolního Bukovska;katastr
Únějovice;Únějovice;katastr
Cerhovice;Cerhovice;katastr
Hrušov nad Jizerou;Hrušov nad Jizerou;katastr
Horní Bukovina;Horní Bukovina;katastr
Novosedly u Žlutic;Novosedly u Žlutic;katastr
Radoňovice;Radoňovice;katastr
Kosmonosy;Kosmonosy;katastr
Žehušice;Žehušice;katastr
Pořejov;Pořejov;katastr
Manětín;Manětín;katastr
Čečkov;Čečkov;katastr
Mnich;Mnich;katastr
Bubovice;Bubovice;katastr
Alexovice;Alexovice;katastr
Mýtinka u Poustky;Mýtinka u Poustky;katastr
Běštín;Běštín;katastr
Šimpach;Šimpach;katastr
Zdejcina;Zdejcina;katastr
Bavoryně;Bavoryně;katastr
Žďár u Hradiště;Žďár u Hradiště;katastr
Chřepice;Chřepice;katastr
Krámy;Krámy;katastr
Brzotice;Brzotice;katastr
Broumovice;Broumovice;katastr
Líny;Líny;katastr
Jezero;Jezero;katastr
Čečín;Čečín;katastr
Osek u Hořovic;Osek u Hořovic;katastr
Nenačovice;Nenačovice;katastr
Obrubce;Obrubce;katastr
Mořina;Mořina;katastr
Hovorčovice;Hovorčovice;katastr
Borovnice;Borovnice;katastr
Hetlín;Hetlín;katastr
Komárov u Hořovic;Komárov u Hořovic;katastr
Vítonice u Blažejovic;Vítonice u Blažejovic;katastr
Nezvěstice;Nezvěstice;katastr
Lšelín;Lšelín;katastr
Krbice;Krbice;katastr
Dolní Dobrá Voda;Dolní Dobrá Voda;katastr
Hošťka;Hošťka;katastr
Strahov;Strahov;katastr
Lažany u Černošína;Lažany u Černošína;katastr
Býkovec;Býkovec;katastr
Velký Rapotín;Velký Rapotín;katastr
Těchanov;Těchanov;katastr
Příčovy;Příčovy;katastr
Pouště;Pouště;katastr
Kojetín u Havlíčkova Brodu;Kojetín u Havlíčkova Brodu;katastr
Konstantinovy Lázně;Konstantinovy Lázně;katastr
Hřivčice;Hřivčice;katastr
Blažejovice;Blažejovice;katastr
Arnoštovice;Arnoštovice;katastr
Prostřední Staré Buky;Prostřední Staré Buky;katastr
Chmelná u Vlašimi;Chmelná u Vlašimi;katastr
Radslavičky;Radslavičky;katastr
Frydava;Frydava;katastr
Skřipová;Skřipová;katastr
Holasice u Veverské Bítýšky;Holasice u Veverské Bítýšky;katastr
Veselov;Veselov;katastr
Čeliv;Čeliv;katastr
Břetislav;Břetislav;katastr
Vrchní Orlice;Vrchní Orlice;katastr
Vrbice u Stříbra;Vrbice u Stříbra;katastr
Roželov;Roželov;katastr
Neblažov;Neblažov;katastr
Horní Jadruž;Horní Jadruž;katastr
Konská;Konská;katastr
Málkov u Suchomast;Málkov u Suchomast;katastr
Lešovice;Lešovice;katastr
Měňany;Měňany;katastr
Kotenčice;Kotenčice;katastr
Trusovice;Trusovice;katastr
Lazsko;Lazsko;katastr
Moravská Třebová;Moravská Třebová;katastr
Podlesí nad Litavkou;Podlesí nad Litavkou;katastr
Počepice;Počepice;katastr
Dasnice;Dasnice;katastr
Semčice;Semčice;katastr
Pardubice;Pardubice;katastr
Velká Lesná;Velká Lesná;katastr
Vestec u Mezna;Vestec u Mezna;katastr
Močidlec;Močidlec;katastr
Kamberk;Kamberk;katastr
Horní Hrachovice;Horní Hrachovice;katastr
Pístov;Pístov;katastr
Zderadice;Zderadice;katastr
Stražiště;Stražiště;katastr
Rašovice u Klášterce nad Ohří;Rašovice u Klášterce nad Ohří;katastr
Šlapanice v Čechách;Šlapanice v Čechách;katastr
Skyšice;Skyšice;katastr
Řepov;Řepov;katastr
Zdebuzeves;Zdebuzeves;katastr
Holubín;Holubín;katastr
Radošovice u Českých Budějovic;Radošovice u Českých Budějovic;katastr
Ctiboř u Tachova;Ctiboř u Tachova;katastr
Vížka;Vížka;katastr
Nahošín;Nahošín;katastr
Čichtice;Čichtice;katastr
Skočice;Skočice;katastr
Černolice;Černolice;katastr
Nepřejov;Nepřejov;katastr
Číčenice;Číčenice;katastr
Čestice;Čestice;katastr
Nové Sedlo nad Bílinou;Nové Sedlo nad Bílinou;katastr
Buš;Buš;katastr
Hlavenec;Hlavenec;katastr
Řitka;Řitka;katastr
Kněžívka;Kněžívka;katastr
Lhotka u Berouna;Lhotka u Berouna;katastr
Tachlovice;Tachlovice;katastr
Zborov;Zborov;katastr
Masečín;Masečín;katastr
Luka pod Medníkem;Luka pod Medníkem;katastr
Malčice u Všelibic;Malčice u Všelibic;katastr
Dražeň;Dražeň;katastr
Rokliny;Rokliny;katastr
Lichoceves;Lichoceves;katastr
Libeř;Libeř;katastr
Souboř;Souboř;katastr
Chřebřany;Chřebřany;katastr
Sobůlky;Sobůlky;katastr
Sedlec;Sedlec;katastr
Suchdol;Suchdol;katastr
Adamov;Adamov;katastr
Ruzyně;Ruzyně;katastr
Samotín;Samotín;katastr
Horní Hradiště;Horní Hradiště;katastr
Hedčany;Hedčany;katastr
Pardubičky;Pardubičky;katastr
Černíkovice u Dřevce;Černíkovice u Dřevce;katastr
Tample;Tample;katastr
Svrkyně;Svrkyně;katastr
Hlaváčova Lhota;Hlaváčova Lhota;katastr
Velké Losiny;Velké Losiny;katastr
Liptice;Liptice;katastr
Hořehledy;Hořehledy;katastr
Hořelice;Hořelice;katastr
Zvole u Prahy;Zvole u Prahy;katastr
Suchdol u Konice;Suchdol u Konice;katastr
Želechovice u Uničova;Želechovice u Uničova;katastr
Žďárský Potok;Žďárský Potok;katastr
Březová u Zvole;Březová u Zvole;katastr
Úhonice;Úhonice;katastr
Krnov-Horní Předměstí;Krnov-Horní Předměstí;katastr
Velká Skalice;Velká Skalice;katastr
Dřevce;Dřevce;katastr
Břevnov;Břevnov;katastr
Dejvice;Dejvice;katastr
Druzcov;Druzcov;katastr
Police u Jemnice;Police u Jemnice;katastr
Lukavice na Moravě;Lukavice na Moravě;katastr
Sádek u Dívčího Hradu;Sádek u Dívčího Hradu;katastr
Javorníček;Javorníček;katastr
Heřmanice u Rouchovan;Heřmanice u Rouchovan;katastr
Bezděkov u Kasejovic;Bezděkov u Kasejovic;katastr
Kyjov u Buřenic;Kyjov u Buřenic;katastr
Nebušice;Nebušice;katastr
Oslí;Oslí;katastr
Chramosty;Chramosty;katastr
Komárov u Soběslavi;Komárov u Soběslavi;katastr
Jaronín-Kuklov;Jaronín-Kuklov;katastr
Krhanice;Krhanice;katastr
Rounek;Rounek;katastr
Věžnička;Věžnička;katastr
Tureč u Hradiště;Tureč u Hradiště;katastr
Kostelec;Kostelec;katastr
Břilice;Břilice;katastr
Našiměřice;Našiměřice;katastr
Mikulovice u Znojma;Mikulovice u Znojma;katastr
Křenov u Kájova;Křenov u Kájova;katastr
Horní Sokolovec;Horní Sokolovec;katastr
Kožlí u Orlíka;Kožlí u Orlíka;katastr
Rápošov;Rápošov;katastr
Vlastějovice;Vlastějovice;katastr
Podměstí;Podměstí;katastr
Dolní Jamné;Dolní Jamné;katastr
Sasina;Sasina;katastr
Čejetice;Čejetice;katastr
Cehnice;Cehnice;katastr
Knínice u Boskovic;Knínice u Boskovic;katastr
Budyně;Budyně;katastr
Rájec nad Svitavou;Rájec nad Svitavou;katastr
Syrov;Syrov;katastr
Sedlice u Želivi;Sedlice u Želivi;katastr
Filipov u Zábřeha;Filipov u Zábřeha;katastr
Samšín;Samšín;katastr
Jestřabí u Velké Bíteše;Jestřabí u Velké Bíteše;katastr
Vápno;Vápno;katastr
Pohoří u Stružince;Pohoří u Stružince;katastr
Pražmo;Pražmo;katastr
Hluboká u Liberce;Hluboká u Liberce;katastr
Solany;Solany;katastr
Křepiny;Křepiny;katastr
Velká Rovná;Velká Rovná;katastr
Háje u Vodokrt;Háje u Vodokrt;katastr
Zachotín;Zachotín;katastr
Klenovice u Mičovic;Klenovice u Mičovic;katastr
Dlouhý Most;Dlouhý Most;katastr
Benátky u Ždírce nad Doubravou;Benátky u Ždírce nad Doubravou;katastr
Velké Přílepy;Velké Přílepy;katastr
Záboří nad Labem;Záboří nad Labem;katastr
Rožmitál pod Třemšínem;Rožmitál pod Třemšínem;katastr
Březí u Říčan;Březí u Říčan;katastr
Dub u Prachatic;Dub u Prachatic;katastr
Krakovec na Moravě;Krakovec na Moravě;katastr
Ublo;Ublo;katastr
Morašice u Litomyšle;Morašice u Litomyšle;katastr
Mukařov u Úštěku;Mukařov u Úštěku;katastr
Veliká;Veliká;katastr
Brůdek;Brůdek;katastr
Třeboň;Třeboň;katastr
Onšovice u Dehtářů;Onšovice u Dehtářů;katastr
Malesice;Malesice;katastr
Archlebov;Archlebov;katastr
Repechy;Repechy;katastr
Sněhotice;Sněhotice;katastr
Trávník u Kladorub;Trávník u Kladorub;katastr
Křoví;Křoví;katastr
Poděvousy;Poděvousy;katastr
Ležnička;Ležnička;katastr
Loza;Loza;katastr
Chudčice;Chudčice;katastr
Zbyslav;Zbyslav;katastr
Skuteč;Skuteč;katastr
Hroznějovice;Hroznějovice;katastr
Pašinovice;Pašinovice;katastr
Bohuňovice;Bohuňovice;katastr
Staré Těchanovice;Staré Těchanovice;katastr
Maletice;Maletice;katastr
Chrastová Lhota;Chrastová Lhota;katastr
Mistrovice u Nového Oldřichova;Mistrovice u Nového Oldřichova;katastr
Úborsko;Úborsko;katastr
Lysovice;Lysovice;katastr
Lčovice;Lčovice;katastr
Bohatice;Bohatice;katastr
Křížov;Křížov;katastr
Tuškov;Tuškov;katastr
Kožušice;Kožušice;katastr
Lestkov u Klášterce nad Ohří;Lestkov u Klášterce nad Ohří;katastr
Nevděk;Nevděk;katastr
Bor;Bor;katastr
Starý Bohumín;Starý Bohumín;katastr
Mistřovice;Mistřovice;katastr
Olešná u Načeradce;Olešná u Načeradce;katastr
Libivá;Libivá;katastr
Skopytce;Skopytce;katastr
Líté;Líté;katastr
Čivice;Čivice;katastr
Dehtáře;Dehtáře;katastr
Robčice;Robčice;katastr
Tyra;Tyra;katastr
Vrdy;Vrdy;katastr
Zbuzany;Zbuzany;katastr
Dolní Staré Buky;Dolní Staré Buky;katastr
Zbizuby;Zbizuby;katastr
Chlumětín;Chlumětín;katastr
Kozohlody;Kozohlody;katastr
Milošovice;Milošovice;katastr
Poličky;Poličky;katastr
Všenory;Všenory;katastr
Tis;Tis;katastr
Český Dub;Český Dub;katastr
Hlavice;Hlavice;katastr
Loučka II;Loučka II;katastr
Bílá u Českého Dubu;Bílá u Českého Dubu;katastr
Březí u Meclova;Březí u Meclova;katastr
Brusy;Brusy;katastr
Dražice;Dražice;katastr
Vinaře;Vinaře;katastr
Tuchotice;Tuchotice;katastr
Podolí u Strakonic;Podolí u Strakonic;katastr
Žíšov;Žíšov;katastr
Nechalov;Nechalov;katastr
Starý Harcov;Starý Harcov;katastr
Panenská Hůrka;Panenská Hůrka;katastr
Točník;Točník;katastr
Janův Důl u Liberce;Janův Důl u Liberce;katastr
Srch;Srch;katastr
Modlibohov;Modlibohov;katastr
Fojtka;Fojtka;katastr
Skupice u Chrudimi;Skupice u Chrudimi;katastr
Staré Pavlovice;Staré Pavlovice;katastr
Roštění;Roštění;katastr
Blatná;Blatná;katastr
Lažánky;Lažánky;katastr
Troubky;Troubky;katastr
Jinín;Jinín;katastr
Hrubá Vrbka;Hrubá Vrbka;katastr
Horní Suchá u Liberce;Horní Suchá u Liberce;katastr
Lužná u Boru;Lužná u Boru;katastr
Opavské Předměstí;Opavské Předměstí;katastr
Kosov u Boru;Kosov u Boru;katastr
Chrudim;Chrudim;katastr
Chrášťovice;Chrášťovice;katastr
Lnáře;Lnáře;katastr
Zruč nad Sázavou;Zruč nad Sázavou;katastr
Chlum u Novosedel;Chlum u Novosedel;katastr
Hartoušov;Hartoušov;katastr
Onen Svět;Onen Svět;katastr
Vysoká Lhota;Vysoká Lhota;katastr
Horní Bříza;Horní Bříza;katastr
Strnadice;Strnadice;katastr
Doubravička;Doubravička;katastr
Leopoldovy Hamry;Leopoldovy Hamry;katastr
Zajíčkov;Zajíčkov;katastr
Hněvnice;Hněvnice;katastr
Bradlecká Lhota;Bradlecká Lhota;katastr
Druztová;Druztová;katastr
Sedlec u Obrnic;Sedlec u Obrnic;katastr
Číhaná;Číhaná;katastr
Hřivno;Hřivno;katastr
Rozsochatec;Rozsochatec;katastr
Česká Bříza;Česká Bříza;katastr
Louky nad Olší;Louky nad Olší;katastr
Tourov;Tourov;katastr
Kunčice nad Labem;Kunčice nad Labem;katastr
Labutice;Labutice;katastr
Zbraslavice;Zbraslavice;katastr
Horní Kalná;Horní Kalná;katastr
Podolí;Podolí;katastr
Prace;Prace;katastr
Ratiboř;Ratiboř;katastr
Michle;Michle;katastr
Jáma;Jáma;katastr
Čeminy;Čeminy;katastr
Bohdalovice;Bohdalovice;katastr
Domousnice;Domousnice;katastr
Horní Bousov;Horní Bousov;katastr
Vodranty;Vodranty;katastr
Slivínko;Slivínko;katastr
Kochánov III;Kochánov III;katastr
Rostkov;Rostkov;katastr
Dolní Rokytá;Dolní Rokytá;katastr
Lužany u Jičína;Lužany u Jičína;katastr
Frymburk;Frymburk;katastr
Lutín;Lutín;katastr
Brod u Stříbra;Brod u Stříbra;katastr
Brod nad Tichou;Brod nad Tichou;katastr
Ořechov u Letovic;Ořechov u Letovic;katastr
Skviřín;Skviřín;katastr
Kladruby u Beranova;Kladruby u Beranova;katastr
Skuhrov pod Třemšínem;Skuhrov pod Třemšínem;katastr
Dolní Svince;Dolní Svince;katastr
Dobromilice;Dobromilice;katastr
Přísečná-Domoradice;Přísečná-Domoradice;katastr
Cekov;Cekov;katastr
Knínice u Žlutic;Knínice u Žlutic;katastr
Vahaneč;Vahaneč;katastr
Kratušín;Kratušín;katastr
Týniště;Týniště;katastr
Kloužovice;Kloužovice;katastr
Brná;Brná;katastr
Dolní Radouň;Dolní Radouň;katastr
Křešín;Křešín;katastr
Křepenice;Křepenice;katastr
Střezimíř;Střezimíř;katastr
Vletice;Vletice;katastr
Vacovice;Vacovice;katastr
Všechlapy nad Blanicí;Všechlapy nad Blanicí;katastr
Láz u Kladrub;Láz u Kladrub;katastr
Meziříčko u Jihlavy;Meziříčko u Jihlavy;katastr
Vrchotice;Vrchotice;katastr
Rajnochovice;Rajnochovice;katastr
Bolina;Bolina;katastr
Budov;Budov;katastr
Zlaté Hory v Jeseníkách;Zlaté Hory v Jeseníkách;katastr
Velichov;Velichov;katastr
Křesín;Křesín;katastr
Bolechov;Bolechov;katastr
Benešov;Benešov;katastr
Úlíkov;Úlíkov;katastr
Kaplice;Kaplice;katastr
Zlonice;Zlonice;katastr
Kralupy u Chomutova;Kralupy u Chomutova;katastr
Smržovka;Smržovka;katastr
Domanice;Domanice;katastr
Klášterec nad Ohří;Klášterec nad Ohří;katastr
Podbořanský Rohozec;Podbořanský Rohozec;katastr
Sluhov;Sluhov;katastr
Zděchov;Zděchov;katastr
Benešov u Semil;Benešov u Semil;katastr
Stránecká Zhoř;Stránecká Zhoř;katastr
Hladké Životice;Hladké Životice;katastr
Krátká;Krátká;katastr
Skřinářov;Skřinářov;katastr
Nedvězí u Zábřeha;Nedvězí u Zábřeha;katastr
Darkov;Darkov;katastr
Rovné pod Řípem;Rovné pod Řípem;katastr
Ondřejovice v Jeseníkách;Ondřejovice v Jeseníkách;katastr
Vlkaneč;Vlkaneč;katastr
Žďárec u Skutče;Žďárec u Skutče;katastr
Olešná u Radnic;Olešná u Radnic;katastr
Řečice;Řečice;katastr
Dolní Radíkov;Dolní Radíkov;katastr
Klenovice u Soběslavi;Klenovice u Soběslavi;katastr
Ledce u Mladé Boleslavi;Ledce u Mladé Boleslavi;katastr
Hudčice;Hudčice;katastr
Koterov;Koterov;katastr
Lítkovice u Kněžmostu;Lítkovice u Kněžmostu;katastr
Lukavec u Hořic;Lukavec u Hořic;katastr
Lhota u Dobřan;Lhota u Dobřan;katastr
Kobylá nad Vidnavkou;Kobylá nad Vidnavkou;katastr
Lískovice u Ostroměře;Lískovice u Ostroměře;katastr
Slemeno v Podkrkonoší;Slemeno v Podkrkonoší;katastr
Chrudichromy;Chrudichromy;katastr
Karviná-město;Karviná-město;katastr
Podolí u Míchova;Podolí u Míchova;katastr
Růžov na Moravě;Růžov na Moravě;katastr
Mělnice;Mělnice;katastr
Tržek u Litomyšle;Tržek u Litomyšle;katastr
Palkovice;Palkovice;katastr
Podlesí u Sněžného;Podlesí u Sněžného;katastr
Pavličky;Pavličky;katastr
Miletice u Dlažova;Miletice u Dlažova;katastr
Dolní Roveň;Dolní Roveň;katastr
Násedlnice;Násedlnice;katastr
Janov u Mladé Vožice;Janov u Mladé Vožice;katastr
Žlutice;Žlutice;katastr
Kolomuty;Kolomuty;katastr
Studánka u Březové;Studánka u Březové;katastr
Krchleby u Čáslavi;Krchleby u Čáslavi;katastr
Libunec;Libunec;katastr
Kyšice u Plzně;Kyšice u Plzně;katastr
Polouvsí;Polouvsí;katastr
Černčice u Žalan;Černčice u Žalan;katastr
Ruda u Velkého Meziříčí;Ruda u Velkého Meziříčí;katastr
Luká;Luká;katastr
Chotěbuz;Chotěbuz;katastr
Hořice u Blanska;Hořice u Blanska;katastr
Blatec;Blatec;katastr
Dražovice;Dražovice;katastr
Hrad Nečtiny;Hrad Nečtiny;katastr
Višňová;Višňová;katastr
Osek nad Bečvou;Osek nad Bečvou;katastr
Bílá Třemešná;Bílá Třemešná;katastr
Pohoří u Mirovic;Pohoří u Mirovic;katastr
Srby u Horšovského Týna;Srby u Horšovského Týna;katastr
Bučí;Bučí;katastr
Štětice;Štětice;katastr
Pomezí nad Ohří;Pomezí nad Ohří;katastr
Daleké Dušníky;Daleké Dušníky;katastr
Horní Kožlí;Horní Kožlí;katastr
Staré Sedlo u Sokolova;Staré Sedlo u Sokolova;katastr
Mostky;Mostky;katastr
Drnov;Drnov;katastr
Hostěnice;Hostěnice;katastr
Stráž u České Lípy;Stráž u České Lípy;katastr
Loučky u Jihlavy;Loučky u Jihlavy;katastr
Ličenice;Ličenice;katastr
Sviadnov;Sviadnov;katastr
Dobrá Voda Lipnická;Dobrá Voda Lipnická;katastr
Velké Koloděje;Velké Koloděje;katastr
Doubrava u Orlové;Doubrava u Orlové;katastr
Královec;Královec;katastr
Březina u Tišnova;Březina u Tišnova;katastr
Libuš;Libuš;katastr
Třtěnice;Třtěnice;katastr
Chýnov u Tábora;Chýnov u Tábora;katastr
Chmeliště;Chmeliště;katastr
Sulislav;Sulislav;katastr
Mantov;Mantov;katastr
Bernardov;Bernardov;katastr
Svinaře;Svinaře;katastr
Prapořiště;Prapořiště;katastr
Stříbřec;Stříbřec;katastr
Vratislavice nad Nisou;Vratislavice nad Nisou;katastr
Výšice;Výšice;katastr
Sehradice;Sehradice;katastr
Prachovice;Prachovice;katastr
Chlum u Letovic;Chlum u Letovic;katastr
Oznice;Oznice;katastr
Milošice;Milošice;katastr
Obyčtov;Obyčtov;katastr
Stará Plesná;Stará Plesná;katastr
Podmokly u Sušice;Podmokly u Sušice;katastr
Třebušín;Třebušín;katastr
Ondřejov u Prahy;Ondřejov u Prahy;katastr
Vojtěšín;Vojtěšín;katastr
Planá nad Lužnicí;Planá nad Lužnicí;katastr
Kamenická Nová Víska;Kamenická Nová Víska;katastr
Kyselov;Kyselov;katastr
Dachov;Dachov;katastr
Načetín;Načetín;katastr
Čeradice nad Loučnou;Čeradice nad Loučnou;katastr
Horní Poříčí;Horní Poříčí;katastr
Dubičná;Dubičná;katastr
Dlouhá Louka;Dlouhá Louka;katastr
Radostín u Havlíčkova Brodu;Radostín u Havlíčkova Brodu;katastr
Jasenka;Jasenka;katastr
Zlončice;Zlončice;katastr
Arnultovice;Arnultovice;katastr
Leskovec u Vítkova;Leskovec u Vítkova;katastr
Kojátky;Kojátky;katastr
Štěpánov u Skutče;Štěpánov u Skutče;katastr
Stínava;Stínava;katastr
Léštnice;Léštnice;katastr
Střapole;Střapole;katastr
Bujesily;Bujesily;katastr
Jelení u Nových Hamrů;Jelení u Nových Hamrů;katastr
Dolní Žďár u Lásenice;Dolní Žďár u Lásenice;katastr
Česká Olešná;Česká Olešná;katastr
Malý Ratmírov;Malý Ratmírov;katastr
Dvoreček;Dvoreček;katastr
Chloumek u Mladé Boleslavi;Chloumek u Mladé Boleslavi;katastr
Žerčice;Žerčice;katastr
Újezdec u Luštěnic;Újezdec u Luštěnic;katastr
Pětikozly;Pětikozly;katastr
Filipov u Čáslavi;Filipov u Čáslavi;katastr
Račetice;Račetice;katastr
Vykmanov u Měděnce;Vykmanov u Měděnce;katastr
Málkov u Chomutova;Málkov u Chomutova;katastr
Chrančovice;Chrančovice;katastr
Doubravice u Sedlčan;Doubravice u Sedlčan;katastr
Nové Ouholice;Nové Ouholice;katastr
Košice u Nepoměřic;Košice u Nepoměřic;katastr
Sedlec u Kutné Hory;Sedlec u Kutné Hory;katastr
Domašín u Zbraslavi;Domašín u Zbraslavi;katastr
Lidice;Lidice;katastr
Sádek v Brdech;Sádek v Brdech;katastr
Kamenná u Příbramě;Kamenná u Příbramě;katastr
Vestec u Hřiměždic;Vestec u Hřiměždic;katastr
Rudeč;Rudeč;katastr
Kojetice u Prahy;Kojetice u Prahy;katastr
Křečovice u Onomyšle;Křečovice u Onomyšle;katastr
Potočiště;Potočiště;katastr
Smrčina;Smrčina;katastr
Libčice u Nechvalic;Libčice u Nechvalic;katastr
Ohrazenice u Jinec;Ohrazenice u Jinec;katastr
Zahrádka u Petrovic;Zahrádka u Petrovic;katastr
Bor u Kopaniny;Bor u Kopaniny;katastr
Jedličná;Jedličná;katastr
Velká Hleďsebe;Velká Hleďsebe;katastr
Lipoltov;Lipoltov;katastr
Malá Hraštice;Malá Hraštice;katastr
Proudkovice;Proudkovice;katastr
Brtná u Dolního Žandova;Brtná u Dolního Žandova;katastr
Metly;Metly;katastr
Míreč;Míreč;katastr
Vrbno u Mělníka;Vrbno u Mělníka;katastr
Chotíkov u Kynšperka nad Ohří;Chotíkov u Kynšperka nad Ohří;katastr
Libějovice;Libějovice;katastr
Javory;Javory;katastr
Přehořov u Žihle;Přehořov u Žihle;katastr
Hluboká u Žihle;Hluboká u Žihle;katastr
Korýtka;Korýtka;katastr
Velká Lhota u Dačic;Velká Lhota u Dačic;katastr
Radostice u Hlavňovic;Radostice u Hlavňovic;katastr
Horní Staňkov;Horní Staňkov;katastr
Javoří u Hartmanic;Javoří u Hartmanic;katastr
Habartice u Obytců;Habartice u Obytců;katastr
Hornosín;Hornosín;katastr
Lažany u Doubravice;Lažany u Doubravice;katastr
Horní Pochlovice;Horní Pochlovice;katastr
Chranišov;Chranišov;katastr
Horní Nivy;Horní Nivy;katastr
Oldřichov u Tachova;Oldřichov u Tachova;katastr
Klášterský Mlýn II;Klášterský Mlýn II;katastr
Klášterský Mlýn I;Klášterský Mlýn I;katastr
Obora u Vyšného;Obora u Vyšného;katastr
Zahorčice u Vrábče;Zahorčice u Vrábče;katastr
Nové Sedliště;Nové Sedliště;katastr
Vrhaveč;Vrhaveč;katastr
Vrbice u Bezdružic;Vrbice u Bezdružic;katastr
Osek u Vodokrt;Osek u Vodokrt;katastr
Velký Hlavákov;Velký Hlavákov;katastr
Odolenovice;Odolenovice;katastr
Kfely u Ostrova;Kfely u Ostrova;katastr
Kejnice;Kejnice;katastr
Ondřejovice u Janovic nad Úhlavou;Ondřejovice u Janovic nad Úhlavou;katastr
Radinovy;Radinovy;katastr
Lhotice u Českých Budějovic;Lhotice u Českých Budějovic;katastr
Záluží u Spáleného Poříčí;Záluží u Spáleného Poříčí;katastr
Chocenická Lhota;Chocenická Lhota;katastr
Černotín u Dnešic;Černotín u Dnešic;katastr
Dobříč;Dobříč;katastr
Zaliny;Zaliny;katastr
Dolní Kochánov;Dolní Kochánov;katastr
Roklanský Les;Roklanský Les;katastr
Kamýk u Švihova;Kamýk u Švihova;katastr
Řetenice u Stach;Řetenice u Stach;katastr
Sedlečko u Chotovin;Sedlečko u Chotovin;katastr
Nové Hobzí;Nové Hobzí;katastr
Horní Radíkov;Horní Radíkov;katastr
Nové Dvory;Nové Dvory;katastr
Adamov u Českých Budějovic;Adamov u Českých Budějovic;katastr
Hořešovičky;Hořešovičky;katastr
Břešťany u Zlonic;Břešťany u Zlonic;katastr
Nový Svět u Borových Lad;Nový Svět u Borových Lad;katastr
Žernovice;Žernovice;katastr
Vlčí Jámy;Vlčí Jámy;katastr
Skláře u Vimperka;Skláře u Vimperka;katastr
Lipka u Vimperka;Lipka u Vimperka;katastr
Zvěřetice;Zvěřetice;katastr
Dřínov u Zlonic;Dřínov u Zlonic;katastr
Horouty;Horouty;katastr
Hamr nad Nežárkou;Hamr nad Nežárkou;katastr
Kundratice u Svinů;Kundratice u Svinů;katastr
Skrýchov u Opařan;Skrýchov u Opařan;katastr
Pozorka u Kladrub;Pozorka u Kladrub;katastr
Malovice u Erpužic;Malovice u Erpužic;katastr
Maršovy Chody;Maršovy Chody;katastr
Nesuchyně;Nesuchyně;katastr
Mšecké Žehrovice;Mšecké Žehrovice;katastr
Veselka u Vimperka;Veselka u Vimperka;katastr
Lhotka u Terešova;Lhotka u Terešova;katastr
Lobzy;Lobzy;katastr
Straky;Straky;katastr
Stehlovice;Stehlovice;katastr
Slapy u Tábora;Slapy u Tábora;katastr
Psárov;Psárov;katastr
Blanička;Blanička;katastr
Hostěradice;Hostěradice;katastr
Jesenice u Prahy;Jesenice u Prahy;katastr
Křinec;Křinec;katastr
Olešná nad Vltavou;Olešná nad Vltavou;katastr
Žďár u Protivína;Žďár u Protivína;katastr
Střítež u Kaplice;Střítež u Kaplice;katastr
Rapotice u Malont;Rapotice u Malont;katastr
Přibyšice;Přibyšice;katastr
Raková u Rokycan;Raková u Rokycan;katastr
Dušníky nad Vltavou;Dušníky nad Vltavou;katastr
Výprachtice;Výprachtice;katastr
Podůlšany;Podůlšany;katastr
Plch;Plch;katastr
Škudly;Škudly;katastr
Chmelovice;Chmelovice;katastr
Kukleny;Kukleny;katastr
Liběšice u Želenic;Liběšice u Želenic;katastr
Dubí;Dubí;katastr
Žipotín;Žipotín;katastr
Stav;Stav;katastr
Čálovice;Čálovice;katastr
Kulířov;Kulířov;katastr
Seč u Brandýsa nad Orlicí;Seč u Brandýsa nad Orlicí;katastr
Jezvé;Jezvé;katastr
Vepříkov;Vepříkov;katastr
Kněžská;Kněžská;katastr
Příjemky;Příjemky;katastr
Stračí;Stračí;katastr
Ředhošť;Ředhošť;katastr
Stekník;Stekník;katastr
Zálezly;Zálezly;katastr
Šumice;Šumice;katastr
Město Brno;Město Brno;katastr
Ryjice;Ryjice;katastr
Pulice;Pulice;katastr
Kníje;Kníje;katastr
Rochlov;Rochlov;katastr
Nesytá;Nesytá;katastr
Hustířany;Hustířany;katastr
Bítovany;Bítovany;katastr
Radešín u Lipové;Radešín u Lipové;katastr
Český Újezd;Český Újezd;katastr
Zbyny;Zbyny;katastr
Těšov u Milíkova;Těšov u Milíkova;katastr
Malá Šitboř;Malá Šitboř;katastr
Lučice;Lučice;katastr
Hněvice;Hněvice;katastr
Prosmyky;Prosmyky;katastr
Modřice;Modřice;katastr
Slaná;Slaná;katastr
Horní Dobrá Voda;Horní Dobrá Voda;katastr
Dolní Počátky;Dolní Počátky;katastr
Nerad;Nerad;katastr
Bumbalka;Bumbalka;katastr
Včelákov;Včelákov;katastr
Děvín;Děvín;katastr
Hlupín;Hlupín;katastr
Dřešínek;Dřešínek;katastr
Buč;Buč;katastr
Slezská Harta;Slezská Harta;katastr
Adamov u Karlovic;Adamov u Karlovic;katastr
Lhotky u Malotic;Lhotky u Malotic;katastr
Horní Jelčany;Horní Jelčany;katastr
Vojkovice u Hradiště I;Vojkovice u Hradiště I;katastr
Stráž u Hradiště II;Stráž u Hradiště II;katastr
Růžená;Růžená;katastr
Nový Maletín;Nový Maletín;katastr
Radkovy;Radkovy;katastr
Lipany u Vitic;Lipany u Vitic;katastr
Vyšehrad;Vyšehrad;katastr
Staré Město;Staré Město;katastr
Černý Most;Černý Most;katastr
Vlčkovice u Kolince;Vlčkovice u Kolince;katastr
Kout na Šumavě;Kout na Šumavě;katastr
Prusínky;Prusínky;katastr
Pánov;Pánov;katastr
Malá Vrbka;Malá Vrbka;katastr
Litobratřice;Litobratřice;katastr
Okrouhlík;Okrouhlík;katastr
Březovík 1;Březovík 1;katastr
Krtín;Krtín;katastr
Hrádek u Manětína;Hrádek u Manětína;katastr
Žhery;Žhery;katastr
Strachovice u Bernartic;Strachovice u Bernartic;katastr
Sendražice u Kolína;Sendražice u Kolína;katastr
Bítov u Koněprus;Bítov u Koněprus;katastr
Jívová I;Jívová I;katastr
Město Libavá II;Město Libavá II;katastr
Kramolín u Nepomuka;Kramolín u Nepomuka;katastr
Zdešov;Zdešov;katastr
Skalice nad Svitavou;Skalice nad Svitavou;katastr
Liběšice;Liběšice;katastr
Nové Bránice;Nové Bránice;katastr
Mohelnice u Krupky;Mohelnice u Krupky;katastr
Lýsky;Lýsky;katastr
Kunčičky;Kunčičky;katastr
Podluhy;Podluhy;katastr
Hadinka;Hadinka;katastr
Balková;Balková;katastr
Bedřichovice u Hříškova;Bedřichovice u Hříškova;katastr
Bystré u Klatov;Bystré u Klatov;katastr
Ždánov;Ždánov;katastr
Zelená;Zelená;katastr
Milostovice;Milostovice;katastr
Hvozdec v Brdech;Hvozdec v Brdech;katastr
Koníkov;Koníkov;katastr
Vidonín;Vidonín;katastr
Sasov;Sasov;katastr
Pančava;Pančava;katastr
Odrovice;Odrovice;katastr
Svijany;Svijany;katastr
Horní Rožínka;Horní Rožínka;katastr
Deštné;Deštné;katastr
Přešín;Přešín;katastr
Žleb;Žleb;katastr
Lhota u Opavy;Lhota u Opavy;katastr
Rychaltice;Rychaltice;katastr
Česká Mez;Česká Mez;katastr
Malý Beranov;Malý Beranov;katastr
Gručovice;Gručovice;katastr
Jarkovice;Jarkovice;katastr
Pálovice;Pálovice;katastr
Rymice;Rymice;katastr
Sovadina;Sovadina;katastr
Ostašov na Moravě;Ostašov na Moravě;katastr
Hory Matky Boží;Hory Matky Boží;katastr
Rakové;Rakové;katastr
Luženice;Luženice;katastr
Chlebičov;Chlebičov;katastr
Lovčovice;Lovčovice;katastr
Dolní Bečva;Dolní Bečva;katastr
Příluky;Příluky;katastr
Martinov ve Slezsku;Martinov ve Slezsku;katastr
Starý Vestec;Starý Vestec;katastr
Nedaříž;Nedaříž;katastr
Modřovice;Modřovice;katastr
Pavlovičky;Pavlovičky;katastr
Vsisko;Vsisko;katastr
Týneček;Týneček;katastr
Pacetluky;Pacetluky;katastr
Bořenovice;Bořenovice;katastr
Vanov;Vanov;katastr
Obřice;Obřice;katastr
Březce;Březce;katastr
Provodovice;Provodovice;katastr
Bystročice;Bystročice;katastr
Jeřmaň;Jeřmaň;katastr
Mezice;Mezice;katastr
Bukovany u Kyjova;Bukovany u Kyjova;katastr
Nevšová;Nevšová;katastr
Zašovice;Zašovice;katastr
Kozojedy u Žlunic;Kozojedy u Žlunic;katastr
Lípy;Lípy;katastr
Skrbeň;Skrbeň;katastr
Vrbětice;Vrbětice;katastr
Perná;Perná;katastr
Ropice;Ropice;katastr
Životice u Dívčího Hradu;Životice u Dívčího Hradu;katastr
Nové Dvorce;Nové Dvorce;katastr
Dubany na Hané;Dubany na Hané;katastr
Hruška;Hruška;katastr
Stichovice;Stichovice;katastr
Dolejší Kunčice;Dolejší Kunčice;katastr
Starý Jičín;Starý Jičín;katastr
Stachovice;Stachovice;katastr
Studenec;Studenec;katastr
Trávník;Trávník;katastr
Hynčice u Krnova;Hynčice u Krnova;katastr
Hleďsebe;Hleďsebe;katastr
Věřňovice;Věřňovice;katastr
Kladoruby;Kladoruby;katastr
Čehovice;Čehovice;katastr
Malá Bystřice;Malá Bystřice;katastr
Hněvčeves;Hněvčeves;katastr
Donín;Donín;katastr
Časy;Časy;katastr
Syrovátka;Syrovátka;katastr
Frýdnava;Frýdnava;katastr
Zeměchy u Loun;Zeměchy u Loun;katastr
Běchary;Běchary;katastr
Bílovice nad Svitavou;Bílovice nad Svitavou;katastr
Troskotovice;Troskotovice;katastr
Novosedlice;Novosedlice;katastr
Střelná;Střelná;katastr
Bukovina u Čisté;Bukovina u Čisté;katastr
Lukovna;Lukovna;katastr
Blato;Blato;katastr
Strážkovice v Podkrkonoší;Strážkovice v Podkrkonoší;katastr
Dobrá;Dobrá;katastr
Mstislavice;Mstislavice;katastr
Bohuňov nad Křetínkou;Bohuňov nad Křetínkou;katastr
Barovice;Barovice;katastr
Zahnašovice;Zahnašovice;katastr
Mladotice nad Doubravou;Mladotice nad Doubravou;katastr
Medlešice;Medlešice;katastr
Varnsdorf;Varnsdorf;katastr
Medlánky;Medlánky;katastr
Řečkovice;Řečkovice;katastr
Vlčkovice u Praskačky;Vlčkovice u Praskačky;katastr
Kameničná;Kameničná;katastr
Hrušová;Hrušová;katastr
Javornice u Dubu;Javornice u Dubu;katastr
Veleslavín;Veleslavín;katastr
poloha podle katastru;HES-000864;pian_presnost
odchylka stovky metrů;HES-000863;pian_presnost
odchylka desítky metrů;HES-000862;pian_presnost
odchylka jednotky metrů;HES-000861;pian_presnost
polygon průzkumu;HES-001123;typ_lokality
krajina;HES-001124;typ_lokality
nemovitá památka;HES-001122;typ_lokality
osídlený skalní prostor;HES-000112;druh_lokality
pozůstatek sídla elity;HES-001434;druh_lokality
pozůstatek represe;HES-001432;druh_lokality
pozůstatek ohrazení;HES-001431;druh_lokality
pozůstatek kultu;HES-001433;druh_lokality
polygon leteckého průzkumu;HES-000111;druh_lokality
pozůstatek vojenství;HES-001437;druh_lokality
pozůstatek komunikace;HES-001429;druh_lokality
krajina;HES-000117;druh_lokality
pozůstatek sídliště;HES-001435;druh_lokality
pomník/památník;HES-000128;druh_lokality
pozůstatek mohylníku;HES-001430;druh_lokality
muzeum/skanzen;HES-000129;druh_lokality
pozůstatek výroby;HES-001438;druh_lokality
pozůstatek těžby;HES-001436;druh_lokality
pseudolokalita (< 5 %);HES-001452;jistota
domnělé (5–50 %);HES-001451;jistota
nejisté (50–95 %);HES-001450;jistota
jisté (> 95 %);HES-001449;jistota
historická budova/komplex;HES-001457;lokalita_zachovalost
ruina;HES-001456;lokalita_zachovalost
nadzemní relikty;HES-001455;lokalita_zachovalost
lokalita pod zástavbou;HES-001454;lokalita_zachovalost
zaniklá lokalita;HES-001453;lokalita_zachovalost
archivář;D;pristupnost
archeolog;C;pristupnost
badatel;B;pristupnost
anonym;A;pristupnost
vzorek;HES-000860;nalez_kategorie
ekofakt;HES-000845;nalez_kategorie
herní předmět;HES-000859;nalez_kategorie
platidlo;HES-000848;nalez_kategorie
ozdoba;HES-000853;nalez_kategorie
nástroj hrubý;HES-000850;nalez_kategorie
doklad umění/kultu;HES-000844;nalez_kategorie
nehotový výrobek/polotovar;HES-000852;nalez_kategorie
nádoba;HES-000849;nalez_kategorie
písemnost;HES-000854;nalez_kategorie
militaria;HES-000847;nalez_kategorie
součást oděvu;HES-000857;nalez_kategorie
součást hrobu;HES-000856;nalez_kategorie
funkčně neurčený předmět;HES-000846;nalez_kategorie
běžný nález;HES-000842;nalez_kategorie
stavební/spojovací prvek;HES-000858;nalez_kategorie
postroj/doprava;HES-000855;nalez_kategorie
nástroj jemný;HES-000851;nalez_kategorie
architektonický článek;HES-000843;nalez_kategorie
vzorek antrakologický;HES-000763;druh_nalezu
nátepní destička;HES-000734;druh_nalezu
hladítko;HES-000825;druh_nalezu
drasadlo;HES-000715;druh_nalezu
potrubí;HES-000741;druh_nalezu
křížek;HES-000664;druh_nalezu
závaží rybářské;HES-000721;druh_nalezu
vzorek;HES-000818;druh_nalezu
kachel;HES-000736;druh_nalezu
ekofakt;HES-000775;druh_nalezu
jehlice;HES-000699;druh_nalezu
průvlečka;HES-000683;druh_nalezu
slitek;HES-000831;druh_nalezu
herní předmět;HES-000681;druh_nalezu
přechovávaná přírodnina;HES-000643;druh_nalezu
zub;HES-000647;druh_nalezu
ozdoba;HES-000834;druh_nalezu
kamenná industrie;HES-000640;druh_nalezu
vzorek paleobotanický;HES-000698;druh_nalezu
rolnička;HES-000701;druh_nalezu
rostlinné makrozbytky;HES-000644;druh_nalezu
závaží;HES-000718;druh_nalezu
amorfní zlomek/předmět;HES-000707;druh_nalezu
atypický předmět;HES-000708;druh_nalezu
křesadlo/ocílka;HES-000729;druh_nalezu
malakofauna;HES-000777;druh_nalezu
přeslen;HES-000809;druh_nalezu
kamenné jádro;HES-000776;druh_nalezu
srp;HES-000659;druh_nalezu
drtidlo/zrnotěrka;HES-000795;druh_nalezu
kroužek/kruh;HES-000764;druh_nalezu
růženec/medailon;HES-000702;druh_nalezu
nákončí;HES-000668;druh_nalezu
skořápka plodu;HES-000754;druh_nalezu
faléra;HES-000745;druh_nalezu
třmen;HES-000671;druh_nalezu
odpad;HES-000778;druh_nalezu
odpad výrobní;HES-000780;druh_nalezu
odpad stavební;HES-000779;druh_nalezu
vzorek malakologický;HES-000686;druh_nalezu
klíč;HES-000728;druh_nalezu
vzorek palynologický;HES-000692;druh_nalezu
dlaždice;HES-000678;druh_nalezu
dyzna;HES-000689;druh_nalezu
zlomek keramiky;HES-000705;druh_nalezu
udidlo;HES-000672;druh_nalezu
dýmka;HES-000635;druh_nalezu
závaží tkalcovské;HES-000723;druh_nalezu
náprstek;HES-000805;druh_nalezu
nástroj hrubý;HES-000653;druh_nalezu
zápona;HES-000637;druh_nalezu
knoflík;HES-000675;druh_nalezu
gombík;HES-000693;druh_nalezu
přezka;HES-000732;druh_nalezu
břitva;HES-000661;druh_nalezu
hřeben;HES-000826;druh_nalezu
pražnice;HES-000771;druh_nalezu
doklad umění/kultu;HES-000641;druh_nalezu
korálek;HES-000663;druh_nalezu
součást pluhu;HES-000658;druh_nalezu
brusle;HES-000743;druh_nalezu
součást vozu;HES-000703;druh_nalezu
pekáč;HES-000761;druh_nalezu
zavazadlo;HES-000638;druh_nalezu
kulička/koule;HES-000760;druh_nalezu
součást postroje;HES-000747;druh_nalezu
hrací kámen;HES-000684;druh_nalezu
hrací kostka;HES-000696;druh_nalezu
opasek;HES-000676;druh_nalezu
okenní výplň;HES-000738;druh_nalezu
spona;HES-000733;druh_nalezu
záušnice;HES-000838;druh_nalezu
nánožník;HES-000836;druh_nalezu
obuv;HES-000735;druh_nalezu
mísa;HES-000719;druh_nalezu
sekeromlat/mlat;HES-000789;druh_nalezu
cedník;HES-000682;druh_nalezu
žernov/mlýnský kámen;HES-000725;druh_nalezu
zásobnice;HES-000767;druh_nalezu
pochva/pouzdro;HES-000677;druh_nalezu
rakev;HES-000704;druh_nalezu
součást zbroje;HES-000648;druh_nalezu
tyglík;HES-000772;druh_nalezu
kotel/kotlík;HES-000770;druh_nalezu
konvice;HES-000690;druh_nalezu
nehotový výrobek/polotovar;HES-000828;druh_nalezu
nádoba;HES-000714;druh_nalezu
vejce;HES-000646;druh_nalezu
kost;HES-000753;druh_nalezu
zlomek kosti;HES-000639;druh_nalezu
kostra;HES-000642;druh_nalezu
bankovka;HES-000650;druh_nalezu
písemnost;HES-000839;druh_nalezu
militaria;HES-000784;druh_nalezu
součást oděvu;HES-000674;druh_nalezu
člun;HES-000744;druh_nalezu
kování;HES-000694;druh_nalezu
zlomek mazanice;HES-000706;druh_nalezu
ruda;HES-000830;druh_nalezu
technická keramika;HES-000774;druh_nalezu
stavební keramika;HES-000748;druh_nalezu
amfora;HES-000652;druh_nalezu
hřivna;HES-000829;druh_nalezu
váza;HES-000841;druh_nalezu
popelnice;HES-000726;druh_nalezu
součást hrobu;HES-000673;druh_nalezu
stavební/spojovací prvek;HES-000757;druh_nalezu
portál;HES-000711;druh_nalezu
postroj/doprava;HES-000742;druh_nalezu
vzorek pro radiokarbonové datování;HES-000759;druh_nalezu
vzorek dendrochronologický;HES-000758;druh_nalezu
vzorek pedologický;HES-000697;druh_nalezu
vzorek geologický;HES-000685;druh_nalezu
plastika/soška zoomorfní;HES-000752;druh_nalezu
plastika/soška antropomorfní;HES-000751;druh_nalezu
plastika/soška;HES-000750;druh_nalezu
prsten;HES-000669;druh_nalezu
kaptorga;HES-000700;druh_nalezu
přívěsek/závěsek;HES-000837;druh_nalezu
náhrdelník;HES-000835;druh_nalezu
řetízek;HES-000756;druh_nalezu
nákrčník;HES-000665;druh_nalezu
náušnice;HES-000667;druh_nalezu
náramek;HES-000666;druh_nalezu
nápažník;HES-000812;druh_nalezu
poklička;HES-000724;druh_nalezu
hrnec;HES-000768;druh_nalezu
džbán;HES-000636;druh_nalezu
akvamanile;HES-000651;druh_nalezu
vědro/situla;HES-000819;druh_nalezu
lahev;HES-000691;druh_nalezu
koflík;HES-000769;druh_nalezu
pohár/číše;HES-000722;druh_nalezu
lžíce;HES-000730;druh_nalezu
talíř;HES-000766;druh_nalezu
pánev;HES-000720;druh_nalezu
hudební nástroj;HES-000749;druh_nalezu
lampa/kahan;HES-000695;druh_nalezu
žeton;HES-000762;druh_nalezu
mince;HES-000794;druh_nalezu
bulava;HES-000785;druh_nalezu
zbraň palná;HES-000649;druh_nalezu
zbraň chladná;HES-000713;druh_nalezu
tesák;HES-000793;druh_nalezu
šavle;HES-000791;druh_nalezu
dýka;HES-000820;druh_nalezu
meč;HES-000786;druh_nalezu
kopí/hrot kopí;HES-000821;druh_nalezu
oštěp/hrot oštěpu;HES-000788;druh_nalezu
kuše;HES-000822;druh_nalezu
luk;HES-000823;druh_nalezu
šíp/šipka/hrot šípu/šipky;HES-000792;druh_nalezu
projektil/kule/munice;HES-000755;druh_nalezu
ostruha;HES-000787;druh_nalezu
součást štítu;HES-000790;druh_nalezu
hrot/hák;HES-000783;druh_nalezu
hřeb/hřebík/nýt;HES-000679;druh_nalezu
zámek;HES-000817;druh_nalezu
kniha;HES-000840;druh_nalezu
listina;HES-000670;druh_nalezu
čepel/čepelka;HES-000662;druh_nalezu
otloukač;HES-000656;druh_nalezu
nástroj jemný;HES-000727;druh_nalezu
škrabadlo;HES-000660;druh_nalezu
kladivo/palice;HES-000796;druh_nalezu
kadlub;HES-000716;druh_nalezu
pilník;HES-000800;druh_nalezu
jehla/špendlík;HES-000804;druh_nalezu
pinzeta;HES-000808;druh_nalezu
kleště;HES-000797;druh_nalezu
pila;HES-000657;druh_nalezu
nůž;HES-000806;druh_nalezu
dláto;HES-000824;druh_nalezu
sekáč;HES-000801;druh_nalezu
sekera;HES-000802;druh_nalezu
šídlo;HES-000827;druh_nalezu
motyka/krumpáč;HES-000799;druh_nalezu
podkova;HES-000746;druh_nalezu
kosa;HES-000798;druh_nalezu
lopata/rýč;HES-000655;druh_nalezu
klín;HES-000717;druh_nalezu
nůžky;HES-000807;druh_nalezu
brousek;HES-000803;druh_nalezu
kovadlina;HES-000654;druh_nalezu
rydlo;HES-000810;druh_nalezu
stilus;HES-000811;druh_nalezu
surovina;HES-000832;druh_nalezu
omítka;HES-000739;druh_nalezu
pojivo;HES-000740;druh_nalezu
plech;HES-000680;druh_nalezu
tyčinka/váleček;HES-000765;druh_nalezu
řetěz;HES-000814;druh_nalezu
deska;HES-000712;druh_nalezu
uhlíky/popel;HES-000781;druh_nalezu
prkno/fošna;HES-000687;druh_nalezu
struska;HES-000645;druh_nalezu
valoun;HES-000833;druh_nalezu
gemma;HES-000731;druh_nalezu
drát;HES-000782;druh_nalezu
prejz;HES-000773;druh_nalezu
střešní krytina;HES-000815;druh_nalezu
cihla;HES-000813;druh_nalezu
stéla;HES-000688;druh_nalezu
ostění;HES-000710;druh_nalezu
kůl;HES-000737;druh_nalezu
trám;HES-000816;druh_nalezu
architektonický článek;HES-000709;druh_nalezu
kost lidská;HES-000986;specifikace
spondylus;HES-001013;specifikace
jiný materiál;HES-001027;specifikace
keramika terra sigillata;HES-000983;specifikace
švartna;HES-001015;specifikace
kámen štípaný;HES-000978;specifikace
perleť/mušle;HES-001003;specifikace
kámen drtidlo/žernov;HES-000976;specifikace
keramika;HES-000979;specifikace
textil;HES-001016;specifikace
pyl;HES-001007;specifikace
kámen drahý;HES-000975;specifikace
mazanice;HES-000993;specifikace
cín;HES-000967;specifikace
rostlinné makrozbytky;HES-001009;specifikace
uhlí;HES-001017;specifikace
omítka;HES-000998;specifikace
malta;HES-000992;specifikace
vosk;HES-001021;specifikace
plast;HES-001004;specifikace
papír;HES-000999;specifikace
barvivo;HES-000965;specifikace
dehet;HES-000968;specifikace
jantar;HES-000972;specifikace
pryskyřice;HES-001006;specifikace
uhlí dřevěné;HES-001018;specifikace
dřevo;HES-000969;specifikace
obilky/semena;HES-000996;specifikace
proutí;HES-001005;specifikace
pecka;HES-001001;specifikace
kůra;HES-000990;specifikace
slonovina/mamutovina;HES-001012;specifikace
zub;HES-001023;specifikace
zub zvířecí;HES-001025;specifikace
zub lidský;HES-001024;specifikace
kůže;HES-000991;specifikace
schránky měkkýšů;HES-001010;specifikace
perla;HES-001002;specifikace
roh;HES-001008;specifikace
vejce;HES-001020;specifikace
korál;HES-000984;specifikace
kost;HES-000985;specifikace
kost zvířecí;HES-000987;specifikace
paroh;HES-001000;specifikace
vápno;HES-001019;specifikace
kámen stavební;HES-000977;specifikace
kámen;HES-000973;specifikace
kámen broušený;HES-000974;specifikace
grafit;HES-000970;specifikace
stříbro;HES-001014;specifikace
olovo;HES-000997;specifikace
zlato;HES-001022;specifikace
měď;HES-000994;specifikace
kov barevný;HES-000989;specifikace
železo;HES-001026;specifikace
bronz;HES-000966;specifikace
mosaz;HES-000995;specifikace
kov;HES-000988;specifikace
sklo;HES-001011;specifikace
keramika kamenina;HES-000981;specifikace
keramika fajáns/majolika;HES-000980;specifikace
keramika porcelán;HES-000982;specifikace
hlína;HES-000971;specifikace
jiný kontext;HES-000251;nalezove_okolnosti
vodní plocha/tok;HES-000249;nalezove_okolnosti
povrch;HES-000242;nalezove_okolnosti
kulturní vrstva/objekt;HES-000247;nalezove_okolnosti
přirozený půdní horizont;HES-000246;nalezove_okolnosti
podorničí/podloží;HES-000248;nalezove_okolnosti
lesní hrabanka;HES-000245;nalezove_okolnosti
ornice;HES-000243;nalezove_okolnosti
pastvina/louka;HES-000244;nalezove_okolnosti
budova;HES-000250;nalezove_okolnosti
anonym;anonym;vedouci
Prostředník, Jan;Prostředník, Jan;vedouci
Beková, Martina;Beková, Martina;vedouci
Vích, David;Vích, David;vedouci
Hušták, Pavel;Hušták, Pavel;vedouci
Popelka, Miroslav;Popelka, Miroslav;vedouci
Tůma, Ondřej;Tůma, Ondřej;vedouci
Novák, Radek;Novák, Radek;vedouci
Stolz, Daniel;Stolz, Daniel;vedouci
Šumberová, Radka;Šumberová, Radka;vedouci
Polišenský, Tomáš;Polišenský, Tomáš;vedouci
Novotný, Jiří;Novotný, Jiří;vedouci
Jeřáb, Jan;Jeřáb, Jan;vedouci
Snítilý, Pavel;Snítilý, Pavel;vedouci
Dragoun, Bohumír;Dragoun, Bohumír;vedouci
Smejtek, Lubor;Smejtek, Lubor;vedouci
Musil, Jan;Musil, Jan;vedouci
Juchelka, Jiří;Juchelka, Jiří;vedouci
Beneš, Zdeněk;Beneš, Zdeněk;vedouci
Michálek, Jan;Michálek, Jan;vedouci
Unger, Jiří;Unger, Jiří;vedouci
Baloun, Lukáš;Baloun, Lukáš;vedouci
Fojtík, Pavel;Fojtík, Pavel;vedouci
Němcová, Jana;Němcová, Jana;vedouci
Jenč, Petr;Jenč, Petr;vedouci
Štohandlová, Jitka;Štohandlová, Jitka;vedouci
Široký, Radek;Široký, Radek;vedouci
Kukla, Milan;Kukla, Milan;vedouci
Durdík, Tomáš;Durdík, Tomáš;vedouci
Bureš, Michal;Bureš, Michal;vedouci
Velímský, Filip;Velímský, Filip;vedouci
Vávra, Miloš;Vávra, Miloš;vedouci
Záruba, Tomáš;Záruba, Tomáš;vedouci
Bláha, Radek;Bláha, Radek;vedouci
Janda, František;Janda, František;vedouci
Mašková, Pavla;Mašková, Pavla;vedouci
Doubek, František;Doubek, František;vedouci
Dvořáček, Daniel;Dvořáček, Daniel;vedouci
Dufek, Josef;Dufek, Josef;vedouci
Zavřel, Petr;Zavřel, Petr;vedouci
Mikulková, Blanka;Mikulková, Blanka;vedouci
Fröhlich, Jiří;Fröhlich, Jiří;vedouci
Zavoral, Tomáš;Zavoral, Tomáš;vedouci
Behenský, Pavel;Behenský, Pavel;vedouci
Davidová, Tereza;Davidová, Tereza;vedouci
Košťál, Jan;Košťál, Jan;vedouci
Meduna, Petr;Meduna, Petr;vedouci
Frolík, Jan;Frolík, Jan;vedouci
Křivánek, Roman;Křivánek, Roman;vedouci
Kos, Luděk;Kos, Luděk;vedouci
Paulus, Martin;Paulus, Martin;vedouci
Zemanová, Petra;Zemanová, Petra;vedouci
Beneš, Antonín;Beneš, Antonín;vedouci
Chvojka, Ondřej;Chvojka, Ondřej;vedouci
Ulrychová, Eva;Ulrychová, Eva;vedouci
Vokolek, Vít;Vokolek, Vít;vedouci
Veselá, Alena;Veselá, Alena;vedouci
Sirovátka, Roman;Sirovátka, Roman;vedouci
Bernat, Jiří;Bernat, Jiří;vedouci
Novák, Miroslav;Novák, Miroslav;vedouci
Holodňák, Petr;Holodňák, Petr;vedouci
Kočí Dudková, Veronika;Kočí Dudková, Veronika;vedouci
Čtverák, Vladimír;Čtverák, Vladimír;vedouci
Bradáčová, Michaela;Bradáčová, Michaela;vedouci
Janovská, Nikola;Janovská, Nikola;vedouci
Sigl, Jiří;Sigl, Jiří;vedouci
Fojtík, Adam;Fojtík, Adam;vedouci
Martyčák, Stanislav;Martyčák, Stanislav;vedouci
Kopřivová, Jana;Kopřivová, Jana;vedouci
Humpola, David;Humpola, David;vedouci
Blažková, Kateřina;Blažková, Kateřina;vedouci
Korený, Rastislav;Korený, Rastislav;vedouci
Parkman, Marek;Parkman, Marek;vedouci
Červenka, Eduard;Červenka, Eduard;vedouci
Nový, Petr;Nový, Petr;vedouci
Hůrková, Jindra;Hůrková, Jindra;vedouci
Mattiello, Lucia;Mattiello, Lucia;vedouci
Horník, Pavel;Horník, Pavel;vedouci
Šťastný, Dražen;Šťastný, Dražen;vedouci
Špaček, Jaroslav;Špaček, Jaroslav;vedouci
Čižmář, Ivan;Čižmář, Ivan;vedouci
Kuna, Martin;Kuna, Martin;vedouci
Hylmarová, Lucie;Hylmarová, Lucie;vedouci
Kocina, Jan;Kocina, Jan;vedouci
Turek, Jan;Turek, Jan;vedouci
Španihel, Samuel;Španihel, Samuel;vedouci
Waldhauser, Jiří;Waldhauser, Jiří;vedouci
Balý, Radek;Balý, Radek;vedouci
Hudec, Jaroslav;Hudec, Jaroslav;vedouci
Břicháček, Pavel;Břicháček, Pavel;vedouci
Kašpar, Vojtěch;Kašpar, Vojtěch;vedouci
Wiesławski, Łukasz;Wiesławski, Łukasz;vedouci
Burdychová, Hana;Burdychová, Hana;vedouci
Kos, Petr;Kos, Petr;vedouci
Boček, Jan;Boček, Jan;vedouci
Metlička, Milan;Metlička, Milan;vedouci
Bek, Tomáš;Bek, Tomáš;vedouci
Děcký, Dominik;Děcký, Dominik;vedouci
Burešová, Hana;Burešová, Hana;vedouci
Přichystal, Michal;Přichystal, Michal;vedouci
Stolzová, Dana;Stolzová, Dana;vedouci
Sedláčková, Jarmila;Sedláčková, Jarmila;vedouci
Novák, Marek;Novák, Marek;vedouci
Volf, Vojtěch;Volf, Vojtěch;vedouci
Tůma, Jan;Tůma, Jan;vedouci
Parma, David;Parma, David;vedouci
Valkony, Jiří;Valkony, Jiří;vedouci
Bouda, Jiří;Bouda, Jiří;vedouci
Postránecká, Kateřina;Postránecká, Kateřina;vedouci
Roháček, Miloš;Roháček, Miloš;vedouci
Čiháčková, Lucie;Čiháčková, Lucie;vedouci
Kotyza, Oldřich;Kotyza, Oldřich;vedouci
Hereit, Petr;Hereit, Petr;vedouci
Němcová, Eliška;Němcová, Eliška;vedouci
Pokorný, Michal;Pokorný, Michal;vedouci
Crkal, Jiří;Crkal, Jiří;vedouci
Malík, Pavel;Malík, Pavel;vedouci
Rypka, Luboš;Rypka, Luboš;vedouci
Frolíková, Drahomíra;Frolíková, Drahomíra;vedouci
Bíško, Richard;Bíško, Richard;vedouci
Braun, Peter;Braun, Peter;vedouci
Gabriel, František;Gabriel, František;vedouci
Němcová, Andrea;Němcová, Andrea;vedouci
Žaloudková, Petra;Žaloudková, Petra;vedouci
Dvořák, František;Dvořák, František;vedouci
Černá, Eva;Černá, Eva;vedouci
Pavlů, Ivan;Pavlů, Ivan;vedouci
Kašpárek, František;Kašpárek, František;vedouci
Knor, Antonín;Knor, Antonín;vedouci
Koutecký, Drahomír;Koutecký, Drahomír;vedouci
Bedáň, Lukáš;Bedáň, Lukáš;vedouci
Jiřík, Jaroslav;Jiřík, Jaroslav;vedouci
Brejcha, Roman;Brejcha, Roman;vedouci
Kalferst, Jiří;Kalferst, Jiří;vedouci
Vencl, Slavomil;Vencl, Slavomil;vedouci
Halama, Jakub;Halama, Jakub;vedouci
Krpálek, Josef;Krpálek, Josef;vedouci
Švédová, Jarmila;Švédová, Jarmila;vedouci
Řezáč, Milan;Řezáč, Milan;vedouci
Chlup, Tomáš;Chlup, Tomáš;vedouci
Hartmanová, Olga;Hartmanová, Olga;vedouci
Papáková, Kateřina;Papáková, Kateřina;vedouci
Bergerová, Alžběta;Bergerová, Alžběta;vedouci
Peksa, Vojtěch;Peksa, Vojtěch;vedouci
Smrž, Zdeněk;Smrž, Zdeněk;vedouci
Bulvová, Kristýna;Bulvová, Kristýna;vedouci
Kuchařík, Milan;Kuchařík, Milan;vedouci
Janicki, Rafael;Janicki, Rafael;vedouci
Kudrnáč, Jaroslav;Kudrnáč, Jaroslav;vedouci
Rataj, Petr;Rataj, Petr;vedouci
Kiecoň, Marek;Kiecoň, Marek;vedouci
Šulová, Lucia;Šulová, Lucia;vedouci
Káčerik, Aleš;Káčerik, Aleš;vedouci
Selmi Wallisová, Michaela;Selmi Wallisová, Michaela;vedouci
Daněček, David;Daněček, David;vedouci
Peša, Vladimír;Peša, Vladimír;vedouci
Krutina, Ivan;Krutina, Ivan;vedouci
Krolmus, Václav;Krolmus, Václav;vedouci
Kaiser, Ladislav;Kaiser, Ladislav;vedouci
Hlas, Jindřich;Hlas, Jindřich;vedouci
Rayman, Nikola;Rayman, Nikola;vedouci
Sedláček, Zbyněk;Sedláček, Zbyněk;vedouci
Burian, Vladislav;Burian, Vladislav;vedouci
Charvát, Petr;Charvát, Petr;vedouci
Dudková, Veronika;Dudková, Veronika;vedouci
Moravec, Zbyněk;Moravec, Zbyněk;vedouci
Trávníček, Tomáš;Trávníček, Tomáš;vedouci
Schmidtová, Dominika;Schmidtová, Dominika;vedouci
Levínský, Ondřej;Levínský, Ondřej;vedouci
Čechura, Martin;Čechura, Martin;vedouci
Stará, Marcela;Stará, Marcela;vedouci
Lečbych, Marek;Lečbych, Marek;vedouci
Kalábek, Marek;Kalábek, Marek;vedouci
Dubský, Bedřich;Dubský, Bedřich;vedouci
Hrubý, Petr;Hrubý, Petr;vedouci
Smetana, Jiří;Smetana, Jiří;vedouci
Zadák, Jan;Zadák, Jan;vedouci
Rous, Pavel;Rous, Pavel;vedouci
Stráník, Daniel;Stráník, Daniel;vedouci
Tomešová, Barbora;Tomešová, Barbora;vedouci
Havrda, Jan;Havrda, Jan;vedouci
Šteffl, Jindřich;Šteffl, Jindřich;vedouci
Vávra, Jiří;Vávra, Jiří;vedouci
Bubeník, Josef;Bubeník, Josef;vedouci
Effenberková, Petra;Effenberková, Petra;vedouci
Nováček, Karel;Nováček, Karel;vedouci
Šmíd, Miroslav;Šmíd, Miroslav;vedouci
Fencl, Václav;Fencl, Václav;vedouci
Matějíčková, Andrea;Matějíčková, Andrea;vedouci
Juřina, Petr;Juřina, Petr;vedouci
Zubalík, Jiří;Zubalík, Jiří;vedouci
Král, Vlastimil;Král, Vlastimil;vedouci
Pipková, Petra;Pipková, Petra;vedouci
Hájek, Zdeněk;Hájek, Zdeněk;vedouci
Dehnerová, Hana;Dehnerová, Hana;vedouci
Moucha, Václav;Moucha, Václav;vedouci
Zelenka, Antonín;Zelenka, Antonín;vedouci
Chrástek, Tomáš;Chrástek, Tomáš;vedouci
Komoróczy, Balázs;Komoróczy, Balázs;vedouci
Mácalová, Michaela;Mácalová, Michaela;vedouci
Rada, Ivan;Rada, Ivan;vedouci
Rožnovský, David;Rožnovský, David;vedouci
Kostrouch, František;Kostrouch, František;vedouci
Dragoun, Zdeněk;Dragoun, Zdeněk;vedouci
Justová, Jarmila;Justová, Jarmila;vedouci
Mašek, Norbert;Mašek, Norbert;vedouci
Pícka, Jan;Pícka, Jan;vedouci
Vařeka, Pavel;Vařeka, Pavel;vedouci
Neustupný, Evžen;Neustupný, Evžen;vedouci
Cebová, Kristýna;Cebová, Kristýna;vedouci
Pleinerová, Ivana;Pleinerová, Ivana;vedouci
Benková, Irena;Benková, Irena;vedouci
Vrána, Jakub;Vrána, Jakub;vedouci
Duffek, Petr;Duffek, Petr;vedouci
Procházka, Milan;Procházka, Milan;vedouci
Baštová, Dara;Baštová, Dara;vedouci
Benešová, Jana;Benešová, Jana;vedouci
Klápště, Jan;Klápště, Jan;vedouci
Thomová, Zuzana;Thomová, Zuzana;vedouci
Kala, Jiří;Kala, Jiří;vedouci
Lissek, Petr;Lissek, Petr;vedouci
Vágner, Jindřich;Vágner, Jindřich;vedouci
Militký, Jiří;Militký, Jiří;vedouci
Tomková, Kateřina;Tomková, Kateřina;vedouci
Přerostová, Hana;Přerostová, Hana;vedouci
Böhm, Jaroslav;Böhm, Jaroslav;vedouci
Zimola, David;Zimola, David;vedouci
Žebera, Karel;Žebera, Karel;vedouci
Boháčová, Ivana;Boháčová, Ivana;vedouci
Jarůšková, Zuzana;Jarůšková, Zuzana;vedouci
Šebesta, Pavel;Šebesta, Pavel;vedouci
Kuchař, Zdeněk;Kuchař, Zdeněk;vedouci
Zeman, Tomáš;Zeman, Tomáš;vedouci
Valentová, Jarmila;Valentová, Jarmila;vedouci
Pták, Martin;Pták, Martin;vedouci
Čižmář, Zdeněk;Čižmář, Zdeněk;vedouci
Vepřeková, Jana;Vepřeková, Jana;vedouci
Andrísek, Lubomír;Andrísek, Lubomír;vedouci
Čiháková, Jarmila;Čiháková, Jarmila;vedouci
Bubeníková, Simona;Bubeníková, Simona;vedouci
Johančík, Radek;Johančík, Radek;vedouci
Černý, Martin;Černý, Martin;vedouci
Chlevišťan, Jiří;Chlevišťan, Jiří;vedouci
Krasnokutská, Tereza;Krasnokutská, Tereza;vedouci
Merta, David;Merta, David;vedouci
Podliska, Jaroslav;Podliska, Jaroslav;vedouci
Šmahelová, Lucie;Šmahelová, Lucie;vedouci
Tvrdík, Radek;Tvrdík, Radek;vedouci
Chalánek, Martin;Chalánek, Martin;vedouci
Haišmanová, Libuše;Haišmanová, Libuše;vedouci
Velímský, Tomáš;Velímský, Tomáš;vedouci
Geisler, Martin;Geisler, Martin;vedouci
Stanovská, Johana;Stanovská, Johana;vedouci
Tryml, Michal;Tryml, Michal;vedouci
Hendrychová, Soňa;Hendrychová, Soňa;vedouci
Krajíc, Rudolf;Krajíc, Rudolf;vedouci
Šída, Petr;Šída, Petr;vedouci
Nechvátal, Bořivoj;Nechvátal, Bořivoj;vedouci
Tetour, Michal;Tetour, Michal;vedouci
Zůbek, Antonín;Zůbek, Antonín;vedouci
Kováčik, Peter;Kováčik, Peter;vedouci
Uhlářová, Martina;Uhlářová, Martina;vedouci
Trefný, Martin;Trefný, Martin;vedouci
Motyková, Karla;Motyková, Karla;vedouci
Ernée, Michal;Ernée, Michal;vedouci
Horák, Jan;Horák, Jan;vedouci
Němcová, Ludmila;Němcová, Ludmila;vedouci
Bašta, Jaroslav;Bašta, Jaroslav;vedouci
Dobeš, Miroslav;Dobeš, Miroslav;vedouci
Hammer, Friedrich;Hammer, Friedrich;vedouci
Jančo, Milan;Jančo, Milan;vedouci
Schenk, Zdeněk;Schenk, Zdeněk;vedouci
Čurda, Tomáš;Čurda, Tomáš;vedouci
Starec, Petr;Starec, Petr;vedouci
Zápotocký, Milan;Zápotocký, Milan;vedouci
Kašák, Karel;Kašák, Karel;vedouci
Kohoutová, Pavla;Kohoutová, Pavla;vedouci
Muška, Jiří;Muška, Jiří;vedouci
Smetánka, Zdeněk;Smetánka, Zdeněk;vedouci
Orna, Jiří;Orna, Jiří;vedouci
Kacl, Pavel;Kacl, Pavel;vedouci
Trampota, František;Trampota, František;vedouci
Čuláková, Katarína;Čuláková, Katarína;vedouci
Beránek, Michal;Beránek, Michal;vedouci
Bartík, Jaroslav;Bartík, Jaroslav;vedouci
Psohlavcová, Monika;Psohlavcová, Monika;vedouci
Říha, Karel;Říha, Karel;vedouci
Kamenická, Eva;Kamenická, Eva;vedouci
Krásný, Filip;Krásný, Filip;vedouci
Vokáč, Milan;Vokáč, Milan;vedouci
Končelová, Markéta;Končelová, Markéta;vedouci
Hrala, Jiří;Hrala, Jiří;vedouci
Borkovský, Ivan;Borkovský, Ivan;vedouci
Huml, Václav;Huml, Václav;vedouci
Kubný, Martin;Kubný, Martin;vedouci
Rulf, Jan;Rulf, Jan;vedouci
Holub, Petr;Holub, Petr;vedouci
Rybářová, Klára;Rybářová, Klára;vedouci
Hosnedlová, Hana;Hosnedlová, Hana;vedouci
Kordíková, Alena;Kordíková, Alena;vedouci
Kraus, Miroslav;Kraus, Miroslav;vedouci
Kubalova, Ivana;Kubalova, Ivana;vedouci
Matoušek, Václav;Matoušek, Václav;vedouci
Sedláček, Radko;Sedláček, Radko;vedouci
Cvrková, Marta;Cvrková, Marta;vedouci
Kalčík, Libor;Kalčík, Libor;vedouci
Reichertová, Květoslava;Reichertová, Květoslava;vedouci
Šolle, Miloš;Šolle, Miloš;vedouci
Chytráček, Miloslav;Chytráček, Miloslav;vedouci
Debnar, Alexandr;Debnar, Alexandr;vedouci
Hurajčíková, Veronika;Hurajčíková, Veronika;vedouci
Fridrich, Jan;Fridrich, Jan;vedouci
Unger, Josef;Unger, Josef;vedouci
Vaškových, Miroslav;Vaškových, Miroslav;vedouci
Vondroušová, Iva;Vondroušová, Iva;vedouci
Rusó, Alexandra;Rusó, Alexandra;vedouci
Řehounková, Jana;Řehounková, Jana;vedouci
Vitula, Petr;Vitula, Petr;vedouci
Kalinová, Michaela;Kalinová, Michaela;vedouci
Stedinová, Veronika;Stedinová, Veronika;vedouci
Kabát, Josef;Kabát, Josef;vedouci
Knápek, Aleš;Knápek, Aleš;vedouci
Píč, Josef Ladislav;Píč, Josef Ladislav;vedouci
Těsnohlídek, Jakub;Těsnohlídek, Jakub;vedouci
Hájek, Ladislav;Hájek, Ladislav;vedouci
Mařík, Tomáš;Mařík, Tomáš;vedouci
Moureček, Radek;Moureček, Radek;vedouci
Tajer, Jan;Tajer, Jan;vedouci
Šulcová, Julie;Šulcová, Julie;vedouci
Venclová, Natalie;Venclová, Natalie;vedouci
John, Jan;John, Jan;vedouci
Mádl, Josef;Mádl, Josef;vedouci
Rytíř, Ladislav;Rytíř, Ladislav;vedouci
Sehnoutková, Petra;Sehnoutková, Petra;vedouci
Smíšek, Kamil;Smíšek, Kamil;vedouci
Limburský, Petr;Limburský, Petr;vedouci
Peška, Jaroslav;Peška, Jaroslav;vedouci
Beneš, Jaromír;Beneš, Jaromír;vedouci
Beneš, Jiří;Beneš, Jiří;vedouci
Petera Rohoznický, František;Petera Rohoznický, František;vedouci
Havlice, Jiří;Havlice, Jiří;vedouci
Lutovský, Michal;Lutovský, Michal;vedouci
Vnoučková, Darina;Vnoučková, Darina;vedouci
Čižmář, Miloš;Čižmář, Miloš;vedouci
Maličký, Josef;Maličký, Josef;vedouci
Nejedlá, Alena;Nejedlá, Alena;vedouci
Salač, Vladimír;Salač, Vladimír;vedouci
Zavřel, Jan;Zavřel, Jan;vedouci
Frýda, František;Frýda, František;vedouci
Marethová, Barbara;Marethová, Barbara;vedouci
Procházka, Rudolf;Procházka, Rudolf;vedouci
Zelená, Petra;Zelená, Petra;vedouci
Břeň, David;Břeň, David;vedouci
Pavelčík, Jiří;Pavelčík, Jiří;vedouci
Polcar, David;Polcar, David;vedouci
Kostka, Michal;Kostka, Michal;vedouci
Půlpán, Marek;Půlpán, Marek;vedouci
Sušická, Věra;Sušická, Věra;vedouci
Tajer, Arkadiusz;Tajer, Arkadiusz;vedouci
Menšík, Petr;Menšík, Petr;vedouci
Volf, Martin;Volf, Martin;vedouci
Zlámal, Tomáš;Zlámal, Tomáš;vedouci
Šebesta, Kryštof;Šebesta, Kryštof;vedouci
Sakař, Vladimír;Sakař, Vladimír;vedouci
Tichá Krasnokutská, Tereza;Tichá Krasnokutská, Tereza;vedouci
Zatloukal, Richard;Zatloukal, Richard;vedouci
Kalferstová, Jana;Kalferstová, Jana;vedouci
Pecinovská, Monika;Pecinovská, Monika;vedouci
Wolf, Vladimír;Wolf, Vladimír;vedouci
Blažek, Jan;Blažek, Jan;vedouci
Bártová Pavelková, Taťána;Bártová Pavelková, Taťána;vedouci
Hájková, Olga;Hájková, Olga;vedouci
Křemen, Miroslav;Křemen, Miroslav;vedouci
Manethová, Maria Antonia;Manethová, Maria Antonia;vedouci
Malyková, Drahomíra;Malyková, Drahomíra;vedouci
Nechvíle, Martin;Nechvíle, Martin;vedouci
Sedláček, František;Sedláček, František;vedouci
Čujanová, Eva;Čujanová, Eva;vedouci
Krumplová, Michaela;Krumplová, Michaela;vedouci
Lungová, Veronika;Lungová, Veronika;vedouci
Richter, Miroslav;Richter, Miroslav;vedouci
Čech, Petr;Čech, Petr;vedouci
Čtrnáct, Václav;Čtrnáct, Václav;vedouci
Procházka, Čestmír;Procházka, Čestmír;vedouci
Wiesnerová, Eliška;Wiesnerová, Eliška;vedouci
Kohoutek, Jiří;Kohoutek, Jiří;vedouci
Kolář, František;Kolář, František;vedouci
Navrátil, Aleš;Navrátil, Aleš;vedouci
Teuerová, Eva;Teuerová, Eva;vedouci
Dreslerová, Dagmar;Dreslerová, Dagmar;vedouci
Hrdlička, Ladislav;Hrdlička, Ladislav;vedouci
Zezula, Michal;Zezula, Michal;vedouci
Šmerda, Jaromír;Šmerda, Jaromír;vedouci
Chotěbor, Petr;Chotěbor, Petr;vedouci
Hejna, Antonín;Hejna, Antonín;vedouci
Krasanovská, Hana;Krasanovská, Hana;vedouci
Schirmeisen, Karl;Schirmeisen, Karl;vedouci
Bučová Čerňavová, Katarína;Bučová Čerňavová, Katarína;vedouci
Horáková, Libuše;Horáková, Libuše;vedouci
Koppová, Eva;Koppová, Eva;vedouci
Rataj, Jan;Rataj, Jan;vedouci
Sochorová, Markéta;Sochorová, Markéta;vedouci
Trnka, Robert;Trnka, Robert;vedouci
Derner, Kryštof;Derner, Kryštof;vedouci
Forst, Matěj;Forst, Matěj;vedouci
Hlubek, Lukáš;Hlubek, Lukáš;vedouci
Hejhal, Petr;Hejhal, Petr;vedouci
Neruda, Petr;Neruda, Petr;vedouci
Soukup, Michal;Soukup, Michal;vedouci
Fajtová, Veronika;Fajtová, Veronika;vedouci
Fridrichová, Marie;Fridrichová, Marie;vedouci
Klementová, Jana;Klementová, Jana;vedouci
Teryngerová, Hana;Teryngerová, Hana;vedouci
Kabeláčová, Petra;Kabeláčová, Petra;vedouci
Plaštiaková, Miroslava;Plaštiaková, Miroslava;vedouci
Sedláčková, Hedvika;Sedláčková, Hedvika;vedouci
Šíma, František;Šíma, František;vedouci
Klsák, Jiří;Klsák, Jiří;vedouci
Kvietok, Martin;Kvietok, Martin;vedouci
Lanta, Martin;Lanta, Martin;vedouci
Olmerová, Helena;Olmerová, Helena;vedouci
Prošek, František;Prošek, František;vedouci
Werens, Piotr;Werens, Piotr;vedouci
Klíma, Bohuslav;Klíma, Bohuslav;vedouci
Lomecká, Jana;Lomecká, Jana;vedouci
Bartůněk, Jiří;Bartůněk, Jiří;vedouci
Šmejdová, Martina;Šmejdová, Martina;vedouci
Dvořák, Petr;Dvořák, Petr;vedouci
Pleiner, Radomír;Pleiner, Radomír;vedouci
Vojtěchovská, Ivana;Vojtěchovská, Ivana;vedouci
Čerevková, Alžběta;Čerevková, Alžběta;vedouci
Jansová, Libuše;Jansová, Libuše;vedouci
Slepička, Karel;Slepička, Karel;vedouci
Tomášek, Martin;Tomášek, Martin;vedouci
Bláha, Josef;Bláha, Josef;vedouci
Kursová, Lucie;Kursová, Lucie;vedouci
Sommer, Petr;Sommer, Petr;vedouci
Černý, Miroslav;Černý, Miroslav;vedouci
Škrábek, Karel;Škrábek, Karel;vedouci
Matoušková, Adéla;Matoušková, Adéla;vedouci
Vaněk, Jiří;Vaněk, Jiří;vedouci
Žegklitz, Jaromír;Žegklitz, Jaromír;vedouci
Brestovanský, Petr;Brestovanský, Petr;vedouci
Cejpová, Miroslava;Cejpová, Miroslava;vedouci
Chybová, Helena;Chybová, Helena;vedouci
Hložek, Josef;Hložek, Josef;vedouci
Nováková, Ludmila;Nováková, Ludmila;vedouci
Novák, Vojtěch;Novák, Vojtěch;vedouci
Rybová, Alena;Rybová, Alena;vedouci
Stocký, Albín;Stocký, Albín;vedouci
Cymbalak, Tomasz;Cymbalak, Tomasz;vedouci
Herčík, Ondřej;Herčík, Ondřej;vedouci
Skalická, Pavla;Skalická, Pavla;vedouci
Sklenář, Karel;Sklenář, Karel;vedouci
Svoboda, Jiří;Svoboda, Jiří;vedouci
Sýkora, Milan;Sýkora, Milan;vedouci
Vránová, Vendula;Vránová, Vendula;vedouci
Herichová, Iva;Herichová, Iva;vedouci
Krušinová, Lenka;Krušinová, Lenka;vedouci
Pokorná, Kamila;Pokorná, Kamila;vedouci
Šanovec, Rudolf;Šanovec, Rudolf;vedouci
Fiedler, Zdeněk;Fiedler, Zdeněk;vedouci
Gojda, Martin;Gojda, Martin;vedouci
Opicová, Kateřina;Opicová, Kateřina;vedouci
Sokol, Petr;Sokol, Petr;vedouci
Veselý, Josef;Veselý, Josef;vedouci
Šrůtek, Filip;Šrůtek, Filip;vedouci
Štefanová, Věra;Štefanová, Věra;vedouci
Drda, Petr;Drda, Petr;vedouci
Foster, Linda;Foster, Linda;vedouci
Paulus, Filip;Paulus, Filip;vedouci
Thoma, Juraj;Thoma, Juraj;vedouci
Zyková, Michaela;Zyková, Michaela;vedouci
Sklenářová, Zuzana;Sklenářová, Zuzana;vedouci
Krutiš, Marek;Krutiš, Marek;vedouci
Menoušková, Dana;Menoušková, Dana;vedouci
Dvořák, Luděk;Dvořák, Luděk;vedouci
Fišera, Zdeněk;Fišera, Zdeněk;vedouci
Nekvasil, Jindra;Nekvasil, Jindra;vedouci
Poledne, Jan;Poledne, Jan;vedouci
Profantová, Naďa;Profantová, Naďa;vedouci
Domečka, Ludvík;Domečka, Ludvík;vedouci
Kolejáková, Klára;Kolejáková, Klára;vedouci
Neustupný, Zdeněk;Neustupný, Zdeněk;vedouci
Poulík, Josef;Poulík, Josef;vedouci
Rožmberský, Petr;Rožmberský, Petr;vedouci
Spurný, Václav;Spurný, Václav;vedouci
Štauber, Bedřich;Štauber, Bedřich;vedouci
Bezděka, Jindřich Václav;Bezděka, Jindřich Václav;vedouci
Dragoun, Zvonimír;Dragoun, Zvonimír;vedouci
Hendrych, Vladimír;Hendrych, Vladimír;vedouci
Pleska, Miroslav;Pleska, Miroslav;vedouci
Vladař, Jan;Vladař, Jan;vedouci
Šrámek, Filip;Šrámek, Filip;vedouci
Caletka, Jan;Caletka, Jan;vedouci
Hoch, Aleš;Hoch, Aleš;vedouci
Koucký, Karel;Koucký, Karel;vedouci
Soudská, Eva;Soudská, Eva;vedouci
Weber, Vít;Weber, Vít;vedouci
Bálek, Miroslav;Bálek, Miroslav;vedouci
Jíra, Josef Antonín;Jíra, Josef Antonín;vedouci
Mazač, Zdeněk;Mazač, Zdeněk;vedouci
Staňková, Veronika;Staňková, Veronika;vedouci
Šaldová, Věra;Šaldová, Věra;vedouci
Bezáková, Jana;Bezáková, Jana;vedouci
Kruta, Václav;Kruta, Václav;vedouci
Plesl, Evžen;Plesl, Evžen;vedouci
Taibl, Pavel;Taibl, Pavel;vedouci
Novák, Jakub;Novák, Jakub;vedouci
Petrlík, Jindřich;Petrlík, Jindřich;vedouci
Tichý, Radomír;Tichý, Radomír;vedouci
Eigner, Jan;Eigner, Jan;vedouci
Hellich, Jan;Hellich, Jan;vedouci
Kolařík, Václav;Kolařík, Václav;vedouci
Loukota, Martin;Loukota, Martin;vedouci
Marešová, Daniela;Marešová, Daniela;vedouci
Schneiderwinklová, Pavlína;Schneiderwinklová, Pavlína;vedouci
Sedláčková, Lenka;Sedláčková, Lenka;vedouci
Slavík, Jiří;Slavík, Jiří;vedouci
Čermáková, Kateřina;Čermáková, Kateřina;vedouci
Šálková, Tereza;Šálková, Tereza;vedouci
Dejmal, Miroslav;Dejmal, Miroslav;vedouci
Eisenhammer, Patrik;Eisenhammer, Patrik;vedouci
Hrubá, Hana;Hrubá, Hana;vedouci
Junková, Andrea;Junková, Andrea;vedouci
Lička, Milan;Lička, Milan;vedouci
Peška, Marek;Peška, Marek;vedouci
Rakovský, Ivo;Rakovský, Ivo;vedouci
Váňa, Zdeněk;Váňa, Zdeněk;vedouci
Čermák, Josef;Čermák, Josef;vedouci
Havel, Josef;Havel, Josef;vedouci
Tišerová, Renata;Tišerová, Renata;vedouci
Šlézar, Pavel;Šlézar, Pavel;vedouci
Dohnal, Vít;Dohnal, Vít;vedouci
Smola, Adam;Smola, Adam;vedouci
Bařinka, Jan;Bařinka, Jan;vedouci
Cílek, Václav;Cílek, Václav;vedouci
Kočár, Petr;Kočár, Petr;vedouci
Kytlicová, Olga;Kytlicová, Olga;vedouci
Novotný, Bohuslav;Novotný, Bohuslav;vedouci
Petříčková, Jitka;Petříčková, Jitka;vedouci
Princ, Milan;Princ, Milan;vedouci
Pícha, Vladislav;Pícha, Vladislav;vedouci
Wallisová, Michaela;Wallisová, Michaela;vedouci
Berkovec, Tomáš;Berkovec, Tomáš;vedouci
Buchtela, Karel;Buchtela, Karel;vedouci
Doubová, Marie;Doubová, Marie;vedouci
Hraše, Jan Karel;Hraše, Jan Karel;vedouci
Jílek, Jan;Jílek, Jan;vedouci
Kašpar, Pavel;Kašpar, Pavel;vedouci
Říhovský, Jiří;Říhovský, Jiří;vedouci
Hentschová, Radka;Hentschová, Radka;vedouci
Hlaváčová, Veronika;Hlaváčová, Veronika;vedouci
Kutílková, Pavla;Kutílková, Pavla;vedouci
Nerudová, Zdeňka;Nerudová, Zdeňka;vedouci
Turek, Rudolf;Turek, Rudolf;vedouci
Zeman, Jiří;Zeman, Jiří;vedouci
Beneš, František;Beneš, František;vedouci
Kovárník, Jaromír;Kovárník, Jaromír;vedouci
Mařík, Jan;Mařík, Jan;vedouci
Pleslová, Emilie;Pleslová, Emilie;vedouci
Štrof, Antonín;Štrof, Antonín;vedouci
Lehečková, Eva;Lehečková, Eva;vedouci
Procházka, Zdeněk;Procházka, Zdeněk;vedouci
Stejskalová, Dana;Stejskalová, Dana;vedouci
Sýkorová, Ivana;Sýkorová, Ivana;vedouci
Axamit, Jan;Axamit, Jan;vedouci
Fassl, Anton Hermann;Fassl, Anton Hermann;vedouci
Franková, Daniela;Franková, Daniela;vedouci
Ondráčková, Lenka;Ondráčková, Lenka;vedouci
Fair, Tomáš;Fair, Tomáš;vedouci
Hieke, Erik;Hieke, Erik;vedouci
Kožíšek, Jan;Kožíšek, Jan;vedouci
Pelc, V.;Pelc, V.;vedouci
Slabina, Miloslav;Slabina, Miloslav;vedouci
Fridrichová-Sýkorová, Ivana;Fridrichová-Sýkorová, Ivana;vedouci
Kapustka, Katarína;Kapustka, Katarína;vedouci
Kausek, Petr;Kausek, Petr;vedouci
Lochmann, Zdeněk;Lochmann, Zdeněk;vedouci
Ondráček, Jaromír;Ondráček, Jaromír;vedouci
Sakařová, Jana;Sakařová, Jana;vedouci
Vyšohlíd, Martin;Vyšohlíd, Martin;vedouci
Šnajdr, Ludvík;Šnajdr, Ludvík;vedouci
Anderle, Jan;Anderle, Jan;vedouci
Budač, Michal;Budač, Michal;vedouci
Filip, Jan;Filip, Jan;vedouci
Goš, Vladimír;Goš, Vladimír;vedouci
Hiltscher, Tomáš;Hiltscher, Tomáš;vedouci
Zbranek, Hynek;Zbranek, Hynek;vedouci
Charvátová, Kateřina;Charvátová, Kateřina;vedouci
Hus, Miroslav;Hus, Miroslav;vedouci
Král, Jaroslav;Král, Jaroslav;vedouci
Kučera, Václav;Kučera, Václav;vedouci
Peškař, Ivan;Peškař, Ivan;vedouci
Stabrava, Pavel;Stabrava, Pavel;vedouci
Zápotocká, Marie;Zápotocká, Marie;vedouci
Švábek, Vladimír;Švábek, Vladimír;vedouci
Ježek, Martin;Ježek, Martin;vedouci
Vochozková, Iva;Vochozková, Iva;vedouci
Zapletalová, Dana;Zapletalová, Dana;vedouci
Škrdla, Petr;Škrdla, Petr;vedouci
Geislerová, Kateřina;Geislerová, Kateřina;vedouci
Květina, Petr;Květina, Petr;vedouci
Tschakert, Otto;Tschakert, Otto;vedouci
Záhorák, Vít;Záhorák, Vít;vedouci
Zápařka, L.;Zápařka, L.;vedouci
Šedo, Ondrej;Šedo, Ondrej;vedouci
Štochl, Daniel;Štochl, Daniel;vedouci
Bříza, Svatopluk;Bříza, Svatopluk;vedouci
Homolová, Michaela;Homolová, Michaela;vedouci
Koderová, Marie;Koderová, Marie;vedouci
Kovářík, Jan;Kovářík, Jan;vedouci
Novotný, Jakub;Novotný, Jakub;vedouci
Prekop, Filip;Prekop, Filip;vedouci
Sankot, Pavel;Sankot, Pavel;vedouci
Varadzin, Ladislav;Varadzin, Ladislav;vedouci
Budinský, Peter;Budinský, Peter;vedouci
Březinová, Helena;Březinová, Helena;vedouci
Cejnková, Dana;Cejnková, Dana;vedouci
Jelínek, Petr;Jelínek, Petr;vedouci
Kotýnek, Michal;Kotýnek, Michal;vedouci
Kouřil, Pavel;Kouřil, Pavel;vedouci
Neustupný, Jiří;Neustupný, Jiří;vedouci
Omelka, Martin;Omelka, Martin;vedouci
Richterová, Julie;Richterová, Julie;vedouci
Sobota, M.;Sobota, M.;vedouci
Felcman, Jan;Felcman, Jan;vedouci
Hamberger, T.;Hamberger, T.;vedouci
Lebeda, V.;Lebeda, V.;vedouci
Ludikovský, Karel;Ludikovský, Karel;vedouci
Martinec, Vladimír;Martinec, Vladimír;vedouci
Moravec, Josef;Moravec, Josef;vedouci
Princová-Justová, Jarmila;Princová-Justová, Jarmila;vedouci
Staňa, Čeněk;Staňa, Čeněk;vedouci
Řídký, Jaroslav;Řídký, Jaroslav;vedouci
Švácha, Hynek;Švácha, Hynek;vedouci
Bartošková, Andrea;Bartošková, Andrea;vedouci
Kout, Adam;Kout, Adam;vedouci
Laube, Gustav;Laube, Gustav;vedouci
Novotná, Alena;Novotná, Alena;vedouci
Prkno, Jaroslav;Prkno, Jaroslav;vedouci
Prokešová, Zdeňka;Prokešová, Zdeňka;vedouci
Viktorová, Kateřina;Viktorová, Kateřina;vedouci
Špaček, Ladislav;Špaček, Ladislav;vedouci
Figura, Jindřich;Figura, Jindřich;vedouci
Hanzl, Lukáš;Hanzl, Lukáš;vedouci
Hořínková, Andrea;Hořínková, Andrea;vedouci
Kovář, Daniel;Kovář, Daniel;vedouci
Loskotová, Irena;Loskotová, Irena;vedouci
Michna, Pavel;Michna, Pavel;vedouci
Miller, Antonín;Miller, Antonín;vedouci
Ryšková, Anastázie;Ryšková, Anastázie;vedouci
Tocháček, Václav;Tocháček, Václav;vedouci
Waldmannová, Marcela;Waldmannová, Marcela;vedouci
Červený, Ivan;Červený, Ivan;vedouci
Drda, Miloš;Drda, Miloš;vedouci
Fencl, Josef;Fencl, Josef;vedouci
Horáková-Jansová, Libuše;Horáková-Jansová, Libuše;vedouci
Jílková, Eva;Jílková, Eva;vedouci
Kern, Josef;Kern, Josef;vedouci
Kolegar, Tomáš;Kolegar, Tomáš;vedouci
Majer, Antonín;Majer, Antonín;vedouci
Pischnothová, Marcela;Pischnothová, Marcela;vedouci
Vlášek, Milan;Vlášek, Milan;vedouci
Waněk, Jan;Waněk, Jan;vedouci
Weinzierl von Weinberg, Robert Karl;Weinzierl von Weinberg, Robert Karl;vedouci
Franc, František Xaver;Franc, František Xaver;vedouci
Jiráň, Luboš;Jiráň, Luboš;vedouci
Kalina von Jäthenstein, Mathias;Kalina von Jäthenstein, Mathias;vedouci
Kosina, Jan;Kosina, Jan;vedouci
Kostka, Josef;Kostka, Josef;vedouci
Preidel, Helmut;Preidel, Helmut;vedouci
Schmidt, Václav;Schmidt, Václav;vedouci
Stuchlík, Stanislav;Stuchlík, Stanislav;vedouci
Woldřich, Jan Nepomuk;Woldřich, Jan Nepomuk;vedouci
Štauberová, Jiřina;Štauberová, Jiřina;vedouci
Holodňáková, Radmila;Holodňáková, Radmila;vedouci
Hrbáčková, Alena;Hrbáčková, Alena;vedouci
Lafková, Hana;Lafková, Hana;vedouci
Metličková, Jarmila;Metličková, Jarmila;vedouci
Olbricht, Franz;Olbricht, Franz;vedouci
Semrádová, Kateřina;Semrádová, Kateřina;vedouci
Siegel, Jaroslav;Siegel, Jaroslav;vedouci
Ševčík, Alois;Ševčík, Alois;vedouci
Brych, Vladimír;Brych, Vladimír;vedouci
Buchvaldek, Miroslav;Buchvaldek, Miroslav;vedouci
Budaváry, Vojtech;Budaváry, Vojtech;vedouci
Gajdoš, Tomáš;Gajdoš, Tomáš;vedouci
Ihnatko, Jan;Ihnatko, Jan;vedouci
Klen, Jan;Klen, Jan;vedouci
Kubalová, Ivana;Kubalová, Ivana;vedouci
Lamprecht, Andrej;Lamprecht, Andrej;vedouci
Langová, Jana;Langová, Jana;vedouci
Smitka, Josef;Smitka, Josef;vedouci
Baarová, Zuzana;Baarová, Zuzana;vedouci
Dohnalová, Věra;Dohnalová, Věra;vedouci
Dřevo, Václav;Dřevo, Václav;vedouci
Kareš, Bohuš;Kareš, Bohuš;vedouci
Král, Jiří;Král, Jiří;vedouci
Malach, Roman;Malach, Roman;vedouci
Omelka, Zdeněk;Omelka, Zdeněk;vedouci
Siblík, Josef;Siblík, Josef;vedouci
Soudský, Bohumil;Soudský, Bohumil;vedouci
Soukupová, Dara;Soukupová, Dara;vedouci
Tobiaszová, Andrea;Tobiaszová, Andrea;vedouci
Šín, Lukáš;Šín, Lukáš;vedouci
Blažková, Gabriela;Blažková, Gabriela;vedouci
Břeň, Jiří;Břeň, Jiří;vedouci
Daňhel, Miroslav;Daňhel, Miroslav;vedouci
Hlásek, Daniel;Hlásek, Daniel;vedouci
Hoffmannová, Přibyslava;Hoffmannová, Přibyslava;vedouci
Janská, Eva;Janská, Eva;vedouci
Matějková, Tereza;Matějková, Tereza;vedouci
Miler, Josef;Miler, Josef;vedouci
Obšusta, Petr;Obšusta, Petr;vedouci
Píša, Vladimír;Píša, Vladimír;vedouci
Čechák, Petr;Čechák, Petr;vedouci
Šafář, F.;Šafář, F.;vedouci
Štiková, Emilie;Štiková, Emilie;vedouci
Bednařík, Karel;Bednařík, Karel;vedouci
Holas, Matouš;Holas, Matouš;vedouci
Janál, Jiří;Janál, Jiří;vedouci
Lung, Walter;Lung, Walter;vedouci
Pančíková, Zuzana;Pančíková, Zuzana;vedouci
Plekanec, Miroslav;Plekanec, Miroslav;vedouci
Přibylová, Michala;Přibylová, Michala;vedouci
Rendek, Jan;Rendek, Jan;vedouci
Skružný, Ludvík;Skružný, Ludvík;vedouci
Uherský, Marek;Uherský, Marek;vedouci
Výška, Karel;Výška, Karel;vedouci
Šneidrová, Karla;Šneidrová, Karla;vedouci
Baják, Martin;Baják, Martin;vedouci
Boušek, Jaroslav;Boušek, Jaroslav;vedouci
Bučo, Michal;Bučo, Michal;vedouci
Frost, Karl;Frost, Karl;vedouci
Hnízdová, Ivana;Hnízdová, Ivana;vedouci
Jisl, Lumír;Jisl, Lumír;vedouci
Karásek, Z.;Karásek, Z.;vedouci
Košatková, Iva;Košatková, Iva;vedouci
Krausová, Jana;Krausová, Jana;vedouci
Kubica, Jiří;Kubica, Jiří;vedouci
Macháček, M.;Macháček, M.;vedouci
Mudra, Petr;Mudra, Petr;vedouci
Piffl, Alfréd;Piffl, Alfréd;vedouci
Pobel, Anton;Pobel, Anton;vedouci
Prokopec, Tomáš;Prokopec, Tomáš;vedouci
Svobodová, Hana;Svobodová, Hana;vedouci
Tomek, Oldřich;Tomek, Oldřich;vedouci
Zahrádka, V.;Zahrádka, V.;vedouci
Čižmářová, Jana;Čižmářová, Jana;vedouci
Šlesingerová, Lada;Šlesingerová, Lada;vedouci
Brnič, Želimír;Brnič, Želimír;vedouci
Daněček, Vladimír;Daněček, Vladimír;vedouci
Freising, Hans;Freising, Hans;vedouci
Gaža, Jan;Gaža, Jan;vedouci
Havelka, Rudolf;Havelka, Rudolf;vedouci
Jančák, Miroslav;Jančák, Miroslav;vedouci
Kurz, Jindřich;Kurz, Jindřich;vedouci
Marek, František;Marek, František;vedouci
Masner, Prokop Filip;Masner, Prokop Filip;vedouci
Neumannová, Klára;Neumannová, Klára;vedouci
Pavelčík, Jan;Pavelčík, Jan;vedouci
Prudká, Alena;Prudká, Alena;vedouci
Szombathy, Josef;Szombathy, Josef;vedouci
Zezulová, Michaela;Zezulová, Michaela;vedouci
Boukal, Petr;Boukal, Petr;vedouci
Just, Gustav;Just, Gustav;vedouci
Knies, Jan;Knies, Jan;vedouci
Kochan, Šimon;Kochan, Šimon;vedouci
Kracík, Pavel;Kracík, Pavel;vedouci
Kučera, T.;Kučera, T.;vedouci
Křepelková, Jitka;Křepelková, Jitka;vedouci
Malý, Vladimír;Malý, Vladimír;vedouci
Moník, Martin;Moník, Martin;vedouci
Oliva, Martin;Oliva, Martin;vedouci
Petrbok, Jaroslav;Petrbok, Jaroslav;vedouci
Pilař, Daniel;Pilař, Daniel;vedouci
Pochmanová, Kateřina;Pochmanová, Kateřina;vedouci
Svoboda, Karel;Svoboda, Karel;vedouci
Valoch, Karel;Valoch, Karel;vedouci
Čermák, Kliment;Čermák, Kliment;vedouci
Šimák, Josef Vítězslav;Šimák, Josef Vítězslav;vedouci
Šimůnek, Josef;Šimůnek, Josef;vedouci
Šmolíková, Miroslava;Šmolíková, Miroslava;vedouci
Chlustíková, Katarína;Chlustíková, Katarína;vedouci
Drechsler, Aleš;Drechsler, Aleš;vedouci
Hrubeš, Martin;Hrubeš, Martin;vedouci
Hálek, Jiří;Hálek, Jiří;vedouci
Ječný, Hubert;Ječný, Hubert;vedouci
Kubín, Petr;Kubín, Petr;vedouci
Landa, Václav;Landa, Václav;vedouci
Lüssner, Moric;Lüssner, Moric;vedouci
Mackerle, Jaroslav;Mackerle, Jaroslav;vedouci
Matiášek, Josef;Matiášek, Josef;vedouci
Matuška, František;Matuška, František;vedouci
Mazuch, Marian;Mazuch, Marian;vedouci
Meduna, Jiří;Meduna, Jiří;vedouci
Mezenská, Eliška;Mezenská, Eliška;vedouci
Pechočová, Jana;Pechočová, Jana;vedouci
Pietsch, Petr;Pietsch, Petr;vedouci
Skutil, Josef;Skutil, Josef;vedouci
Trnka, Václav;Trnka, Václav;vedouci
Urban, Jan;Urban, Jan;vedouci
Vešta, Adolf;Vešta, Adolf;vedouci
Vocel, Jan Erazim;Vocel, Jan Erazim;vedouci
Štorch, Eduard;Štorch, Eduard;vedouci
Švecová, Renáta;Švecová, Renáta;vedouci
Danielisová, Alžběta;Danielisová, Alžběta;vedouci
Ernekr, Jaromír;Ernekr, Jaromír;vedouci
Hasil, Jan;Hasil, Jan;vedouci
Horálková, Pavla;Horálková, Pavla;vedouci
Jančák, M.;Jančák, M.;vedouci
Jelínková, Dagmar;Jelínková, Dagmar;vedouci
Kostelníková, Marie;Kostelníková, Marie;vedouci
Machačová, Veronika;Machačová, Veronika;vedouci
Macháček, Jiří;Macháček, Jiří;vedouci
Macků, Markéta;Macků, Markéta;vedouci
Měřínský, Zdeněk;Měřínský, Zdeněk;vedouci
Novotný, Boris;Novotný, Boris;vedouci
Novák, Martin;Novák, Martin;vedouci
Oktábec, J.;Oktábec, J.;vedouci
Pokorná, Helena;Pokorná, Helena;vedouci
Pávek, P.;Pávek, P.;vedouci
Salaš, Milan;Salaš, Milan;vedouci
Svoboda, Bedřich;Svoboda, Bedřich;vedouci
Trčková, Alena;Trčková, Alena;vedouci
Šedivý, Martin;Šedivý, Martin;vedouci
Štěrbová, Andrea;Štěrbová, Andrea;vedouci
Adámek, Jan;Adámek, Jan;vedouci
Bouzek, Jan;Bouzek, Jan;vedouci
Chochol, Jaromír;Chochol, Jaromír;vedouci
Ciglbauer, Jan;Ciglbauer, Jan;vedouci
Cícha, Jaroslav;Cícha, Jaroslav;vedouci
Dlabolová, Lucie;Dlabolová, Lucie;vedouci
Ferulík, Alois;Ferulík, Alois;vedouci
Foster, Patrick;Foster, Patrick;vedouci
Franz, Leonhard;Franz, Leonhard;vedouci
Gelnar, Michal;Gelnar, Michal;vedouci
Gerstenhöfer, Anton;Gerstenhöfer, Anton;vedouci
Kaván, Jaroslav;Kaván, Jaroslav;vedouci
Klanica, Zdeněk;Klanica, Zdeněk;vedouci
Kočtúch, Kamil;Kočtúch, Kamil;vedouci
Milsimerová, Barbora;Milsimerová, Barbora;vedouci
Steidl, Josef Otakar;Steidl, Josef Otakar;vedouci
Stuchlíková, Jana;Stuchlíková, Jana;vedouci
Tomek, O.;Tomek, O.;vedouci
Štefan, Ivo;Štefan, Ivo;vedouci
Andrlová, Marie;Andrlová, Marie;vedouci
Benda, Klement;Benda, Klement;vedouci
Fewkes, Vladimír J.;Fewkes, Vladimír J.;vedouci
Födisch, Julius Ernest;Födisch, Julius Ernest;vedouci
Gnirs, Anton;Gnirs, Anton;vedouci
Holý, Prokop;Holý, Prokop;vedouci
Krištuf, Petr;Krištuf, Petr;vedouci
Ložek, Vojen;Ložek, Vojen;vedouci
Macháček, Fridolín;Macháček, Fridolín;vedouci
Matouš, Petr;Matouš, Petr;vedouci
Ott, Tomáš;Ott, Tomáš;vedouci
Polická, Nikol;Polická, Nikol;vedouci
Poláček, Lumír;Poláček, Lumír;vedouci
Prokop, Vladimír;Prokop, Vladimír;vedouci
Souchopová, Věra;Souchopová, Věra;vedouci
Soukupová-Baštová, Dara;Soukupová-Baštová, Dara;vedouci
Strach, J.;Strach, J.;vedouci
Tomský, Jan;Tomský, Jan;vedouci
Trčala, František;Trčala, František;vedouci
Volf, P.;Volf, P.;vedouci
Vršek, N.;Vršek, N.;vedouci
Víchová, Ladislava;Víchová, Ladislava;vedouci
Černý, J.;Černý, J.;vedouci
Šembera, Jiří;Šembera, Jiří;vedouci
Škrdle, František;Škrdle, František;vedouci
Šálek, Josef;Šálek, Josef;vedouci
Buranský, Martin;Buranský, Martin;vedouci
Březák, Jaroslav;Březák, Jaroslav;vedouci
Cibulka, David;Cibulka, David;vedouci
Daňhelová, Pavlína;Daňhelová, Pavlína;vedouci
Dolista, Karel;Dolista, Karel;vedouci
Grepl, Emanuel;Grepl, Emanuel;vedouci
Gál, Lukáš;Gál, Lukáš;vedouci
Hejdová, Dagmar;Hejdová, Dagmar;vedouci
Jandová, Petra;Jandová, Petra;vedouci
Janáková, Markéta;Janáková, Markéta;vedouci
Jirásek, L.;Jirásek, L.;vedouci
Květoň, R.;Květoň, R.;vedouci
Lískovec, František;Lískovec, František;vedouci
Mangel, Tomáš;Mangel, Tomáš;vedouci
Mazálek, Mojmír;Mazálek, Mojmír;vedouci
Nastoupilová, Alena;Nastoupilová, Alena;vedouci
Plicka, Jaromír;Plicka, Jaromír;vedouci
Praumová, Radka;Praumová, Radka;vedouci
Remišová Věšínová, Kamila;Remišová Věšínová, Kamila;vedouci
Rýzner, Čeněk;Rýzner, Čeněk;vedouci
Simota, Vlastimil;Simota, Vlastimil;vedouci
Sojka, V.;Sojka, V.;vedouci
Vršek, Pavel;Vršek, Pavel;vedouci
Wankel, Jindřich;Wankel, Jindřich;vedouci
Wizovský, Tomáš;Wizovský, Tomáš;vedouci
Červinka, Inocenc Ladislav;Červinka, Inocenc Ladislav;vedouci
Diviš, Václav;Diviš, Václav;vedouci
Glott, Josef;Glott, Josef;vedouci
Golec, Martin;Golec, Martin;vedouci
Haken, Josef;Haken, Josef;vedouci
Himmelová, Zdenka;Himmelová, Zdenka;vedouci
Holub, J.;Holub, J.;vedouci
Hralová, Jitka;Hralová, Jitka;vedouci
Kmínek, Michal;Kmínek, Michal;vedouci
Koupal, J.;Koupal, J.;vedouci
Křečková, Alena;Křečková, Alena;vedouci
Křikava, František Václav;Křikava, František Václav;vedouci
Likovský, Jakub;Likovský, Jakub;vedouci
Macků, Pavel;Macků, Pavel;vedouci
Madaj, Marek;Madaj, Marek;vedouci
Mertl, David;Mertl, David;vedouci
Müller, Jiří;Müller, Jiří;vedouci
Nesměrák, Josef;Nesměrák, Josef;vedouci
Ondráček, Přemysl;Ondráček, Přemysl;vedouci
Panáček, Jaroslav;Panáček, Jaroslav;vedouci
Patera, Václav;Patera, Václav;vedouci
Pavlík, Václav;Pavlík, Václav;vedouci
Peterková, Petra;Peterková, Petra;vedouci
Pixová, Erika;Pixová, Erika;vedouci
Podhorský, Karel;Podhorský, Karel;vedouci
Snášil, Robert;Snášil, Robert;vedouci
Svatušková, Anna;Svatušková, Anna;vedouci
Sybr, Pavel;Sybr, Pavel;vedouci
Tencer, Tomáš;Tencer, Tomáš;vedouci
Teryngerová, Hana Francesca;Teryngerová, Hana Francesca;vedouci
Vohryzek, Stanislav;Vohryzek, Stanislav;vedouci
Čedíková, Eva;Čedíková, Eva;vedouci
Škojec, Jaroslav;Škojec, Jaroslav;vedouci
Ankert, Heinrich;Ankert, Heinrich;vedouci
Apiar, Peter;Apiar, Peter;vedouci
Bastl, Jan;Bastl, Jan;vedouci
Bergerová, Kateřina;Bergerová, Kateřina;vedouci
Chleborád, Miroslav;Chleborád, Miroslav;vedouci
Hašek, Vladimír;Hašek, Vladimír;vedouci
Heger, Eduard;Heger, Eduard;vedouci
Jirát, Tomáš;Jirát, Tomáš;vedouci
Kukla, Jiří;Kukla, Jiří;vedouci
Kučera, František;Kučera, František;vedouci
Langr, Jakub;Langr, Jakub;vedouci
Machula, Jan;Machula, Jan;vedouci
Mořkovský, Tomáš;Mořkovský, Tomáš;vedouci
Müllerová, Tereza;Müllerová, Tereza;vedouci
Novák, David;Novák, David;vedouci
Rokoská, Petra;Rokoská, Petra;vedouci
Sedlák, A.;Sedlák, A.;vedouci
Sláma, Jiří;Sláma, Jiří;vedouci
Trňáčková, Zora;Trňáčková, Zora;vedouci
Úlovec, Jiří;Úlovec, Jiří;vedouci
Šimek, Emanuel;Šimek, Emanuel;vedouci
Šotola, J.;Šotola, J.;vedouci
Štěňha, Josef;Štěňha, Josef;vedouci
Šútora, Pavel;Šútora, Pavel;vedouci
Batelka, Josef;Batelka, Josef;vedouci
Bolina, Pavel;Bolina, Pavel;vedouci
Bárta, Vilém;Bárta, Vilém;vedouci
Bém, Mojmír;Bém, Mojmír;vedouci
Běhounková, Lenka;Běhounková, Lenka;vedouci
Chvátalová, Hana;Chvátalová, Hana;vedouci
David-May, Hermina;David-May, Hermina;vedouci
Drobný, Tomáš;Drobný, Tomáš;vedouci
Drápela, Lukáš;Drápela, Lukáš;vedouci
Dvořák, Z.;Dvořák, Z.;vedouci
Faltýnek, Karel;Faltýnek, Karel;vedouci
Fořtík, František;Fořtík, František;vedouci
Hazlbauer, Zdeněk;Hazlbauer, Zdeněk;vedouci
Hrubý, Jiří;Hrubý, Jiří;vedouci
Jančulová, Barbora;Jančulová, Barbora;vedouci
Klenovec, Konrád;Klenovec, Konrád;vedouci
Koudelka, J.;Koudelka, J.;vedouci
Košnar, Luboš;Košnar, Luboš;vedouci
Krejčí, Miroslav;Krejčí, Miroslav;vedouci
Macháčková, L.;Macháčková, L.;vedouci
Macháňová, Lenka;Macháňová, Lenka;vedouci
Matiegka, Jindřich;Matiegka, Jindřich;vedouci
Neuwirth, Michal;Neuwirth, Michal;vedouci
Osina, Jan;Osina, Jan;vedouci
Peřina, Ivan;Peřina, Ivan;vedouci
Podroužek, Kamil;Podroužek, Kamil;vedouci
Polách, Jaroslav;Polách, Jaroslav;vedouci
Prokopová, Anna;Prokopová, Anna;vedouci
Schimerová, Eva;Schimerová, Eva;vedouci
Schránil, Josef;Schránil, Josef;vedouci
Smutný, Zdeněk;Smutný, Zdeněk;vedouci
Staněk, Pavel;Staněk, Pavel;vedouci
Stránská, Radmila;Stránská, Radmila;vedouci
Tauber, Theodor;Tauber, Theodor;vedouci
Tichý, Rudolf;Tichý, Rudolf;vedouci
Tihelka, Karel;Tihelka, Karel;vedouci
Veselý, E.;Veselý, E.;vedouci
Zrůbek, Rudolf;Zrůbek, Rudolf;vedouci
Čapek, Josef;Čapek, Josef;vedouci
Šimík, Jakub;Šimík, Jakub;vedouci
Švinger, František;Švinger, František;vedouci
Šírová, Marie;Šírová, Marie;vedouci
Žatecký, Josef;Žatecký, Josef;vedouci
Beranová, Magdalena;Beranová, Magdalena;vedouci
Bergmann, Alois;Bergmann, Alois;vedouci
Bernard, Jaroslav;Bernard, Jaroslav;vedouci
Blajerová, Miroslava;Blajerová, Miroslava;vedouci
Brey, H.;Brey, H.;vedouci
David, Humpola;David, Humpola;vedouci
Dohnal, Jiří;Dohnal, Jiří;vedouci
Drenko, Zoltán;Drenko, Zoltán;vedouci
Dubinský, V.;Dubinský, V.;vedouci
Hrdý, R.;Hrdý, R.;vedouci
Janíček, Libor;Janíček, Libor;vedouci
Jarošová, Lenka;Jarošová, Lenka;vedouci
Kadlec, J.;Kadlec, J.;vedouci
Kavánová, Blanka;Kavánová, Blanka;vedouci
Klapková, Marcela;Klapková, Marcela;vedouci
Klötzerová, M.;Klötzerová, M.;vedouci
Knor, František;Knor, František;vedouci
Koudelka, Josef;Koudelka, Josef;vedouci
Kruncl, J.;Kruncl, J.;vedouci
Kubeš, J.;Kubeš, J.;vedouci
Kuchař, Václav;Kuchař, Václav;vedouci
Mayer, Josef;Mayer, Josef;vedouci
Novotný, František;Novotný, František;vedouci
Novák, Jan;Novák, Jan;vedouci
Němec, J.;Němec, J.;vedouci
Pokorná, Jaroslava;Pokorná, Jaroslava;vedouci
Pomahač, Jiří;Pomahač, Jiří;vedouci
Pospelova, Anastasiia;Pospelova, Anastasiia;vedouci
Radoměrský, Pavel;Radoměrský, Pavel;vedouci
Rezler, Marcel;Rezler, Marcel;vedouci
Rohanová, Veronika;Rohanová, Veronika;vedouci
Schroller, Hermann;Schroller, Hermann;vedouci
Seitl, Luděk;Seitl, Luděk;vedouci
Sokol, Josef;Sokol, Josef;vedouci
Srnská, Zdena;Srnská, Zdena;vedouci
Streitová, Camilla;Streitová, Camilla;vedouci
Sýkora, J.;Sýkora, J.;vedouci
Vacek, Josef;Vacek, Josef;vedouci
Valenta, Miroslav;Valenta, Miroslav;vedouci
Vlčková, Jitka;Vlčková, Jitka;vedouci
Vydra, František;Vydra, František;vedouci
Váňová, Libuše;Váňová, Libuše;vedouci
Wolff, Jindřich;Wolff, Jindřich;vedouci
Černý, Josef;Černý, Josef;vedouci
Červák, Patrik;Červák, Patrik;vedouci
Čížek, Jan;Čížek, Jan;vedouci
Špaček, Bohuslav;Špaček, Bohuslav;vedouci
Švarc, Jaroslav;Švarc, Jaroslav;vedouci
Švehla, Josef;Švehla, Josef;vedouci
Žofka, Josef;Žofka, Josef;vedouci
Baier, Ondřej;Baier, Ondřej;vedouci
Berky, Jiří;Berky, Jiří;vedouci
Bittner, Ludwig;Bittner, Ludwig;vedouci
Blažková, Tereza;Blažková, Tereza;vedouci
Brachtel, Oto;Brachtel, Oto;vedouci
Bumerl, Jiří;Bumerl, Jiří;vedouci
Chramosta, Emanuel;Chramosta, Emanuel;vedouci
Dohnal, Martin;Dohnal, Martin;vedouci
Dreslerová, Gabriela;Dreslerová, Gabriela;vedouci
Droberjar, Eduard;Droberjar, Eduard;vedouci
Dvořáček, Antonín;Dvořáček, Antonín;vedouci
Friedrich, František C.;Friedrich, František C.;vedouci
Gebauer, Emil;Gebauer, Emil;vedouci
Gebr, J.;Gebr, J.;vedouci
Guth, Karel;Guth, Karel;vedouci
Havel, Štěpán;Havel, Štěpán;vedouci
Havránek, Petr;Havránek, Petr;vedouci
Hellich, Josef Vojtěch;Hellich, Josef Vojtěch;vedouci
Himmelová, Zdena;Himmelová, Zdena;vedouci
Hostaš, Karel;Hostaš, Karel;vedouci
Jelínková, Zdenka;Jelínková, Zdenka;vedouci
Jirásek, Methoděj;Jirásek, Methoděj;vedouci
Jičínský, Karel;Jičínský, Karel;vedouci
Karel, Jiří;Karel, Jiří;vedouci
Klanicová, Evženie;Klanicová, Evženie;vedouci
Kolář, Martin;Kolář, Martin;vedouci
Konopa, Prokop;Konopa, Prokop;vedouci
Kopecký, František;Kopecký, František;vedouci
Kuběnka, J.;Kuběnka, J.;vedouci
Lavický, Josef;Lavický, Josef;vedouci
Lodrová, Marcela;Lodrová, Marcela;vedouci
Maloch, Antonín Vánkomil;Maloch, Antonín Vánkomil;vedouci
Mašín, Karel;Mašín, Karel;vedouci
Michel, Julius;Michel, Julius;vedouci
Nemeškalová, Zdenka;Nemeškalová, Zdenka;vedouci
Neumann, Vladimír;Neumann, Vladimír;vedouci
Nečesaný, Zdeněk;Nečesaný, Zdeněk;vedouci
Nygrín, Jindřich;Nygrín, Jindřich;vedouci
Palma, Zdeněk;Palma, Zdeněk;vedouci
Papineschi, Jean;Papineschi, Jean;vedouci
Pasternak, Jaroslav;Pasternak, Jaroslav;vedouci
Plachý, P.;Plachý, P.;vedouci
Plaček, Miroslav;Plaček, Miroslav;vedouci
Podzimek, Jaroslav;Podzimek, Jaroslav;vedouci
Procházková, Pavlína;Procházková, Pavlína;vedouci
Pudil, Jan;Pudil, Jan;vedouci
Rejchová, Renata;Rejchová, Renata;vedouci
Rüling, Gustav;Rüling, Gustav;vedouci
Svoboda, Ladislav;Svoboda, Ladislav;vedouci
Svobodová, J.;Svobodová, J.;vedouci
Tisucká, Marika;Tisucká, Marika;vedouci
Tomiczková, Lucie;Tomiczková, Lucie;vedouci
Turková, Dagmar;Turková, Dagmar;vedouci
Veselá, Blanka;Veselá, Blanka;vedouci
Večeřa, Petr;Večeřa, Petr;vedouci
Vildová, Jarmila;Vildová, Jarmila;vedouci
Vlasák, František;Vlasák, František;vedouci
Weinelt, K.;Weinelt, K.;vedouci
Čepelák, František;Čepelák, František;vedouci
Čiháková, Linda;Čiháková, Linda;vedouci
Řehoř, Josef;Řehoř, Josef;vedouci
Šebek, Svatopluk;Šebek, Svatopluk;vedouci
Šlajsna, Jiří;Šlajsna, Jiří;vedouci
Štefanová-Šaldová, Věra;Štefanová-Šaldová, Věra;vedouci
Šístková, Barbora;Šístková, Barbora;vedouci
Antal, Róbert;Antal, Róbert;vedouci
Balášová, Michaela;Balášová, Michaela;vedouci
Bičík, Zdeněk;Bičík, Zdeněk;vedouci
Boček, Jiří;Boček, Jiří;vedouci
Bílková, Jana;Bílková, Jana;vedouci
Christen, Rudolf;Christen, Rudolf;vedouci
Cuper, Miroslav;Cuper, Miroslav;vedouci
Davídek, Leo;Davídek, Leo;vedouci
Diatel, Bohumil;Diatel, Bohumil;vedouci
Dohnalová, Vlasta;Dohnalová, Vlasta;vedouci
Dubská, Gabriela;Dubská, Gabriela;vedouci
Duchek, Josef;Duchek, Josef;vedouci
Eichhorn, Otto;Eichhorn, Otto;vedouci
Eisner, Jan;Eisner, Jan;vedouci
Fiala, J.;Fiala, J.;vedouci
Galuška, Luděk;Galuška, Luděk;vedouci
Grbič, Miodrag;Grbič, Miodrag;vedouci
Hadrava, Vít;Hadrava, Vít;vedouci
Halbichová, Jana;Halbichová, Jana;vedouci
Hammerbauer, Jaroslav;Hammerbauer, Jaroslav;vedouci
Hladík, Marek;Hladík, Marek;vedouci
Horká, Tereza;Horká, Tereza;vedouci
Horník, P.;Horník, P.;vedouci
Hrubý, Vilém;Hrubý, Vilém;vedouci
Janda, Aleš;Janda, Aleš;vedouci
Jošková, Tereza;Jošková, Tereza;vedouci
Kinský, J.;Kinský, J.;vedouci
Klír, Tomáš;Klír, Tomáš;vedouci
Kolbinger, Dalibor;Kolbinger, Dalibor;vedouci
Kočiřík, Vladimír;Kočiřík, Vladimír;vedouci
Kracíková, Lucie;Kracíková, Lucie;vedouci
Krucký, Marian;Krucký, Marian;vedouci
Krumlovský, Tomáš;Krumlovský, Tomáš;vedouci
Kuklová, Eliška;Kuklová, Eliška;vedouci
Kulhánek, Jan;Kulhánek, Jan;vedouci
Kypta, Jan;Kypta, Jan;vedouci
Lustig, Alois;Lustig, Alois;vedouci
Machart, J.;Machart, J.;vedouci
Mahr, Jan;Mahr, Jan;vedouci
Maříková Kubková, Jana;Maříková Kubková, Jana;vedouci
Maštalíř, V.;Maštalíř, V.;vedouci
Medunová, Anna;Medunová, Anna;vedouci
Mencl, Václav;Mencl, Václav;vedouci
Milo, Peter;Milo, Peter;vedouci
Miltner, František Karel;Miltner, František Karel;vedouci
Netolický, Petr;Netolický, Petr;vedouci
Novák, J.;Novák, J.;vedouci
Novák, Ladislav;Novák, Ladislav;vedouci
Oberdorfer, Kurt;Oberdorfer, Kurt;vedouci
Patejdl, Antonín;Patejdl, Antonín;vedouci
Pokorný, František;Pokorný, František;vedouci
Pokorný, Petr;Pokorný, Petr;vedouci
Poláček, Josef;Poláček, Josef;vedouci
Pulkrábek, Zdeněk;Pulkrábek, Zdeněk;vedouci
Pěluchová, Lenka;Pěluchová, Lenka;vedouci
Rafael, V.;Rafael, V.;vedouci
Račák, Jan;Račák, Jan;vedouci
Richlý, Jindřich;Richlý, Jindřich;vedouci
Rosolová, Ivana;Rosolová, Ivana;vedouci
Seleši, Kryštof;Seleši, Kryštof;vedouci
Stoklásková, Lucie;Stoklásková, Lucie;vedouci
Strnad, František;Strnad, František;vedouci
Telenský, J.;Telenský, J.;vedouci
Valášková, Lucie;Valášková, Lucie;vedouci
Vaníček, Vilém;Vaníček, Vilém;vedouci
Vojtíšek, František;Vojtíšek, František;vedouci
Witkowski, Martin;Witkowski, Martin;vedouci
Červený, J.;Červený, J.;vedouci
Červinka, Radek;Červinka, Radek;vedouci
Šedivý, Jiří;Šedivý, Jiří;vedouci
Šimana, Miloslav;Šimana, Miloslav;vedouci
Škabrada, Jiří;Škabrada, Jiří;vedouci
Špidla, Vladimír;Špidla, Vladimír;vedouci
Švejda, Josef;Švejda, Josef;vedouci
Žaloudek, František;Žaloudek, František;vedouci
Želízko, Jan Vratislav;Želízko, Jan Vratislav;vedouci
Adámek, František;Adámek, František;vedouci
Augustinová, Anna;Augustinová, Anna;vedouci
Bartoš, V.;Bartoš, V.;vedouci
Baum, Antonín;Baum, Antonín;vedouci
Bauman, Josef;Bauman, Josef;vedouci
Benešová, Anna;Benešová, Anna;vedouci
Bláhová, Zuzana;Bláhová, Zuzana;vedouci
Brabec, J.;Brabec, J.;vedouci
Burian, Václav;Burian, Václav;vedouci
Dolobko, A.;Dolobko, A.;vedouci
Dostál, Petr;Dostál, Petr;vedouci
Dostál, Stanislav;Dostál, Stanislav;vedouci
Drahoš, J.;Drahoš, J.;vedouci
Drnovský, Pavel;Drnovský, Pavel;vedouci
Duška, Josef;Duška, Josef;vedouci
Eismann, Petr;Eismann, Petr;vedouci
Fiala, Karel;Fiala, Karel;vedouci
Flejberk, Z.;Flejberk, Z.;vedouci
Fridrich, Vojtěch;Fridrich, Vojtěch;vedouci
Froněk, E.;Froněk, E.;vedouci
Galusová, Lucie;Galusová, Lucie;vedouci
Geissler, Rudolf;Geissler, Rudolf;vedouci
Giesecke, Roswitha;Giesecke, Roswitha;vedouci
Grünseisen, Jiří;Grünseisen, Jiří;vedouci
Hlavsa, Stanislav;Hlavsa, Stanislav;vedouci
Hnilová, Petra;Hnilová, Petra;vedouci
Holubová, Zuzana;Holubová, Zuzana;vedouci
Holštajn, Jaroslav;Holštajn, Jaroslav;vedouci
Hudeček, M.;Hudeček, M.;vedouci
Hykeš, František Josef;Hykeš, František Josef;vedouci
Hávová, Věra;Hávová, Věra;vedouci
Janošek Kašpárek, František;Janošek Kašpárek, František;vedouci
Jirák, Jan;Jirák, Jan;vedouci
Klos, Richard;Klos, Richard;vedouci
Knauer, P.;Knauer, P.;vedouci
Kolář, O.;Kolář, O.;vedouci
Kopš, Jaroslav;Kopš, Jaroslav;vedouci
Kotyková, Alena;Kotyková, Alena;vedouci
Kouda, V.;Kouda, V.;vedouci
Košťál, Rudolf;Košťál, Rudolf;vedouci
Krumphanzlová, Zdeňka;Krumphanzlová, Zdeňka;vedouci
Kubát, K.;Kubát, K.;vedouci
Kučera, J.;Kučera, J.;vedouci
Labler, Jan;Labler, Jan;vedouci
Lambl, František Sudimír;Lambl, František Sudimír;vedouci
Lanc, František;Lanc, František;vedouci
Laval, Filip;Laval, Filip;vedouci
Linksfeilerová, Daniela;Linksfeilerová, Daniela;vedouci
Machová, Barbora;Machová, Barbora;vedouci
Marečková, Jana;Marečková, Jana;vedouci
Martius, Anton;Martius, Anton;vedouci
Martyčák, Standa;Martyčák, Standa;vedouci
Matielo, Lucia;Matielo, Lucia;vedouci
Maštalíř, Jiří;Maštalíř, Jiří;vedouci
Menclová, Dobroslava;Menclová, Dobroslava;vedouci
Mittelbach, Franz;Mittelbach, Franz;vedouci
Muk, Jan;Muk, Jan;vedouci
Nachlinger, J.;Nachlinger, J.;vedouci
Novák, Petr;Novák, Petr;vedouci
Patrik, M.;Patrik, M.;vedouci
Pavloň, Tomáš;Pavloň, Tomáš;vedouci
Pažourek, Vlastimil;Pažourek, Vlastimil;vedouci
Pelz, František;Pelz, František;vedouci
Pilous, Z.;Pilous, Z.;vedouci
Pleslová-Štiková, Emilie;Pleslová-Štiková, Emilie;vedouci
Pohořálková, Helena;Pohořálková, Helena;vedouci
Požarecký, Václav;Požarecký, Václav;vedouci
Prečanová, Vendula;Prečanová, Vendula;vedouci
Pátek, Ondřej;Pátek, Ondřej;vedouci
Přemyslovská, Petra;Přemyslovská, Petra;vedouci
Půlpán, F.;Půlpán, F.;vedouci
Rakušan, David;Rakušan, David;vedouci
Randus, P.;Randus, P.;vedouci
Sadílek, Jaroslav;Sadílek, Jaroslav;vedouci
Sedláčková, Petra;Sedláčková, Petra;vedouci
Semerád, Matouš;Semerád, Matouš;vedouci
Smolík, Josef;Smolík, Josef;vedouci
Sochor, J.;Sochor, J.;vedouci
Solar, J.;Solar, J.;vedouci
Svoboda, Dan;Svoboda, Dan;vedouci
Svobodová, L.;Svobodová, L.;vedouci
Sádlo, Jiří;Sádlo, Jiří;vedouci
Tomanová, Pavla;Tomanová, Pavla;vedouci
Tykva, Bedřich;Tykva, Bedřich;vedouci
Türke, M.;Türke, M.;vedouci
Vlček, Emanuel;Vlček, Emanuel;vedouci
Vlček, V.;Vlček, V.;vedouci
Vojtíšek, Břetislav;Vojtíšek, Břetislav;vedouci
Vágner, Michal;Vágner, Michal;vedouci
Vítovcová, Karolina;Vítovcová, Karolina;vedouci
Wodiczka, Jan;Wodiczka, Jan;vedouci
Zacherle, Stanislav;Zacherle, Stanislav;vedouci
Zajíček, Petr;Zajíček, Petr;vedouci
Zázvorka, J.;Zázvorka, J.;vedouci
Čapek, Ladislav;Čapek, Ladislav;vedouci
Černý, František;Černý, František;vedouci
Šašina, Antonín;Šašina, Antonín;vedouci
Šebek, František;Šebek, František;vedouci
Šmejda, Ladislav;Šmejda, Ladislav;vedouci
Štajer, V.;Štajer, V.;vedouci
Štoncner, Ondřej;Štoncner, Ondřej;vedouci
Švager, J.;Švager, J.;vedouci
Žegklitzová, Jana;Žegklitzová, Jana;vedouci
Boháček, Tomáš;Boháček, Tomáš;vedouci
Borufka, J.;Borufka, J.;vedouci
Bouček, V.;Bouček, V.;vedouci
Broskva, Jan;Broskva, Jan;vedouci
Bělecký, Radek;Bělecký, Radek;vedouci
Březáková, Eva;Březáková, Eva;vedouci
Choc, Josef;Choc, Josef;vedouci
Cisár, Vladimír;Cisár, Vladimír;vedouci
Damašek, Ladislav;Damašek, Ladislav;vedouci
Diviš, Jan;Diviš, Jan;vedouci
Diviš-Čistecký, Václav;Diviš-Čistecký, Václav;vedouci
Dragonidesová, Petra;Dragonidesová, Petra;vedouci
Flek, František;Flek, František;vedouci
Frejberk, Z.;Frejberk, Z.;vedouci
Funk, Lukáš;Funk, Lukáš;vedouci
Gregor, J.;Gregor, J.;vedouci
Hadač, Emil;Hadač, Emil;vedouci
Harding, Anthony F.;Harding, Anthony F.;vedouci
Hartl, Jiří;Hartl, Jiří;vedouci
Havran, V.;Havran, V.;vedouci
Hertl, J.;Hertl, J.;vedouci
Hulina, Pavel;Hulina, Pavel;vedouci
Jaklová, Věra;Jaklová, Věra;vedouci
Janák, Vratislav;Janák, Vratislav;vedouci
Jirásek, J.;Jirásek, J.;vedouci
Jáně, Zdeněk;Jáně, Zdeněk;vedouci
Kajer, Milan;Kajer, Milan;vedouci
Kamitz, Jozef;Kamitz, Jozef;vedouci
Kausková, Jana;Kausková, Jana;vedouci
Kazdová, Eliška;Kazdová, Eliška;vedouci
Klein, J.;Klein, J.;vedouci
Knížek, M.;Knížek, M.;vedouci
Kobrlová, Jana;Kobrlová, Jana;vedouci
Kolibabe, Emil;Kolibabe, Emil;vedouci
Kolka, Miroslav;Kolka, Miroslav;vedouci
Kovářová, Tereza;Kovářová, Tereza;vedouci
Krejčík, J.;Krejčík, J.;vedouci
Kruťová, Magdalena;Kruťová, Magdalena;vedouci
Králík, Václav;Králík, Václav;vedouci
Kubková, Jana;Kubková, Jana;vedouci
Kubát, J.;Kubát, J.;vedouci
Kubů, František;Kubů, František;vedouci
Kundera, Lubomír;Kundera, Lubomír;vedouci
Kunert, Edmund;Kunert, Edmund;vedouci
Kuča, Martin;Kuča, Martin;vedouci
Kučerová, Iva;Kučerová, Iva;vedouci
Leger, František;Leger, František;vedouci
Lencová, R.;Lencová, R.;vedouci
Libotovský, L.;Libotovský, L.;vedouci
Loyda, Vladimír;Loyda, Vladimír;vedouci
Ludikar, August Česlav;Ludikar, August Česlav;vedouci
Luft, S.;Luft, S.;vedouci
Machulda, Karel;Machulda, Karel;vedouci
Makowsky, Alexander;Makowsky, Alexander;vedouci
Maršíčková, Martina;Maršíčková, Martina;vedouci
Matoušová, Lucie;Matoušová, Lucie;vedouci
Matásek, J.;Matásek, J.;vedouci
Matějka, Jan;Matějka, Jan;vedouci
Mevaldová, Helena;Mevaldová, Helena;vedouci
Mikuláš, Radek;Mikuláš, Radek;vedouci
Mikulášek, Jaroslav;Mikulášek, Jaroslav;vedouci
Mikulík, Jan;Mikulík, Jan;vedouci
Minide, Matěj;Minide, Matěj;vedouci
Morávek, Josef;Morávek, Josef;vedouci
Moser, J.;Moser, J.;vedouci
Míšek, A.;Míšek, A.;vedouci
Našinec, František;Našinec, František;vedouci
Nekuda, Rostislav;Nekuda, Rostislav;vedouci
Ondruš, Z.;Ondruš, Z.;vedouci
Očenášek, Jaroslav;Očenášek, Jaroslav;vedouci
Pachl, Josef;Pachl, Josef;vedouci
Pacák, Marek;Pacák, Marek;vedouci
Palliardi, Jaroslav;Palliardi, Jaroslav;vedouci
Pecenka, Adolf;Pecenka, Adolf;vedouci
Pecháčková, D.;Pecháčková, D.;vedouci
Pehal, Z.;Pehal, Z.;vedouci
Pehalová, J.;Pehalová, J.;vedouci
Pertl, Miroslav;Pertl, Miroslav;vedouci
Plánička, F.;Plánička, F.;vedouci
Polánek, Karel;Polánek, Karel;vedouci
Pour, K.;Pour, K.;vedouci
Prokopec, Z.;Prokopec, Z.;vedouci
Přibyl, S.;Přibyl, S.;vedouci
Rathouský, M.;Rathouský, M.;vedouci
Renner, Jan;Renner, Jan;vedouci
Rydlo, J.;Rydlo, J.;vedouci
Růžička, Antonín;Růžička, Antonín;vedouci
Růžička, Josef;Růžička, Josef;vedouci
Schaller, Jaroslav;Schaller, Jaroslav;vedouci
Schuster, František;Schuster, František;vedouci
Simbriger, Ernst;Simbriger, Ernst;vedouci
Slavíková, Miluše;Slavíková, Miluše;vedouci
Sládek, Vladimír;Sládek, Vladimír;vedouci
Sosnová, Anežka;Sosnová, Anežka;vedouci
Sovová, Klára;Sovová, Klára;vedouci
Stehlík, František;Stehlík, František;vedouci
Steiner, Franz;Steiner, Franz;vedouci
Strnad, Josef;Strnad, Josef;vedouci
Sázelová, Sandra;Sázelová, Sandra;vedouci
Tejral, Jaroslav;Tejral, Jaroslav;vedouci
Titze, Willfried;Titze, Willfried;vedouci
Tomek, Bohuslav;Tomek, Bohuslav;vedouci
Tomešek, Jan;Tomešek, Jan;vedouci
Tóth, Peter;Tóth, Peter;vedouci
Týlešová, P.;Týlešová, P.;vedouci
Uchytil, V.;Uchytil, V.;vedouci
Vacek, František;Vacek, František;vedouci
Valchář, Jan;Valchář, Jan;vedouci
Valenta, Jiří;Valenta, Jiří;vedouci
Vaněk, Karel;Vaněk, Karel;vedouci
Veselá, Petra;Veselá, Petra;vedouci
Viduna, Jan;Viduna, Jan;vedouci
Vlach, Marek;Vlach, Marek;vedouci
Vybíralík, Adam;Vybíralík, Adam;vedouci
Vávrová, Barbora;Vávrová, Barbora;vedouci
Weissenbach, Paul;Weissenbach, Paul;vedouci
Wurdinger, Maxmilian;Wurdinger, Maxmilian;vedouci
Zavadilová, Martina;Zavadilová, Martina;vedouci
Zotz, Lothar Ferdinand;Zotz, Lothar Ferdinand;vedouci
Čejka, J.;Čejka, J.;vedouci
Čermáková, Eva;Čermáková, Eva;vedouci
Čižmářová, Hana;Čižmářová, Hana;vedouci
Čulíková, Věra;Čulíková, Věra;vedouci
Ševčíkova, Václava;Ševčíkova, Václava;vedouci
Šlégl, A.;Šlégl, A.;vedouci
Šádová, Eva;Šádová, Eva;vedouci
Šálka, Dávid;Šálka, Dávid;vedouci
Ždímal, V.;Ždímal, V.;vedouci
Augustýnová, Markéta;Augustýnová, Markéta;vedouci
Bartoníček, A.;Bartoníček, A.;vedouci
Barvířová, Olga;Barvířová, Olga;vedouci
Belcredi, Ludvík;Belcredi, Ludvík;vedouci
Beliéz, Yan;Beliéz, Yan;vedouci
Bernatová, Vladana;Bernatová, Vladana;vedouci
Beroušek, Jindřich;Beroušek, Jindřich;vedouci
Biener, Karel Josef;Biener, Karel Josef;vedouci
Birnbaumová, Alžběta;Birnbaumová, Alžběta;vedouci
Brantl, Karel;Brantl, Karel;vedouci
Bruna, Zdeněk;Bruna, Zdeněk;vedouci
Buben, J.;Buben, J.;vedouci
Burkhardt, Rudolf;Burkhardt, Rudolf;vedouci
Břízová, Zuzana;Břízová, Zuzana;vedouci
Cajthaml, Marek;Cajthaml, Marek;vedouci
Chmela, Tomáš;Chmela, Tomáš;vedouci
Chroustovský, Luboš;Chroustovský, Luboš;vedouci
Clary-Aldringen, Edmund;Clary-Aldringen, Edmund;vedouci
Dezort, Jan;Dezort, Jan;vedouci
Dneboský, Josef;Dneboský, Josef;vedouci
Dobeš, Karel;Dobeš, Karel;vedouci
Dokoupil, V.;Dokoupil, V.;vedouci
Doležel, Jiří;Doležel, Jiří;vedouci
Dresler, Petr;Dresler, Petr;vedouci
Dušátko, Jaroslav;Dušátko, Jaroslav;vedouci
Ehrich, Robert W.;Ehrich, Robert W.;vedouci
Erben, I.;Erben, I.;vedouci
Erlebach, J.;Erlebach, J.;vedouci
Exner, Václav;Exner, Václav;vedouci
Fejt, Josef;Fejt, Josef;vedouci
Fiala, Josef;Fiala, Josef;vedouci
Filipová, Margita;Filipová, Margita;vedouci
Fišer, František;Fišer, František;vedouci
Foltýn, F.;Foltýn, F.;vedouci
Formánek, A.;Formánek, A.;vedouci
Frank, Leopold;Frank, Leopold;vedouci
Frühauf, I.;Frühauf, I.;vedouci
Födisch, Hermann;Födisch, Hermann;vedouci
Fürst, J.;Fürst, J.;vedouci
Hajšman, Jan;Hajšman, Jan;vedouci
Hanzlík, J.;Hanzlík, J.;vedouci
Hauserová, Milena;Hauserová, Milena;vedouci
Havelka, Jan;Havelka, Jan;vedouci
Havliger, V.;Havliger, V.;vedouci
Havlová, M.;Havlová, M.;vedouci
Heger, F.;Heger, F.;vedouci
Herain, Jan;Herain, Jan;vedouci
Hetflaiš, Rostislav;Hetflaiš, Rostislav;vedouci
Hiersche, Josef Gustav;Hiersche, Josef Gustav;vedouci
Hierátová, Kateřina;Hierátová, Kateřina;vedouci
Hilbert, Kamil;Hilbert, Kamil;vedouci
Hladký, Jaroslav;Hladký, Jaroslav;vedouci
Hlava, Miloš;Hlava, Miloš;vedouci
Hlavatý, Jan;Hlavatý, Jan;vedouci
Hobl, Luboš;Hobl, Luboš;vedouci
Hofman, J.;Hofman, J.;vedouci
Horký, Josef;Horký, Josef;vedouci
Houba, Antonín;Houba, Antonín;vedouci
Hrubec, F.;Hrubec, F.;vedouci
Huleš, J.;Huleš, J.;vedouci
Husar, R.;Husar, R.;vedouci
Hübsch, Denis;Hübsch, Denis;vedouci
Jandera, Josef Ladislav;Jandera, Josef Ladislav;vedouci
Jandera, Vl.;Jandera, Vl.;vedouci
Janečková, Jitka;Janečková, Jitka;vedouci
Janíková, Pavlína;Janíková, Pavlína;vedouci
Jelínková, V.;Jelínková, V.;vedouci
Jeništa, A.;Jeništa, A.;vedouci
Jeníčková, A.;Jeníčková, A.;vedouci
Jungmann, M.;Jungmann, M.;vedouci
Juránek, Jan;Juránek, Jan;vedouci
Kabourek, Martin;Kabourek, Martin;vedouci
Kamarýt, A.;Kamarýt, A.;vedouci
Kapic, Matyáš;Kapic, Matyáš;vedouci
Kapl, Vladimír;Kapl, Vladimír;vedouci
Karell, V.;Karell, V.;vedouci
Kastner, Jiří;Kastner, Jiří;vedouci
Kašpar, Josef;Kašpar, Josef;vedouci
Khom, B.;Khom, B.;vedouci
Klecanda, Jindřich;Klecanda, Jindřich;vedouci
Klein, Václav;Klein, Václav;vedouci
Klášterský, E.;Klášterský, E.;vedouci
Kolowrat, František;Kolowrat, František;vedouci
Koláčný, František;Koláčný, František;vedouci
Kolářová, Zdeňka;Kolářová, Zdeňka;vedouci
Korbička, Miroslav;Korbička, Miroslav;vedouci
Kostková, Miluše;Kostková, Miluše;vedouci
Koudelka, František;Koudelka, František;vedouci
Kout, Jan;Kout, Jan;vedouci
Kovář, Miroslav;Kovář, Miroslav;vedouci
Košťák, J.;Košťák, J.;vedouci
Krausová, Alice;Krausová, Alice;vedouci
Krechler, Ivo;Krechler, Ivo;vedouci
Krejčík, Z.;Krejčík, Z.;vedouci
Krofta, Tomáš;Krofta, Tomáš;vedouci
Krs, Michal;Krs, Michal;vedouci
Kulichová, Lenka;Kulichová, Lenka;vedouci
Kušta, Jan;Kušta, Jan;vedouci
Kříž, Jiří;Kříž, Jiří;vedouci
Labler, Jan Bartoloměj;Labler, Jan Bartoloměj;vedouci
Lenkvík, Václav;Lenkvík, Václav;vedouci
Levá, Kateřina;Levá, Kateřina;vedouci
Liebich, L.;Liebich, L.;vedouci
Linhartová, Blanka;Linhartová, Blanka;vedouci
Liška, Antonín;Liška, Antonín;vedouci
Lohosha, Serhii;Lohosha, Serhii;vedouci
Lososová, Eva;Lososová, Eva;vedouci
Lukeš, Jaroslav;Lukeš, Jaroslav;vedouci
Lukáš, Miroslav;Lukáš, Miroslav;vedouci
Macek, J.;Macek, J.;vedouci
Macek, P.;Macek, P.;vedouci
Malich, Jan;Malich, Jan;vedouci
Malý, J.;Malý, J.;vedouci
Marek, Otto;Marek, Otto;vedouci
Marko, Ján;Marko, Ján;vedouci
Markus, František;Markus, František;vedouci
Matějka, Bohumil;Matějka, Bohumil;vedouci
Mazáčková, Jana;Mazáčková, Jana;vedouci
Merhautová, Anežka;Merhautová, Anežka;vedouci
Monika, Psohlavcová;Monika, Psohlavcová;vedouci
Moravec, Augustin;Moravec, Augustin;vedouci
Motyková-Šneidrová, Karla;Motyková-Šneidrová, Karla;vedouci
Moš, Pavel;Moš, Pavel;vedouci
Musil, Rudolf;Musil, Rudolf;vedouci
Mádl, Joža;Mádl, Joža;vedouci
Měchurová, Zdena;Měchurová, Zdena;vedouci
Nacarová, Jana;Nacarová, Jana;vedouci
Netáhlík, Miroslav;Netáhlík, Miroslav;vedouci
Novák, A.;Novák, A.;vedouci
Novák, Miloš;Novák, Miloš;vedouci
Ondruš, Vladimír;Ondruš, Vladimír;vedouci
Ondráček, Tomáš;Ondráček, Tomáš;vedouci
Opravil, Emanuel;Opravil, Emanuel;vedouci
Osvaldová, Helena;Osvaldová, Helena;vedouci
Palacký, František;Palacký, František;vedouci
Pavlásek, Otakar;Pavlásek, Otakar;vedouci
Pavlík, J.;Pavlík, J.;vedouci
Pecka, O.;Pecka, O.;vedouci
Pejchal, Jiří;Pejchal, Jiří;vedouci
Pelíšek, J.;Pelíšek, J.;vedouci
Piačková, Kristína;Piačková, Kristína;vedouci
Pilz, Erwin;Pilz, Erwin;vedouci
Pinsker, Bedřich;Pinsker, Bedřich;vedouci
Pittner, M.;Pittner, M.;vedouci
Podaný, J.;Podaný, J.;vedouci
Pokorný, R.;Pokorný, R.;vedouci
Polívka, J.;Polívka, J.;vedouci
Porš, František;Porš, František;vedouci
Pospíchalová, Olga;Pospíchalová, Olga;vedouci
Pospíšil, Martin;Pospíšil, Martin;vedouci
Pospíšilová, Eva;Pospíšilová, Eva;vedouci
Pospíšilová, Jarmila;Pospíšilová, Jarmila;vedouci
Pour, J.;Pour, J.;vedouci
Pravcová, V.;Pravcová, V.;vedouci
Profant, J.;Profant, J.;vedouci
Prokop, K.;Prokop, K.;vedouci
Prokorát, J.;Prokorát, J.;vedouci
Prudič, K.;Prudič, K.;vedouci
Prášek, J.;Prášek, J.;vedouci
Purkyně, Cyril;Purkyně, Cyril;vedouci
Purkyně, Jan Evangelista;Purkyně, Jan Evangelista;vedouci
Purš, Jaroslav;Purš, Jaroslav;vedouci
Přibyslavský, Štěpán;Přibyslavský, Štěpán;vedouci
Přikryl, František;Přikryl, František;vedouci
Rak, Michal;Rak, Michal;vedouci
Raslová, Lucie;Raslová, Lucie;vedouci
Rekemová, Anna Mária;Rekemová, Anna Mária;vedouci
Renč, Jan;Renč, Jan;vedouci
Rous, Ivan;Rous, Ivan;vedouci
Rykl, M.;Rykl, M.;vedouci
Schimauschek, J.;Schimauschek, J.;vedouci
Schrötter, Moritz;Schrötter, Moritz;vedouci
Sedláček, August;Sedláček, August;vedouci
Seidl, J. O.;Seidl, J. O.;vedouci
Siegl, Anton;Siegl, Anton;vedouci
Skipala, L.;Skipala, L.;vedouci
Sklenář, František;Sklenář, František;vedouci
Skála, Jan;Skála, Jan;vedouci
Skůpa, F.;Skůpa, F.;vedouci
Slavíček, A.;Slavíček, A.;vedouci
Smetana, W.;Smetana, W.;vedouci
Soukup, J.;Soukup, J.;vedouci
Srp, D.;Srp, D.;vedouci
Starý, Václav;Starý, Václav;vedouci
Steklá, Marie;Steklá, Marie;vedouci
Steklý, F.;Steklý, F.;vedouci
Stodolovská, J.;Stodolovská, J.;vedouci
Strejček, J.;Strejček, J.;vedouci
Strouhal, Eugen;Strouhal, Eugen;vedouci
Stulík, František;Stulík, František;vedouci
Stösselová, Dora;Stösselová, Dora;vedouci
Střihavka, M.;Střihavka, M.;vedouci
Suske, Karl;Suske, Karl;vedouci
Svoboda, Jan;Svoboda, Jan;vedouci
Tampír, V.;Tampír, V.;vedouci
Teichman, Z.;Teichman, Z.;vedouci
Tomíček, Tomáš;Tomíček, Tomáš;vedouci
Trykar, Rudolf;Trykar, Rudolf;vedouci
Trš, Josef;Trš, Josef;vedouci
Turek, Kajetán;Turek, Kajetán;vedouci
Tutsch, Emil;Tutsch, Emil;vedouci
Tymonová, Markéta;Tymonová, Markéta;vedouci
Tywoniak, Jiří;Tywoniak, Jiří;vedouci
Török, Jan;Török, Jan;vedouci
Tůma, Václav;Tůma, Václav;vedouci
Urban, Eliáš;Urban, Eliáš;vedouci
Vančura, S.;Vančura, S.;vedouci
Varhaník, J.;Varhaník, J.;vedouci
Velebný, F.;Velebný, F.;vedouci
Velkoborský, Karel;Velkoborský, Karel;vedouci
Veselá, Renata;Veselá, Renata;vedouci
Veselý, J.;Veselý, J.;vedouci
Veselý, M.;Veselý, M.;vedouci
Vidim, Oldřich;Vidim, Oldřich;vedouci
Vlasák, J.;Vlasák, J.;vedouci
Volman, I.;Volman, I.;vedouci
Voznicová, Petra;Voznicová, Petra;vedouci
Vyšínský, J.;Vyšínský, J.;vedouci
Vávra, Karel;Vávra, Karel;vedouci
Wallentin, J.;Wallentin, J.;vedouci
Zikmundová, Eva;Zikmundová, Eva;vedouci
Zoula, Z;Zoula, Z;vedouci
Záruba, Josef;Záruba, Josef;vedouci
matějíčková, andrea;matějíčková, andrea;vedouci
Černohorský, Karel;Černohorský, Karel;vedouci
Černá, Růžena;Černá, Růžena;vedouci
Černý, A.;Černý, A.;vedouci
Černý, Vítězslav;Černý, Vítězslav;vedouci
Červinka, Otakar;Červinka, Otakar;vedouci
Červinka, Z.;Červinka, Z.;vedouci
Čišecký, Čeněk;Čišecký, Čeněk;vedouci
Čubuk, Jiří;Čubuk, Jiří;vedouci
Čujanová-Jílková, Eva;Čujanová-Jílková, Eva;vedouci
Řezáč, R.;Řezáč, R.;vedouci
Říha, V.;Říha, V.;vedouci
Šabatová, Klára;Šabatová, Klára;vedouci
Šalom, J.;Šalom, J.;vedouci
Šanderová, Jolana;Šanderová, Jolana;vedouci
Šebek, S.;Šebek, S.;vedouci
Šebela, Lubomír;Šebela, Lubomír;vedouci
Šibíčková, Jitka;Šibíčková, Jitka;vedouci
Šimáček, Miloslav;Šimáček, Miloslav;vedouci
Škoda, Tomáš;Škoda, Tomáš;vedouci
Škrdle, J.;Škrdle, J.;vedouci
Šmejdíř, J.;Šmejdíř, J.;vedouci
Špaček, K.;Špaček, K.;vedouci
Štefl, J.;Štefl, J.;vedouci
Štěpánek, Ladislav;Štěpánek, Ladislav;vedouci
Šulc, V.;Šulc, V.;vedouci
Švadlena, Ladislav;Švadlena, Ladislav;vedouci
Švec, J.;Švec, J.;vedouci
Šálek, V.;Šálek, V.;vedouci
Šťastný, Alois;Šťastný, Alois;vedouci
Žampach, D.;Žampach, D.;vedouci
Žďárská, Anna;Žďárská, Anna;vedouci
Adam, J.;Adam, J.;vedouci
Adámek, V.;Adámek, V.;vedouci
Adámková, Táňa;Adámková, Táňa;vedouci
Almassy, Katalin;Almassy, Katalin;vedouci
Ambrož, Josef;Ambrož, Josef;vedouci
Ambrož, V.;Ambrož, V.;vedouci
Anlauf, Jan;Anlauf, Jan;vedouci
Arnold, Johan Hyacinth;Arnold, Johan Hyacinth;vedouci
Auge, František;Auge, František;vedouci
Augustinková, Lucie;Augustinková, Lucie;vedouci
Auterská Sušická, Věra;Auterská Sušická, Věra;vedouci
Babka, F.;Babka, F.;vedouci
Bail, O.;Bail, O.;vedouci
Bajer, J.;Bajer, J.;vedouci
Balcárková, Adéla;Balcárková, Adéla;vedouci
Balner, Marcel;Balner, Marcel;vedouci
Barbuščák, Matúš;Barbuščák, Matúš;vedouci
Barchánek, Václav;Barchánek, Václav;vedouci
Bareš, František;Bareš, František;vedouci
Barth, H.;Barth, H.;vedouci
Bartl, J.;Bartl, J.;vedouci
Bartoš, L.;Bartoš, L.;vedouci
Bartoška, J.;Bartoška, J.;vedouci
Bartuška, F.;Bartuška, F.;vedouci
Bartuška, K.;Bartuška, K.;vedouci
Bartuška, V.;Bartuška, V.;vedouci
Bartůšek, J.;Bartůšek, J.;vedouci
Bayer, Jiří;Bayer, Jiří;vedouci
Bedna, K.;Bedna, K.;vedouci
Beech, Mark;Beech, Mark;vedouci
Bejček, Bohumil;Bejček, Bohumil;vedouci
Benda, Jan;Benda, Jan;vedouci
Bendl, J. V.;Bendl, J. V.;vedouci
Benedikt, V.;Benedikt, V.;vedouci
Beneš, Luděk;Beneš, Luděk;vedouci
Beran-Cimbůrková, Petra;Beran-Cimbůrková, Petra;vedouci
Berger, Z.;Berger, Z.;vedouci
Bernart, Miloš;Bernart, Miloš;vedouci
Bezecký, L.;Bezecký, L.;vedouci
Bisová, M.;Bisová, M.;vedouci
Blažek, F.;Blažek, F.;vedouci
Blažek, M.;Blažek, M.;vedouci
Blažek, Miroslav;Blažek, Miroslav;vedouci
Bohutínský, J.;Bohutínský, J.;vedouci
Bolechovský, A.;Bolechovský, A.;vedouci
Borský, Pavel;Borský, Pavel;vedouci
Boštík, J.;Boštík, J.;vedouci
Boštík, V.;Boštík, V.;vedouci
Božka, R.;Božka, R.;vedouci
Bradová, Martina;Bradová, Martina;vedouci
Bradáč, F.;Bradáč, F.;vedouci
Brandejs, T.;Brandejs, T.;vedouci
Braniš, J.;Braniš, J.;vedouci
Bratršovská, Jana;Bratršovská, Jana;vedouci
Bravermanová, Milena;Bravermanová, Milena;vedouci
Brašnička, V.;Brašnička, V.;vedouci
Brdlik, Karl;Brdlik, Karl;vedouci
Brhelová, Jana;Brhelová, Jana;vedouci
Brom, Z.;Brom, Z.;vedouci
Brož, F.;Brož, F.;vedouci
Brož, Josef;Brož, Josef;vedouci
Brunclík, Vl.;Brunclík, Vl.;vedouci
Brychová, Jana;Brychová, Jana;vedouci
Brzobohatý, Vilém;Brzobohatý, Vilém;vedouci
Brčáková, Iva;Brčáková, Iva;vedouci
Buchtele, Z.;Buchtele, Z.;vedouci
Burgert, Pavel;Burgert, Pavel;vedouci
Buřil, František;Buřil, František;vedouci
Bílková, Bohumila;Bílková, Bohumila;vedouci
Bílý, Jaroslav;Bílý, Jaroslav;vedouci
Břicháček, Josef;Břicháček, Josef;vedouci
Cafourková, Lenka;Cafourková, Lenka;vedouci
Capoušek, J.;Capoušek, J.;vedouci
Chadt-Sevětínský, J. E.;Chadt-Sevětínský, J. E.;vedouci
Chamaré, Antonín Jan;Chamaré, Antonín Jan;vedouci
Charvát, Vít;Charvát, Vít;vedouci
Cheben, Michal;Cheben, Michal;vedouci
Chlupová, Simona;Chlupová, Simona;vedouci
Chytil, Štěpán;Chytil, Štěpán;vedouci
Culek, Martin;Culek, Martin;vedouci
Cyprichová, V.;Cyprichová, V.;vedouci
Czernicky, A.;Czernicky, A.;vedouci
Degl, P.;Degl, P.;vedouci
Denkstein, Vladimír;Denkstein, Vladimír;vedouci
Dlasková, A.;Dlasková, A.;vedouci
Dlouhý, R.;Dlouhý, R.;vedouci
Dobrý, Jaroslav;Dobrý, Jaroslav;vedouci
Dokonal, F.;Dokonal, F.;vedouci
Dolenský, Josef;Dolenský, Josef;vedouci
Dostál, M.;Dostál, M.;vedouci
Draganová, Jarmila;Draganová, Jarmila;vedouci
Draslar, Josef;Draslar, Josef;vedouci
Dražný, J.;Dražný, J.;vedouci
Drdek, J.;Drdek, J.;vedouci
Drobná, Zoroslava;Drobná, Zoroslava;vedouci
Drábek, J.;Drábek, J.;vedouci
Držmíšek, J.;Držmíšek, J.;vedouci
Dufek, Emil;Dufek, Emil;vedouci
Duras, F.;Duras, F.;vedouci
Duroň, Antonín;Duroň, Antonín;vedouci
Dusil, M.;Dusil, M.;vedouci
Dušek, K.;Dušek, K.;vedouci
Dvorský, František;Dvorský, František;vedouci
Dvořák, Josef;Dvořák, Josef;vedouci
Dvořáková, Věra;Dvořáková, Věra;vedouci
Dvořáček, Tomáš;Dvořáček, Tomáš;vedouci
Dyk, J.;Dyk, J.;vedouci
Dyrynk, J.;Dyrynk, J.;vedouci
Dytrich, T.;Dytrich, T.;vedouci
Dörre, Rudolf;Dörre, Rudolf;vedouci
Dürr, J.;Dürr, J.;vedouci
Ebel, Martin;Ebel, Martin;vedouci
Eiselt, F.;Eiselt, F.;vedouci
Elčkner, František;Elčkner, František;vedouci
Enc, M.;Enc, M.;vedouci
Ettler, V.;Ettler, V.;vedouci
Fabian, Václav;Fabian, Václav;vedouci
Fait, S.;Fait, S.;vedouci
Falada, Josef;Falada, Josef;vedouci
Farkač, Zdeněk;Farkač, Zdeněk;vedouci
Feistmantel, K.;Feistmantel, K.;vedouci
Fejt, Jan;Fejt, Jan;vedouci
Fereš, B.;Fereš, B.;vedouci
Fetter, V.;Fetter, V.;vedouci
Fibiger, K.;Fibiger, K.;vedouci
Fikar, K.;Fikar, K.;vedouci
Fleková, Klára;Fleková, Klára;vedouci
Fojtík, Martin;Fojtík, Martin;vedouci
Fojtík, V.;Fojtík, V.;vedouci
Foltýn, B.;Foltýn, B.;vedouci
Fonioková, Vlasta;Fonioková, Vlasta;vedouci
Formánek, P.;Formánek, P.;vedouci
Fousek, Ferdinand;Fousek, Ferdinand;vedouci
Freiberg, František;Freiberg, František;vedouci
Friedl, Antonín;Friedl, Antonín;vedouci
Frič, Jan;Frič, Jan;vedouci
Fryč, S.;Fryč, S.;vedouci
Fráňa, Bedřich;Fráňa, Bedřich;vedouci
Furthner, Erich;Furthner, Erich;vedouci
Fürst, L.;Fürst, L.;vedouci
Gabrielli, D.;Gabrielli, D.;vedouci
Gadas, Petr;Gadas, Petr;vedouci
Geschenk, I.;Geschenk, I.;vedouci
Gigal, J.;Gigal, J.;vedouci
Glaube, G.;Glaube, G.;vedouci
Grabowski, Jan;Grabowski, Jan;vedouci
Gregorová, Tereza;Gregorová, Tereza;vedouci
Gross, A.;Gross, A.;vedouci
Gruss, W.;Gruss, W.;vedouci
Gryc, Petr;Gryc, Petr;vedouci
Grégr, J.;Grégr, J.;vedouci
Gut, B.;Gut, B.;vedouci
Görg, J.;Görg, J.;vedouci
Handschuh, B.;Handschuh, B.;vedouci
Hanus, K.;Hanus, K.;vedouci
Hanáček, Lukáš;Hanáček, Lukáš;vedouci
Harant, M.;Harant, M.;vedouci
Hartman, F.;Hartman, F.;vedouci
Hasil, Petr;Hasil, Petr;vedouci
Haufer, J.;Haufer, J.;vedouci
Hausdorf, A.;Hausdorf, A.;vedouci
Hauzim, F.;Hauzim, F.;vedouci
Havelková, V.;Havelková, V.;vedouci
Havlát, Josef;Havlát, Josef;vedouci
Hazuka, M.;Hazuka, M.;vedouci
Heinisch, H.;Heinisch, H.;vedouci
Heinzl, A.;Heinzl, A.;vedouci
Hejzlar, P.;Hejzlar, P.;vedouci
Helfert, J.;Helfert, J.;vedouci
Helinger, J.;Helinger, J.;vedouci
Heringová, Lucie;Heringová, Lucie;vedouci
Herčík, J.;Herčík, J.;vedouci
Heřman, J.;Heřman, J.;vedouci
Hilmera, J.;Hilmera, J.;vedouci
Hirmer, F.;Hirmer, F.;vedouci
Hirsche, G.;Hirsche, G.;vedouci
Hladík, J.;Hladík, J.;vedouci
Hladík, Josef;Hladík, Josef;vedouci
Hloušek, J.;Hloušek, J.;vedouci
Hlubinka, Rudolf;Hlubinka, Rudolf;vedouci
Hlubuček, Karel;Hlubuček, Karel;vedouci
Hlušička, A.;Hlušička, A.;vedouci
Hocke, Franz;Hocke, Franz;vedouci
Hodač, J.;Hodač, J.;vedouci
Hodková, V.;Hodková, V.;vedouci
Hofbauer, Adolf;Hofbauer, Adolf;vedouci
Hofmann, L.;Hofmann, L.;vedouci
Hoftich, K.;Hoftich, K.;vedouci
Holata, Lukáš;Holata, Lukáš;vedouci
Holc, J.;Holc, J.;vedouci
Holec, J.;Holec, J.;vedouci
Holeček, F.;Holeček, F.;vedouci
Holina, F.;Holina, F.;vedouci
Holman, Jiří;Holman, Jiří;vedouci
Holý, Rudolf;Holý, Rudolf;vedouci
Homola, Josef;Homola, Josef;vedouci
Homola, V.;Homola, V.;vedouci
Honza, Jan;Honza, Jan;vedouci
Horká, M.;Horká, M.;vedouci
Hornov-Karpatějev, Ljuba;Hornov-Karpatějev, Ljuba;vedouci
Horyna, V.;Horyna, V.;vedouci
Horák, Bohuslav;Horák, Bohuslav;vedouci
Horák, F.;Horák, F.;vedouci
Horák, Josef;Horák, Josef;vedouci
Horák, P.;Horák, P.;vedouci
Horák, V.;Horák, V.;vedouci
Horáková, Eva;Horáková, Eva;vedouci
Horáček, A.;Horáček, A.;vedouci
Horáček, J.;Horáček, J.;vedouci
Hossner, A.;Hossner, A.;vedouci
Hosznerová, Anna-Marie;Hosznerová, Anna-Marie;vedouci
Hotzl, J.;Hotzl, J.;vedouci
Hrabě, J.;Hrabě, J.;vedouci
Hroch, J.;Hroch, J.;vedouci
Hrozný, B.;Hrozný, B.;vedouci
Hudec, Josef;Hudec, Josef;vedouci
Hudeč, J.;Hudeč, J.;vedouci
Huml, J.;Huml, J.;vedouci
Hynek, J.;Hynek, J.;vedouci
Hájek, J.;Hájek, J.;vedouci
Hájek, J. K.;Hájek, J. K.;vedouci
Jachela, J.;Jachela, J.;vedouci
Jager, P. K.;Jager, P. K.;vedouci
Jahodová, Věra;Jahodová, Věra;vedouci
Janda, P.;Janda, P.;vedouci
Janich, P.;Janich, P.;vedouci
Janovský, F.;Janovský, F.;vedouci
Janoštík, Milan;Janoštík, Milan;vedouci
Janošík, Rostislav;Janošík, Rostislav;vedouci
Janula, J.;Janula, J.;vedouci
Janáčková, J.;Janáčková, J.;vedouci
Janšák, Milan;Janšák, Milan;vedouci
Jaroš, B.;Jaroš, B.;vedouci
Jech, J.;Jech, J.;vedouci
Jech, O.;Jech, O.;vedouci
Jedlička, J.;Jedlička, J.;vedouci
Jelínek, Břetislav;Jelínek, Břetislav;vedouci
Jelínek, Tomáš;Jelínek, Tomáš;vedouci
Jelínková, D.;Jelínková, D.;vedouci
Jelínková, Markéta;Jelínková, Markéta;vedouci
Jetmar, V.;Jetmar, V.;vedouci
Ječná, J.;Ječná, J.;vedouci
Ježek, Josef;Ježek, Josef;vedouci
Jindra, V.;Jindra, V.;vedouci
Jirous, J.;Jirous, J.;vedouci
Jiroš, J.;Jiroš, J.;vedouci
Jiráková-Janská, Eva;Jiráková-Janská, Eva;vedouci
Jiráček, J.;Jiráček, J.;vedouci
Jiří, Obrhel;Jiří, Obrhel;vedouci
Joura, J.;Joura, J.;vedouci
Junek, J.;Junek, J.;vedouci
Jíša, O.;Jíša, O.;vedouci
Jón, V.;Jón, V.;vedouci
Kaderková, I.;Kaderková, I.;vedouci
Kadlec, Vojtěch;Kadlec, Vojtěch;vedouci
Kadlíčková, H.;Kadlíčková, H.;vedouci
Kadlčíková, R.;Kadlčíková, R.;vedouci
Kafka, F.;Kafka, F.;vedouci
Kafka, Ferdinand;Kafka, Ferdinand;vedouci
Kafka, K.;Kafka, K.;vedouci
Kahleis, H.;Kahleis, H.;vedouci
Kahoun, F.;Kahoun, F.;vedouci
Kaliszová, Drahomíra;Kaliszová, Drahomíra;vedouci
Kalousek, František;Kalousek, František;vedouci
Kandyba, O.;Kandyba, O.;vedouci
Karas, J.;Karas, J.;vedouci
Karasová, Helena;Karasová, Helena;vedouci
Karhan, M.;Karhan, M.;vedouci
Karnet, Jaroslav;Karnet, Jaroslav;vedouci
Karásek, J.;Karásek, J.;vedouci
Kasl, Filip;Kasl, Filip;vedouci
Kavan, Jaroslav;Kavan, Jaroslav;vedouci
Kazda, K.;Kazda, K.;vedouci
Kašička, J.;Kašička, J.;vedouci
Kiesenbauer, Jindřich;Kiesenbauer, Jindřich;vedouci
Kindelmann, Petr;Kindelmann, Petr;vedouci
Kindlová, A.;Kindlová, A.;vedouci
Kirschner, A.;Kirschner, A.;vedouci
Klanica, Jan;Klanica, Jan;vedouci
Klavík, A.;Klavík, A.;vedouci
Klepsch, Gustav;Klepsch, Gustav;vedouci
Klika, A.;Klika, A.;vedouci
Klouček, J.;Klouček, J.;vedouci
Knot, M.;Knot, M.;vedouci
Koblížek, A.;Koblížek, A.;vedouci
Kocian, Petr;Kocian, Petr;vedouci
Kociánová, M.;Kociánová, M.;vedouci
Kohl, Arnošt;Kohl, Arnošt;vedouci
Kohoutková, J.;Kohoutková, J.;vedouci
Kolenáč, V.;Kolenáč, V.;vedouci
Komzák, J.;Komzák, J.;vedouci
Konopas, J. E.;Konopas, J. E.;vedouci
Konrádová, Monika;Konrádová, Monika;vedouci
Kopal, F.;Kopal, F.;vedouci
Kopecká, J.;Kopecká, J.;vedouci
Kopecký, M.;Kopecký, M.;vedouci
Kopecký, P. A.;Kopecký, P. A.;vedouci
Kopáč, F.;Kopáč, F.;vedouci
Kopáčová, Zuzana;Kopáčová, Zuzana;vedouci
Kos, Oldřich;Kos, Oldřich;vedouci
Kothera, K.;Kothera, K.;vedouci
Kotrba, F.;Kotrba, F.;vedouci
Kotyková-Rybová, Alena;Kotyková-Rybová, Alena;vedouci
Koudelka, B.;Koudelka, B.;vedouci
Koutová, Jarmila;Koutová, Jarmila;vedouci
Kočvara, Antonín;Kočvara, Antonín;vedouci
Kořenský, J.;Kořenský, J.;vedouci
Kořán, V.;Kořán, V.;vedouci
Kracík, Josef;Kracík, Josef;vedouci
Kraft, J.;Kraft, J.;vedouci
Kratochvíl, J.;Kratochvíl, J.;vedouci
Kratochvíl, Zdeněk;Kratochvíl, Zdeněk;vedouci
Kremla, Jan;Kremla, Jan;vedouci
Krhoun, František;Krhoun, František;vedouci
Kroupa, J.;Kroupa, J.;vedouci
Kroupa, Petr;Kroupa, Petr;vedouci
Krumbholc, V.;Krumbholc, V.;vedouci
Krumlovský, J.;Krumlovský, J.;vedouci
Kryl, F.;Kryl, F.;vedouci
Král, Josef;Král, Josef;vedouci
Král, Karel;Král, Karel;vedouci
Králová, Jana;Králová, Jana;vedouci
Králík, J.;Králík, J.;vedouci
Králík, Miroslav;Králík, Miroslav;vedouci
Krčmář, Jan;Krčmář, Jan;vedouci
Kubec, František;Kubec, František;vedouci
Kubovec, J.;Kubovec, J.;vedouci
Kubát, S.;Kubát, S.;vedouci
Kudrna, J.;Kudrna, J.;vedouci
Kudělka, Zdeněk;Kudělka, Zdeněk;vedouci
Kugler, F.;Kugler, F.;vedouci
Kulíř, B.;Kulíř, B.;vedouci
Kunftová, Bohuslava;Kunftová, Bohuslava;vedouci
Kunický, Z.;Kunický, Z.;vedouci
Kurtiš, J.;Kurtiš, J.;vedouci
Kuthanová, Věra;Kuthanová, Věra;vedouci
Kučera, F;Kučera, F;vedouci
Kvěchová, Eliška;Kvěchová, Eliška;vedouci
Květinová, Sylvie;Květinová, Sylvie;vedouci
Kysela, Jan;Kysela, Jan;vedouci
Kyselý, René;Kyselý, René;vedouci
Kytlicová-Smotlachová, Olga;Kytlicová-Smotlachová, Olga;vedouci
Káně, Z.;Káně, Z.;vedouci
Křenek, Karel;Křenek, Karel;vedouci
Křepelka, B.;Křepelka, B.;vedouci
Křivan, L.;Křivan, L.;vedouci
Kříž, K.;Kříž, K.;vedouci
Kříž, Martin;Kříž, Martin;vedouci
Kůrka, J.;Kůrka, J.;vedouci
Kůt, Karel;Kůt, Karel;vedouci
Kůtková, Jana;Kůtková, Jana;vedouci
Ladislav, Slezák;Ladislav, Slezák;vedouci
Landsfeld, H.;Landsfeld, H.;vedouci
Lang, A.;Lang, A.;vedouci
Lang, Antonín Maxmilián;Lang, Antonín Maxmilián;vedouci
Lang, J.;Lang, J.;vedouci
Lapáček, L.;Lapáček, L.;vedouci
Lauda, V.;Lauda, V.;vedouci
Laufka, J.;Laufka, J.;vedouci
Laušman, J.;Laušman, J.;vedouci
Legnerová, H.;Legnerová, H.;vedouci
Lego, J.;Lego, J.;vedouci
Leibich, L.;Leibich, L.;vedouci
Leimer, G.;Leimer, G.;vedouci
Lenz, F.;Lenz, F.;vedouci
Lepař, Vladislav;Lepař, Vladislav;vedouci
Lepka, K.;Lepka, K.;vedouci
Levý, A. J.;Levý, A. J.;vedouci
Linda, A.;Linda, A.;vedouci
Lindner, Adolf;Lindner, Adolf;vedouci
Linington, R.;Linington, R.;vedouci
Linka, J.;Linka, J.;vedouci
Lintner, J.;Lintner, J.;vedouci
Lipka, František;Lipka, František;vedouci
Liska, Vladimír;Liska, Vladimír;vedouci
Litera, B.;Litera, B.;vedouci
Liška, L.;Liška, L.;vedouci
Lobovský, A.;Lobovský, A.;vedouci
Locker, M.;Locker, M.;vedouci
Lokaj, J.;Lokaj, J.;vedouci
Londa, Petr;Londa, Petr;vedouci
Lopata, V.;Lopata, V.;vedouci
Lososová, Jana;Lososová, Jana;vedouci
Lukavec, Josef;Lukavec, Josef;vedouci
Lusiger, J.;Lusiger, J.;vedouci
Lustig, L.;Lustig, L.;vedouci
Lála, F.;Lála, F.;vedouci
Líbal, Dobroslav;Líbal, Dobroslav;vedouci
Mach, František;Mach, František;vedouci
Mach, O.;Mach, O.;vedouci
Machač, Radek;Machač, Radek;vedouci
Machová, Helena;Machová, Helena;vedouci
Macháčová, Natálie;Macháčová, Natálie;vedouci
Mader, K.;Mader, K.;vedouci
Maleček, O.;Maleček, O.;vedouci
Malá, Jana;Malá, Jana;vedouci
Mansfeld, H. C.;Mansfeld, H. C.;vedouci
Marchárek, Jan;Marchárek, Jan;vedouci
Marek, Václav;Marek, Václav;vedouci
Mareček, Jan;Mareček, Jan;vedouci
Mareš, F.;Mareš, F.;vedouci
Mareš, K.;Mareš, K.;vedouci
Marková, Jarmila;Marková, Jarmila;vedouci
Markus, A.;Markus, A.;vedouci
Martinisková, Monika;Martinisková, Monika;vedouci
Martínek, Antonín;Martínek, Antonín;vedouci
Maršák, František;Maršák, František;vedouci
Matzkiewitcz, Klementyna;Matzkiewitcz, Klementyna;vedouci
Maxová, Eliška;Maxová, Eliška;vedouci
Maříková, Jana;Maříková, Jana;vedouci
Mašek, J.;Mašek, J.;vedouci
Mašek, M.;Mašek, M.;vedouci
Mašek, V.;Mašek, V.;vedouci
Maťátko, P.;Maťátko, P.;vedouci
Meisner, L.;Meisner, L.;vedouci
Melichar, V.;Melichar, V.;vedouci
Mencl, J.;Mencl, J.;vedouci
Michal, F.;Michal, F.;vedouci
Michl, V.;Michl, V.;vedouci
Micka, Z.;Micka, Z.;vedouci
Mikeš, J.;Mikeš, J.;vedouci
Miltner, Jan Bohuslav;Miltner, Jan Bohuslav;vedouci
Miltner, Jindřich Otakar;Miltner, Jindřich Otakar;vedouci
Mižikar, P.;Mižikar, P.;vedouci
Mlejnek, Ondřej;Mlejnek, Ondřej;vedouci
Mlsna, J.;Mlsna, J.;vedouci
Mládek, F.;Mládek, F.;vedouci
Mocker, Josef;Mocker, Josef;vedouci
Modlík, Martin;Modlík, Martin;vedouci
Mojžíš, J.;Mojžíš, J.;vedouci
Molek, V.;Molek, V.;vedouci
Monhart, I.;Monhart, I.;vedouci
Moravcová, Marta;Moravcová, Marta;vedouci
Moravec, Bedřich;Moravec, Bedřich;vedouci
Moravec, Daniel;Moravec, Daniel;vedouci
Motyl, J.;Motyl, J.;vedouci
Mrva, Michal;Mrva, Michal;vedouci
Mrázek, Jan;Mrázek, Jan;vedouci
Muk, K.;Muk, K.;vedouci
Musil, F.;Musil, F.;vedouci
Musil, Jiří;Musil, Jiří;vedouci
Mužík, J.;Mužík, J.;vedouci
Mírová, Zuzana;Mírová, Zuzana;vedouci
Müller, E.;Müller, E.;vedouci
Müller, J.;Müller, J.;vedouci
Münzberg, J.;Münzberg, J.;vedouci
Nachtman, J.;Nachtman, J.;vedouci
Najbrt, Radim;Najbrt, Radim;vedouci
Navrátil, František;Navrátil, František;vedouci
Nechvíle, F.;Nechvíle, F.;vedouci
Nechvíle, J.;Nechvíle, J.;vedouci
Neder, E.;Neder, E.;vedouci
Nedorost, J.;Nedorost, J.;vedouci
Nejezchleb, Jaroslav;Nejezchleb, Jaroslav;vedouci
Nejman, Ladislav;Nejman, Ladislav;vedouci
Nekuda, Vladimír;Nekuda, Vladimír;vedouci
Neubert, K.;Neubert, K.;vedouci
Neudörfel, J. V.;Neudörfel, J. V.;vedouci
Neumann, Emanuel;Neumann, Emanuel;vedouci
Neuvirtová, Alice;Neuvirtová, Alice;vedouci
Niederle, Lubor;Niederle, Lubor;vedouci
Nikl, Pavel;Nikl, Pavel;vedouci
Novák, Jaromír;Novák, Jaromír;vedouci
Novák, Josef;Novák, Josef;vedouci
Novák, Pavel;Novák, Pavel;vedouci
Novák, S.;Novák, S.;vedouci
Novák, Štěpán;Novák, Štěpán;vedouci
Nováček, Ondřej;Nováček, Ondřej;vedouci
Nováček, Vladimír;Nováček, Vladimír;vedouci
Nový, K.;Nový, K.;vedouci
Nový, petr;Nový, petr;vedouci
Noček, J.;Noček, J.;vedouci
Nábělek, E.;Nábělek, E.;vedouci
Nápravník, J.;Nápravník, J.;vedouci
Náprstek, V.;Náprstek, V.;vedouci
Němeček, J.;Němeček, J.;vedouci
Oktábec, Antonín;Oktábec, Antonín;vedouci
Ondráček, Petr;Ondráček, Petr;vedouci
Ondrůj, Jiří;Ondrůj, Jiří;vedouci
Oplt, Z.;Oplt, Z.;vedouci
Opltová, A.;Opltová, A.;vedouci
Oplíštil, J.;Oplíštil, J.;vedouci
Ornová, Lenka;Ornová, Lenka;vedouci
Otte, S.;Otte, S.;vedouci
Oudes, Dominik;Oudes, Dominik;vedouci
Ouhrabka, Martin;Ouhrabka, Martin;vedouci
Palečková, Hana;Palečková, Hana;vedouci
Panec, F.;Panec, F.;vedouci
Paudler, A.;Paudler, A.;vedouci
Pavel, P.;Pavel, P.;vedouci
Pawlowsky, J.;Pawlowsky, J.;vedouci
Pařízek, František;Pařízek, František;vedouci
Pažout, Jar.;Pažout, Jar.;vedouci
Pech, David;Pech, David;vedouci
Pech, J.;Pech, J.;vedouci
Pecharová, Ludmila;Pecharová, Ludmila;vedouci
Pecháček, František;Pecháček, František;vedouci
Pecka, J.;Pecka, J.;vedouci
Pecka, Š.;Pecka, Š.;vedouci
Peduzzi, L.;Peduzzi, L.;vedouci
Peh, E.;Peh, E.;vedouci
Pelc, L.;Pelc, L.;vedouci
Pelc, M.;Pelc, M.;vedouci
Pelikán, Jiří;Pelikán, Jiří;vedouci
Pernička, Radko Martin;Pernička, Radko Martin;vedouci
Petrák, A.;Petrák, A.;vedouci
Petržílka, V.;Petržílka, V.;vedouci
Petřička, F.;Petřička, F.;vedouci
Petřík, E.;Petřík, E.;vedouci
Petřík, P.;Petřík, P.;vedouci
Peřina, F.;Peřina, F.;vedouci
Peřina, Zdeněk;Peřina, Zdeněk;vedouci
Pešek, Josef;Pešek, Josef;vedouci
Pešková, Markéta;Pešková, Markéta;vedouci
Pešout, J.;Pešout, J.;vedouci
Pietsch, P.;Pietsch, P.;vedouci
Pleyer, V.;Pleyer, V.;vedouci
Pleyer, W.;Pleyer, W.;vedouci
Podešva, F.;Podešva, F.;vedouci
Podhorný, Petr;Podhorný, Petr;vedouci
Podhorský, J.;Podhorský, J.;vedouci
Pokorný, L.;Pokorný, L.;vedouci
Pokorný, Marek;Pokorný, Marek;vedouci
Polcar, F.;Polcar, F.;vedouci
Polián, F.;Polián, F.;vedouci
Polák, A.;Polák, A.;vedouci
Poláková, Monika;Poláková, Monika;vedouci
Polínek, Šimon;Polínek, Šimon;vedouci
Popel, A.;Popel, A.;vedouci
Pour, V.;Pour, V.;vedouci
Prihoda, R.;Prihoda, R.;vedouci
Princová, Jarmila;Princová, Jarmila;vedouci
Procházka, Alois;Procházka, Alois;vedouci
Procházka, B.;Procházka, B.;vedouci
Procházka, F.;Procházka, F.;vedouci
Procházka, Karel;Procházka, Karel;vedouci
Procházková, Marta;Procházková, Marta;vedouci
Prunar, F.;Prunar, F.;vedouci
Průcha, E.;Průcha, E.;vedouci
Průchová, Erika;Průchová, Erika;vedouci
Ptáková, Michaela;Ptáková, Michaela;vedouci
Puchmajerová, Marie;Puchmajerová, Marie;vedouci
Puchta, J;Puchta, J;vedouci
Pudil, F.;Pudil, F.;vedouci
Pultr, V.;Pultr, V.;vedouci
Purš, F.;Purš, F.;vedouci
Pusch, J.;Pusch, J.;vedouci
Páv, Jiří;Páv, Jiří;vedouci
Přerost, F.;Přerost, F.;vedouci
Přerost, J.;Přerost, J.;vedouci
Přichystal, Antonín;Přichystal, Antonín;vedouci
Půlpytlová, Helena;Půlpytlová, Helena;vedouci
Radda, Robert;Radda, Robert;vedouci
Rak, Jiří;Rak, Jiří;vedouci
Rakovská, Jana;Rakovská, Jana;vedouci
Raschke, Georg;Raschke, Georg;vedouci
Reichman, F.;Reichman, F.;vedouci
Reif, H.;Reif, H.;vedouci
Resl, Václav;Resl, Václav;vedouci
Richterová, Vlasta;Richterová, Vlasta;vedouci
Rittig, Anton;Rittig, Anton;vedouci
Rohla, J.;Rohla, J.;vedouci
Rosůlek, F. K.;Rosůlek, F. K.;vedouci
Roubíček, J.;Roubíček, J.;vedouci
Rous, J.;Rous, J.;vedouci
Rozboud, T.;Rozboud, T.;vedouci
Rozsévač, Jan;Rozsévač, Jan;vedouci
Rubner, David;Rubner, David;vedouci
Ruffer, J.;Ruffer, J.;vedouci
Rutar, Radovan;Rutar, Radovan;vedouci
Ruth, F.;Ruth, F.;vedouci
Rybářík, V.;Rybářík, V.;vedouci
Rychlý, Milan;Rychlý, Milan;vedouci
Rychtaříková, Tereza;Rychtaříková, Tereza;vedouci
Rychter, F.;Rychter, F.;vedouci
Rygl, T.;Rygl, T.;vedouci
Rzehak, Anton;Rzehak, Anton;vedouci
Rádl, Josef;Rádl, Josef;vedouci
Růžička, K.;Růžička, K.;vedouci
Růžička, Václav;Růžička, Václav;vedouci
Růžičková, Pavla;Růžičková, Pavla;vedouci
Sadílek, J.;Sadílek, J.;vedouci
Samek, K.;Samek, K.;vedouci
Satran, A.;Satran, A.;vedouci
Schaller, V.;Schaller, V.;vedouci
Schejbalová, Zdeňka;Schejbalová, Zdeňka;vedouci
Scheufler, Vl.;Scheufler, Vl.;vedouci
Schiller, Ondřej;Schiller, Ondřej;vedouci
Schinkman, J.;Schinkman, J.;vedouci
Schmidt, Josef;Schmidt, Josef;vedouci
Schmiedl, A.;Schmiedl, A.;vedouci
Schmitt, Antonín Prokop;Schmitt, Antonín Prokop;vedouci
Schneider, K.;Schneider, K.;vedouci
Schrenk, J.;Schrenk, J.;vedouci
Schulz, V.;Schulz, V.;vedouci
Schwarzenberg, Bedřich;Schwarzenberg, Bedřich;vedouci
Schönigerová, Veronika;Schönigerová, Veronika;vedouci
Seifertová, L.;Seifertová, L.;vedouci
Sekyra, K.;Sekyra, K.;vedouci
Severa, J.;Severa, J.;vedouci
Simon, Julius;Simon, Julius;vedouci
Sirotek, Jaromír;Sirotek, Jaromír;vedouci
Sixta, V.;Sixta, V.;vedouci
Skalský, Gustav;Skalský, Gustav;vedouci
Skalák, V.;Skalák, V.;vedouci
Sklenář, Josef;Sklenář, Josef;vedouci
Skopal, Rostislav;Skopal, Rostislav;vedouci
Skopec, V.;Skopec, V.;vedouci
Skulinek, Jan;Skulinek, Jan;vedouci
Slabý, Lukáš;Slabý, Lukáš;vedouci
Slavík, A.;Slavík, A.;vedouci
Slavík, P.;Slavík, P.;vedouci
Slovák, Jindřich;Slovák, Jindřich;vedouci
Slunečko, Vladimír;Slunečko, Vladimír;vedouci
Sládek, S.;Sládek, S.;vedouci
Slánský, V.;Slánský, V.;vedouci
Smetana, F.;Smetana, F.;vedouci
Smíšek, Michal;Smíšek, Michal;vedouci
Sobota, J.;Sobota, J.;vedouci
Sobotka, O.;Sobotka, O.;vedouci
Sofaer-Derevenski, J.;Sofaer-Derevenski, J.;vedouci
Sokol, V.;Sokol, V.;vedouci
Sosna, V.;Sosna, V.;vedouci
Sosín, Ludvík;Sosín, Ludvík;vedouci
Spal, J.;Spal, J.;vedouci
Spiess, J.;Spiess, J.;vedouci
Sprenger, E.;Sprenger, E.;vedouci
Srůtek, J.;Srůtek, J.;vedouci
Steberl, Anton;Steberl, Anton;vedouci
Steinhausser, W.;Steinhausser, W.;vedouci
Stejskalová, V.;Stejskalová, V.;vedouci
Stloukal, Milan;Stloukal, Milan;vedouci
Strejc, Martin;Strejc, Martin;vedouci
Strejček, R.;Strejček, R.;vedouci
Strnad, M.;Strnad, M.;vedouci
Struhala, Bohumil;Struhala, Bohumil;vedouci
Stránský, A.;Stránský, A.;vedouci
Stránský, Radek;Stránský, Radek;vedouci
Stránský, Z.;Stránský, Z.;vedouci
Stumpf, Gustav;Stumpf, Gustav;vedouci
Stupka, J.;Stupka, J.;vedouci
Suchý, Jindřich;Suchý, Jindřich;vedouci
Svoboda, M.;Svoboda, M.;vedouci
Swatzina, Martin;Swatzina, Martin;vedouci
Synek, V.;Synek, V.;vedouci
Tajner, O.;Tajner, O.;vedouci
Taschke, T.;Taschke, T.;vedouci
Teplý, František;Teplý, František;vedouci
Thurzo, Dušan;Thurzo, Dušan;vedouci
Thér, Richard;Thér, Richard;vedouci
Tichý, Dalibor;Tichý, Dalibor;vedouci
Tichý, E.;Tichý, E.;vedouci
Toman, Josef;Toman, Josef;vedouci
Tomek, Václav Vladivoj;Tomek, Václav Vladivoj;vedouci
Tomášek, I.;Tomášek, I.;vedouci
Tomíček, A.;Tomíček, A.;vedouci
Tostevin, Gilbert;Tostevin, Gilbert;vedouci
Toušek, V.;Toušek, V.;vedouci
Trojanová, D.;Trojanová, D.;vedouci
Troub, J.;Troub, J.;vedouci
Truschka, D.;Truschka, D.;vedouci
Tschakert, R.;Tschakert, R.;vedouci
Tuláčková, Lenka;Tuláčková, Lenka;vedouci
Turková, M.;Turková, M.;vedouci
Typlt, J.;Typlt, J.;vedouci
Tůma, B.;Tůma, B.;vedouci
Tůma, F.;Tůma, F.;vedouci
Tůma, Karel;Tůma, Karel;vedouci
Tůneček, J.;Tůneček, J.;vedouci
Ulrych, A.;Ulrych, A.;vedouci
Urban, D.;Urban, D.;vedouci
Urbánek, L.;Urbánek, L.;vedouci
Ureš, K.;Ureš, K.;vedouci
Vacek, F. A.;Vacek, F. A.;vedouci
Vachuda, Jiří;Vachuda, Jiří;vedouci
Vachůt, Petr;Vachůt, Petr;vedouci
Vachůtová, Dagmar;Vachůtová, Dagmar;vedouci
Valenta, Petr;Valenta, Petr;vedouci
Valošek, Čeněk;Valošek, Čeněk;vedouci
Valterová, P.;Valterová, P.;vedouci
Valčiha, Karel;Valčiha, Karel;vedouci
Vanka, K.;Vanka, K.;vedouci
Vaněk, S.;Vaněk, S.;vedouci
Vaněček, M.;Vaněček, M.;vedouci
Vasserbauerová, Ludmila;Vasserbauerová, Ludmila;vedouci
Vačlena, J.;Vačlena, J.;vedouci
Vencour, František;Vencour, František;vedouci
Veselý, K.;Veselý, K.;vedouci
Večeřa, Josef;Večeřa, Josef;vedouci
Vildomec, František;Vildomec, František;vedouci
Vilhelm, J.;Vilhelm, J.;vedouci
Vinařický, K.;Vinařický, K.;vedouci
Vitulová, Dana;Vitulová, Dana;vedouci
Vlach, J.;Vlach, J.;vedouci
Vlačiha, Karel;Vlačiha, Karel;vedouci
Vlk, František;Vlk, František;vedouci
Vodička, Eduard;Vodička, Eduard;vedouci
Vodáková, Martina;Vodáková, Martina;vedouci
Volavková, Hana;Volavková, Hana;vedouci
Voldan, B.;Voldan, B.;vedouci
Volf, H.;Volf, H.;vedouci
Volf, O.;Volf, O.;vedouci
Volfová, K.;Volfová, K.;vedouci
Vondráček, A.;Vondráček, A.;vedouci
Voňka, F.;Voňka, F.;vedouci
Vrba, V.;Vrba, V.;vedouci
Vrbický, J.;Vrbický, J.;vedouci
Vrána, Petr;Vrána, Petr;vedouci
Vránek, K.;Vránek, K.;vedouci
Vurm, K.;Vurm, K.;vedouci
Vyskočil, Bedřich;Vyskočil, Bedřich;vedouci
Váňa, J.;Váňa, J.;vedouci
Vítův, V.;Vítův, V.;vedouci
Věšínová, Kamila;Věšínová, Kamila;vedouci
Wachtel, G.;Wachtel, G.;vedouci
Walzer, S.;Walzer, S.;vedouci
Wasková, Marie;Wasková, Marie;vedouci
Webr, F.;Webr, F.;vedouci
Wiesnerová, Petra;Wiesnerová, Petra;vedouci
Wild, W.;Wild, W.;vedouci
Wolf, Ondřej;Wolf, Ondřej;vedouci
Wusin, J.;Wusin, J.;vedouci
Wussin, F.;Wussin, F.;vedouci
Zach, J.;Zach, J.;vedouci
Zachar, M.;Zachar, M.;vedouci
Zajíček, F.;Zajíček, F.;vedouci
Zap, Karel Vladislav;Zap, Karel Vladislav;vedouci
Zauper, W.;Zauper, W.;vedouci
Zawadová, Dorota;Zawadová, Dorota;vedouci
Zelenka, V.;Zelenka, V.;vedouci
Zeler, Slavomír;Zeler, Slavomír;vedouci
Zeman, Jan;Zeman, Jan;vedouci
Zháněl, Jan;Zháněl, Jan;vedouci
Zima, J.;Zima, J.;vedouci
Zimerman, A.;Zimerman, A.;vedouci
Zimmermann, Heinrich;Zimmermann, Heinrich;vedouci
Zippe, Franz Xaver Maxmilian;Zippe, Franz Xaver Maxmilian;vedouci
Zourek, K.;Zourek, K.;vedouci
Zozulák, R.;Zozulák, R.;vedouci
Zuman, F.;Zuman, F.;vedouci
Zykán, Jan Nepomuk;Zykán, Jan Nepomuk;vedouci
Zárybnický, Miloš;Zárybnický, Miloš;vedouci
Zíma, Karel;Zíma, Karel;vedouci
Čaloun, P.;Čaloun, P.;vedouci
Čapek, K.;Čapek, K.;vedouci
Čech, D.;Čech, D.;vedouci
Čejka, Oldřich;Čejka, Oldřich;vedouci
Čepeláková, Eva;Čepeláková, Eva;vedouci
Čepička, Ladislav;Čepička, Ladislav;vedouci
Čermák, Ladislav;Čermák, Ladislav;vedouci
Černohouz, Jaroslav;Černohouz, Jaroslav;vedouci
Červenka, F.;Červenka, F.;vedouci
Červená, Kateřina;Červená, Kateřina;vedouci
Červinka, J.;Červinka, J.;vedouci
Čihák, J.;Čihák, J.;vedouci
Čistecký, Josef;Čistecký, Josef;vedouci
Čtvrtníčková, Lenka;Čtvrtníčková, Lenka;vedouci
Čujan, J.;Čujan, J.;vedouci
Čumlivsky, D.;Čumlivsky, D.;vedouci
Čáp, Pavel;Čáp, Pavel;vedouci
Řidel, L.;Řidel, L.;vedouci
Říhovská, Jaroslava;Říhovská, Jaroslava;vedouci
Říčka, Alois;Říčka, Alois;vedouci
Šafář, František;Šafář, František;vedouci
Šaurová, Dagmar;Šaurová, Dagmar;vedouci
Šašek, V.;Šašek, V.;vedouci
Šebek, Jaromír;Šebek, Jaromír;vedouci
Šebor, František;Šebor, František;vedouci
Šedina, Miroslav;Šedina, Miroslav;vedouci
Šefčíková, Miroslava;Šefčíková, Miroslava;vedouci
Ševčík, J.;Ševčík, J.;vedouci
Ševčík, Jaroslav;Ševčík, Jaroslav;vedouci
Ševčík, P.;Ševčík, P.;vedouci
Šilha, J.;Šilha, J.;vedouci
Šilhavá, Lucie;Šilhavá, Lucie;vedouci
Šilhová, Alena;Šilhová, Alena;vedouci
Šimek, František;Šimek, František;vedouci
Šindelář, Jiří;Šindelář, Jiří;vedouci
Široký, A.;Široký, A.;vedouci
Šittler, Eduard;Šittler, Eduard;vedouci
Škopek, P.;Škopek, P.;vedouci
Škrov, G.;Škrov, G.;vedouci
Škvorová, M.;Škvorová, M.;vedouci
Šlechta, P.;Šlechta, P.;vedouci
Šlemr, E.;Šlemr, E.;vedouci
Šnorek, V.;Šnorek, V.;vedouci
Šobr, J.;Šobr, J.;vedouci
Šolta, Antonín;Šolta, Antonín;vedouci
Špačková, Daniela;Špačková, Daniela;vedouci
Špindler, E.;Špindler, E.;vedouci
Špinka, J.;Špinka, J.;vedouci
Šplíchal, V.;Šplíchal, V.;vedouci
Šrámek, K.;Šrámek, K.;vedouci
Šráčková, Eva;Šráčková, Eva;vedouci
Štajnbruch, Jakub;Štajnbruch, Jakub;vedouci
Štampach, František;Štampach, František;vedouci
Šteffek, Jindřich;Šteffek, Jindřich;vedouci
Šternberk, Kašpar;Šternberk, Kašpar;vedouci
Štika, J.;Štika, J.;vedouci
Štolba, J.;Štolba, J.;vedouci
Štroufek, F.;Štroufek, F.;vedouci
Štumpf, V.;Štumpf, V.;vedouci
Štveráková, H.;Štveráková, H.;vedouci
Štědronský, J.;Štědronský, J.;vedouci
Štěpán, J.;Štěpán, J.;vedouci
Štěpán, V.;Štěpán, V.;vedouci
Štěpánek, F.;Štěpánek, F.;vedouci
Štěpánek, J.;Štěpánek, J.;vedouci
Štěpánek, Miroslav;Štěpánek, Miroslav;vedouci
Šubrt, Jeronym;Šubrt, Jeronym;vedouci
Šubrt, V.;Šubrt, V.;vedouci
Švejcar, Ondřej;Švejcar, Ondřej;vedouci
Šváb, V.;Šváb, V.;vedouci
Šístek, Václav;Šístek, Václav;vedouci
Želnický, J.;Želnický, J.;vedouci
Žilincová, Lucia;Žilincová, Lucia;vedouci
Živný, Michal;Živný, Michal;vedouci
Žák, J.;Žák, J.;vedouci
Žáková, B.;Žáková, B.;vedouci
Žáček, Rudolf;Žáček, Rudolf;vedouci
anonym;anonym;nalezce
Konečný, Vlastislav;Konečný, Vlastislav;nalezce
Kiš, Patrik;Kiš, Patrik;nalezce
Omelka, Zdeněk;Omelka, Zdeněk;nalezce
Kučera, Pavel;Kučera, Pavel;nalezce
Jeřábek, Jan;Jeřábek, Jan;nalezce
Děkanovský, Petr;Děkanovský, Petr;nalezce
Vejmělka, David;Vejmělka, David;nalezce
Průcha, Jaroslav;Průcha, Jaroslav;nalezce
Zedníček, Milan;Zedníček, Milan;nalezce
Merta, Tomáš;Merta, Tomáš;nalezce
Rogoňová, Kateřina;Rogoňová, Kateřina;nalezce
Spálovský, Petr;Spálovský, Petr;nalezce
Tulis, Miroslav;Tulis, Miroslav;nalezce
Bártík, Miloš;Bártík, Miloš;nalezce
Freiwald, Vítězslav;Freiwald, Vítězslav;nalezce
Širůčkovi, Alena a Roman;Širůčkovi, Alena a Roman;nalezce
Dostál, Tomáš;Dostál, Tomáš;nalezce
Dočkal, Jiří;Dočkal, Jiří;nalezce
Kosour, Frantisek;Kosour, Frantisek;nalezce
Uhlíř, Petr;Uhlíř, Petr;nalezce
Fišer, Jan;Fišer, Jan;nalezce
Ležák, Jaroslav;Ležák, Jaroslav;nalezce
Přech, Milan;Přech, Milan;nalezce
Michálek, František;Michálek, František;nalezce
Wasserbauer, Václav;Wasserbauer, Václav;nalezce
Bilíček, Tomáš;Bilíček, Tomáš;nalezce
Ryšavá, Veronika;Ryšavá, Veronika;nalezce
Mikeš, Petr;Mikeš, Petr;nalezce
Maňák, Stanislav;Maňák, Stanislav;nalezce
Priehoda, Pavel;Priehoda, Pavel;nalezce
Štoudek, Libor;Štoudek, Libor;nalezce
Kotásek, Lukas;Kotásek, Lukas;nalezce
Badinka, Aleš;Badinka, Aleš;nalezce
Mikšovská, Dagmar;Mikšovská, Dagmar;nalezce
Šteffel, Roman;Šteffel, Roman;nalezce
Jakubčík, Jan;Jakubčík, Jan;nalezce
Ďuriš, Miroslav;Ďuriš, Miroslav;nalezce
Jagos, Jiří;Jagos, Jiří;nalezce
Sukup, Jakub;Sukup, Jakub;nalezce
Herman, Tomáš;Herman, Tomáš;nalezce
CHMELAŘ, KAREL;CHMELAŘ, KAREL;nalezce
Zeleňák, Lukáš;Zeleňák, Lukáš;nalezce
Trýnoha, Vlastimil;Trýnoha, Vlastimil;nalezce
Malářová, Michaela;Malářová, Michaela;nalezce
Mahdal, Jakub;Mahdal, Jakub;nalezce
Oulehla, Vladimír;Oulehla, Vladimír;nalezce
Žabka, Ján;Žabka, Ján;nalezce
Priehodová, Zita;Priehodová, Zita;nalezce
Bulva, Jiří;Bulva, Jiří;nalezce
Hnátek, Michal;Hnátek, Michal;nalezce
Vysloužil, Michal;Vysloužil, Michal;nalezce
Kostelník, Roman;Kostelník, Roman;nalezce
Wollmuth, Martin;Wollmuth, Martin;nalezce
Holouš, Václav;Holouš, Václav;nalezce
Rous, Tomáš;Rous, Tomáš;nalezce
Ondroušek, Jakub;Ondroušek, Jakub;nalezce
Počta, Michal;Počta, Michal;nalezce
Neubert, Zbyněk;Neubert, Zbyněk;nalezce
Studničný, Petr;Studničný, Petr;nalezce
Dočekal, Filip;Dočekal, Filip;nalezce
Lužný, Martin;Lužný, Martin;nalezce
Baka, Stanislav;Baka, Stanislav;nalezce
Novotný, Karel;Novotný, Karel;nalezce
Bílek, Roman;Bílek, Roman;nalezce
Hrazdil, Filip;Hrazdil, Filip;nalezce
Macek, Miroslav;Macek, Miroslav;nalezce
Malý, Martin;Malý, Martin;nalezce
Míča, Rudolf;Míča, Rudolf;nalezce
Bláha, Ladislav;Bláha, Ladislav;nalezce
Burgr, Martin;Burgr, Martin;nalezce
Dvořák, Jiří;Dvořák, Jiří;nalezce
Mikešová, Iveta;Mikešová, Iveta;nalezce
Borek, František;Borek, František;nalezce
Dočekal, Jan;Dočekal, Jan;nalezce
Jagoš ml., Jiří;Jagoš ml., Jiří;nalezce
Pejšek, Robert;Pejšek, Robert;nalezce
Ráčil, Jiří;Ráčil, Jiří;nalezce
Heczko, Milan;Heczko, Milan;nalezce
Vymyslický, Milan;Vymyslický, Milan;nalezce
Pavčík, Daniel;Pavčík, Daniel;nalezce
Potůček, Tomáš;Potůček, Tomáš;nalezce
Bičian, Lukáš;Bičian, Lukáš;nalezce
Jergl, Miroslav;Jergl, Miroslav;nalezce
Otáhal-Měchura, Aleš;Otáhal-Měchura, Aleš;nalezce
Diatka, Martin;Diatka, Martin;nalezce
Dóczy, Peter;Dóczy, Peter;nalezce
Sobala, Tadeáš;Sobala, Tadeáš;nalezce
Himer, Martin;Himer, Martin;nalezce
Pinker, Robin;Pinker, Robin;nalezce
Turková, Ludmila;Turková, Ludmila;nalezce
Bechný, Věroslav;Bechný, Věroslav;nalezce
Bábík, Jaroslav;Bábík, Jaroslav;nalezce
Moštěk, Marek;Moštěk, Marek;nalezce
Kriak, Robert;Kriak, Robert;nalezce
Ráčilová, Martina;Ráčilová, Martina;nalezce
Blaha, Marek;Blaha, Marek;nalezce
Bláha, David;Bláha, David;nalezce
Kubánek, Michal;Kubánek, Michal;nalezce
Moučka, Michal;Moučka, Michal;nalezce
Drahoš, Radoslav;Drahoš, Radoslav;nalezce
Veselý, Michal;Veselý, Michal;nalezce
Čadílek, Miroslav;Čadílek, Miroslav;nalezce
Bedan, René;Bedan, René;nalezce
Kubiš, Radomil;Kubiš, Radomil;nalezce
Malý, Lukáš;Malý, Lukáš;nalezce
Moulis, Václav;Moulis, Václav;nalezce
Hanzalík, Martin;Hanzalík, Martin;nalezce
Jenček, Jan;Jenček, Jan;nalezce
Kotásek, Jan;Kotásek, Jan;nalezce
Kuchyňka, Pavel;Kuchyňka, Pavel;nalezce
Kurial, Štepan;Kurial, Štepan;nalezce
Pecina, Lukáš;Pecina, Lukáš;nalezce
Baránková, JItka;Baránková, JItka;nalezce
Novotný, Zdeněk;Novotný, Zdeněk;nalezce
Pernica, Jiří;Pernica, Jiří;nalezce
Šunka, Pavel;Šunka, Pavel;nalezce
Dvořák, Petr;Dvořák, Petr;nalezce
Gasnarek, Jiři;Gasnarek, Jiři;nalezce
Gois, Tomáš;Gois, Tomáš;nalezce
Plešingr, Dominik;Plešingr, Dominik;nalezce
Hybeš, Tomáš;Hybeš, Tomáš;nalezce
Kovařík, Zdeněk;Kovařík, Zdeněk;nalezce
Bis, Josef;Bis, Josef;nalezce
Honz, Tomáš;Honz, Tomáš;nalezce
Němec, Aleš;Němec, Aleš;nalezce
Osolsobě, Karel;Osolsobě, Karel;nalezce
Dušek, Petr;Dušek, Petr;nalezce
Holub, Anton;Holub, Anton;nalezce
Miloš, Valach;Miloš, Valach;nalezce
Žilka, Vít;Žilka, Vít;nalezce
Bartes, Pavel;Bartes, Pavel;nalezce
Kalenský, Stanislav;Kalenský, Stanislav;nalezce
Kraváček, David;Kraváček, David;nalezce
Moravčík, Pavel;Moravčík, Pavel;nalezce
Pokorná, Eva;Pokorná, Eva;nalezce
Tesař, Petr;Tesař, Petr;nalezce
Veselý, Jaroslav;Veselý, Jaroslav;nalezce
Walter, Stanislav;Walter, Stanislav;nalezce
Machan, Jan;Machan, Jan;nalezce
Nygrýn, Milan;Nygrýn, Milan;nalezce
Popelka, Miroslav;Popelka, Miroslav;nalezce
Řehořek, Lukáš;Řehořek, Lukáš;nalezce
Ševčík, Filip;Ševčík, Filip;nalezce
Blažek, Radek;Blažek, Radek;nalezce
Burget, Miroslav;Burget, Miroslav;nalezce
Franc, Miroslav;Franc, Miroslav;nalezce
Jagoš, Jiří;Jagoš, Jiří;nalezce
Jandora, Pavel;Jandora, Pavel;nalezce
Jáně, Karel;Jáně, Karel;nalezce
Lusk, Tomáš;Lusk, Tomáš;nalezce
Průcha, Lubomír;Průcha, Lubomír;nalezce
Svoboda, Lubomír;Svoboda, Lubomír;nalezce
Valouch, Petr;Valouch, Petr;nalezce
Völkl, Antonín;Völkl, Antonín;nalezce
Adler, Zdeněk;Adler, Zdeněk;nalezce
Hajný, Martin;Hajný, Martin;nalezce
Hromádka, Vlastimil;Hromádka, Vlastimil;nalezce
Hudec, Zdeněk;Hudec, Zdeněk;nalezce
Lengál, Martin;Lengál, Martin;nalezce
Španěl, Radim;Španěl, Radim;nalezce
Baumgartner, Miloš;Baumgartner, Miloš;nalezce
Kalenda, Václav;Kalenda, Václav;nalezce
Lipensky, Martin;Lipensky, Martin;nalezce
Martinek, Michal;Martinek, Michal;nalezce
Mařík, Jan;Mařík, Jan;nalezce
Mikulica, Lukáš;Mikulica, Lukáš;nalezce
Přibyl, Michal;Přibyl, Michal;nalezce
Skopár, Lukáš;Skopár, Lukáš;nalezce
Slavík, Petr;Slavík, Petr;nalezce
Vinklárková, Andrea;Vinklárková, Andrea;nalezce
Augusta, Pavel;Augusta, Pavel;nalezce
Bejček, Zdeněk;Bejček, Zdeněk;nalezce
Burgr, Vojtěch;Burgr, Vojtěch;nalezce
Daněček, David;Daněček, David;nalezce
Moučka, Martin;Moučka, Martin;nalezce
Nacházel, Václav;Nacházel, Václav;nalezce
Petz, Zdenek;Petz, Zdenek;nalezce
Skácel, Radek;Skácel, Radek;nalezce
Veselý, Martin;Veselý, Martin;nalezce
Zavřel, Igor;Zavřel, Igor;nalezce
Šmerda, Vlastimil;Šmerda, Vlastimil;nalezce
Špaček, Vratislav;Špaček, Vratislav;nalezce
Baránek, David;Baránek, David;nalezce
Doležel, Milan;Doležel, Milan;nalezce
Doležálek, Pavel;Doležálek, Pavel;nalezce
Drahotuská, Zdeňka;Drahotuská, Zdeňka;nalezce
Drahotuský, Lukáš;Drahotuský, Lukáš;nalezce
Gajda, Mickey;Gajda, Mickey;nalezce
Javorova, Jana;Javorova, Jana;nalezce
Kubišová, Martina;Kubišová, Martina;nalezce
Peloušková, Jana;Peloušková, Jana;nalezce
Pospíšil, Karel;Pospíšil, Karel;nalezce
Skoták, Pavel;Skoták, Pavel;nalezce
Skácel, Roman;Skácel, Roman;nalezce
Beková, Martina;Beková, Martina;nalezce
Cibulka, David;Cibulka, David;nalezce
Fabri, Erik;Fabri, Erik;nalezce
Hebron, Josef;Hebron, Josef;nalezce
Kobylka, Martin;Kobylka, Martin;nalezce
Kratochvíl, Libor;Kratochvíl, Libor;nalezce
Peška, Jaroslav;Peška, Jaroslav;nalezce
Polívka, Pavel;Polívka, Pavel;nalezce
Staňo, Miroslav;Staňo, Miroslav;nalezce
Vích, David;Vích, David;nalezce
Zeman, Antonín;Zeman, Antonín;nalezce
Zlámal, Petr;Zlámal, Petr;nalezce
Šámal, Max;Šámal, Max;nalezce
Antoš, Daniel;Antoš, Daniel;nalezce
Bechr, Arnošt;Bechr, Arnošt;nalezce
Borecky, Karel;Borecky, Karel;nalezce
Burgr, Štěpán;Burgr, Štěpán;nalezce
Grman, Radek;Grman, Radek;nalezce
Jandora, Marek;Jandora, Marek;nalezce
Klimesova, Irena;Klimesova, Irena;nalezce
Kopřiva, Martin;Kopřiva, Martin;nalezce
Kubíček, Tomáš;Kubíček, Tomáš;nalezce
Kukral, Josef;Kukral, Josef;nalezce
Machač, Karel;Machač, Karel;nalezce
Nešpor, David;Nešpor, David;nalezce
Novosad, Petr;Novosad, Petr;nalezce
Obořilová, Marcela;Obořilová, Marcela;nalezce
Ondráček, Petr;Ondráček, Petr;nalezce
Peniák, Jaroslav;Peniák, Jaroslav;nalezce
Pečenka, Marek;Pečenka, Marek;nalezce
Pinďák, Luděk;Pinďák, Luděk;nalezce
Privratsky, Petr;Privratsky, Petr;nalezce
Přikryl, Jakub;Přikryl, Jakub;nalezce
Svoboda, Ondřej;Svoboda, Ondřej;nalezce
Černý, Milan;Černý, Milan;nalezce
Španěl, Michal;Španěl, Michal;nalezce
Apeltauer, Miloš;Apeltauer, Miloš;nalezce
Beneš, Zdeněk;Beneš, Zdeněk;nalezce
Běhoun, Petr;Běhoun, Petr;nalezce
Fuksa, Martin;Fuksa, Martin;nalezce
Gregor, Marcel;Gregor, Marcel;nalezce
Gruna, Bronislav;Gruna, Bronislav;nalezce
Helísek, Kamil;Helísek, Kamil;nalezce
Hrouz, Lukáš;Hrouz, Lukáš;nalezce
Hubková, Dagmar;Hubková, Dagmar;nalezce
Hula, Stanislav;Hula, Stanislav;nalezce
Jánský, Jan;Jánský, Jan;nalezce
Koláček, Jaromír;Koláček, Jaromír;nalezce
Krajíček, Josef;Krajíček, Josef;nalezce
Krejčí, Bronislav;Krejčí, Bronislav;nalezce
Lelík, Petr;Lelík, Petr;nalezce
Limberk, Jaroslav;Limberk, Jaroslav;nalezce
Létal, Jaroslav;Létal, Jaroslav;nalezce
Menšík, Matěj;Menšík, Matěj;nalezce
Novotný, Miroslav;Novotný, Miroslav;nalezce
Novák, Richard;Novák, Richard;nalezce
Nytra, Tomáš;Nytra, Tomáš;nalezce
Pilař, Daniel;Pilař, Daniel;nalezce
Půlpán, Marek;Půlpán, Marek;nalezce
Slezáček, Radoslav;Slezáček, Radoslav;nalezce
Strašák, Zdeněk;Strašák, Zdeněk;nalezce
Tesarčík, Andrej;Tesarčík, Andrej;nalezce
Trochta, Marek;Trochta, Marek;nalezce
Vošlajer, Pavel;Vošlajer, Pavel;nalezce
Výborná, Nataša;Výborná, Nataša;nalezce
Škrabal, Ondřej;Škrabal, Ondřej;nalezce
Šolc, Jaroslav;Šolc, Jaroslav;nalezce
Štolba, Martin;Štolba, Martin;nalezce
Željabin, David;Željabin, David;nalezce
Bešter, Marian;Bešter, Marian;nalezce
Bortel, Matyáš;Bortel, Matyáš;nalezce
Buričan Ml., Miroslav;Buričan Ml., Miroslav;nalezce
Cekul, Michael;Cekul, Michael;nalezce
Chovanec, Stanislav;Chovanec, Stanislav;nalezce
Cíznerová, Tereza;Cíznerová, Tereza;nalezce
Dashkevych, Volodymyr;Dashkevych, Volodymyr;nalezce
Drechsler, Jiří;Drechsler, Jiří;nalezce
Fechner, Michael;Fechner, Michael;nalezce
Ficenec, Martin;Ficenec, Martin;nalezce
Havliš, Martin;Havliš, Martin;nalezce
Jirickova, Alena;Jirickova, Alena;nalezce
Karmasin, Martin;Karmasin, Martin;nalezce
Klíma, Pavel;Klíma, Pavel;nalezce
Kmošek, Matěj;Kmošek, Matěj;nalezce
Kolmačka, Martin;Kolmačka, Martin;nalezce
Komínek, Miroslav;Komínek, Miroslav;nalezce
Konečný, Eduard;Konečný, Eduard;nalezce
Kopecký, Štěpán;Kopecký, Štěpán;nalezce
Kotas, Michael;Kotas, Michael;nalezce
Kunc, Jakub;Kunc, Jakub;nalezce
Kyselka, Stanislav;Kyselka, Stanislav;nalezce
Křivka, Petr;Křivka, Petr;nalezce
Loučka, Miroslav;Loučka, Miroslav;nalezce
Lukeš, Ladislav;Lukeš, Ladislav;nalezce
Lébiš, Jiří;Lébiš, Jiří;nalezce
Machek, Pavel;Machek, Pavel;nalezce
Marek, Skoupý;Marek, Skoupý;nalezce
Musil, Pavel;Musil, Pavel;nalezce
Májková, Martina;Májková, Martina;nalezce
Novotný, David;Novotný, David;nalezce
Němec, Leopold;Němec, Leopold;nalezce
Pjaták, David;Pjaták, David;nalezce
Poul, Emil;Poul, Emil;nalezce
Renda, Jiří;Renda, Jiří;nalezce
Saidok, Aleš;Saidok, Aleš;nalezce
Schejbal, Jiří;Schejbal, Jiří;nalezce
Schenk, Zdeněk;Schenk, Zdeněk;nalezce
Sedlák, Jan;Sedlák, Jan;nalezce
Slivka, David;Slivka, David;nalezce
Tománek, Jan;Tománek, Jan;nalezce
Uher, David;Uher, David;nalezce
Uher, Svatopluk;Uher, Svatopluk;nalezce
Veith, Michal;Veith, Michal;nalezce
Vodrážka, Karel;Vodrážka, Karel;nalezce
Vráblík, Jakub;Vráblík, Jakub;nalezce
Výborný, Josef;Výborný, Josef;nalezce
Výborný, Tomáš;Výborný, Tomáš;nalezce
Čižmář, Ivan;Čižmář, Ivan;nalezce
Adamík, Michal;Adamík, Michal;nalezce
Bernatova, Gabriela;Bernatova, Gabriela;nalezce
Blažek, Milan;Blažek, Milan;nalezce
Bošnjak, Marian;Bošnjak, Marian;nalezce
Brabec, Lukáš;Brabec, Lukáš;nalezce
Brázda, Zbyněk;Brázda, Zbyněk;nalezce
Burgr, Jiří;Burgr, Jiří;nalezce
Burgr, Radomír;Burgr, Radomír;nalezce
Buričan st., Miroslav;Buričan st., Miroslav;nalezce
Cacek, Patrik;Cacek, Patrik;nalezce
Chovancová, Alena;Chovancová, Alena;nalezce
Culek, Martin;Culek, Martin;nalezce
Dokoupil, Josef;Dokoupil, Josef;nalezce
Doležel, Jaroslav;Doležel, Jaroslav;nalezce
Dudková, Radka;Dudková, Radka;nalezce
Dušek, Vojtěch;Dušek, Vojtěch;nalezce
Dvořák, Vojtěch;Dvořák, Vojtěch;nalezce
Fiala, Jiri;Fiala, Jiri;nalezce
Fišer, Martin;Fišer, Martin;nalezce
Furugláš, Martin;Furugláš, Martin;nalezce
Gerz, Egon;Gerz, Egon;nalezce
Gibala, Bohumil;Gibala, Bohumil;nalezce
Halvová, Jana;Halvová, Jana;nalezce
Halász, Aleš;Halász, Aleš;nalezce
Hladík, Daniel;Hladík, Daniel;nalezce
Holeček, Roman;Holeček, Roman;nalezce
Jordánek, Tomáš;Jordánek, Tomáš;nalezce
Just, Lumír;Just, Lumír;nalezce
Kleveta, Pavel;Kleveta, Pavel;nalezce
Knotek, Petr;Knotek, Petr;nalezce
Konopáč, Michal;Konopáč, Michal;nalezce
Kostík, Jan;Kostík, Jan;nalezce
Kotouček, Filip;Kotouček, Filip;nalezce
Kožíšek, Karel;Kožíšek, Karel;nalezce
Krumbholc, Ondřej;Krumbholc, Ondřej;nalezce
Krámský, Tomáš;Krámský, Tomáš;nalezce
Kudláček, Václav;Kudláček, Václav;nalezce
Kurucz, Robert;Kurucz, Robert;nalezce
Kvarda, Denis;Kvarda, Denis;nalezce
Kykrych, Michal;Kykrych, Michal;nalezce
Křtěn, Karel;Křtěn, Karel;nalezce
Lazecký, Martin;Lazecký, Martin;nalezce
Lingerová, Tereza;Lingerová, Tereza;nalezce
Makovská, Zdenka;Makovská, Zdenka;nalezce
Malcovic, Simon;Malcovic, Simon;nalezce
Martinčík, Petr;Martinčík, Petr;nalezce
Martínek, Aleš;Martínek, Aleš;nalezce
Martínek, Jan;Martínek, Jan;nalezce
Martínek, Michal;Martínek, Michal;nalezce
Matal, Pavel;Matal, Pavel;nalezce
Mihalovič, Albert;Mihalovič, Albert;nalezce
Minařík, Libor;Minařík, Libor;nalezce
Moravec, Milan;Moravec, Milan;nalezce
Motloch, Tomas;Motloch, Tomas;nalezce
Mucala, Karel;Mucala, Karel;nalezce
Nabytý, Jiří;Nabytý, Jiří;nalezce
Novák, Dominik;Novák, Dominik;nalezce
Novák, Libor;Novák, Libor;nalezce
Němčanský, Jan;Němčanský, Jan;nalezce
Ondrášek, Martin;Ondrášek, Martin;nalezce
Pařák, Luděk;Pařák, Luděk;nalezce
Pech, Maxmilian;Pech, Maxmilian;nalezce
Pokoj, Jiří;Pokoj, Jiří;nalezce
Polášek, Josef;Polášek, Josef;nalezce
Povolný, Petr;Povolný, Petr;nalezce
Počta, Petr;Počta, Petr;nalezce
Prázová, Iveta;Prázová, Iveta;nalezce
Roman, Baláž;Roman, Baláž;nalezce
Schwarz, David;Schwarz, David;nalezce
Sladký, Petr;Sladký, Petr;nalezce
Smrčka, Tomáš;Smrčka, Tomáš;nalezce
Sovová, Klára;Sovová, Klára;nalezce
Staněk, Marek;Staněk, Marek;nalezce
Straková, Eva;Straková, Eva;nalezce
Strmiska, Michal;Strmiska, Michal;nalezce
Svoboda, Zdeněk;Svoboda, Zdeněk;nalezce
Sýkora, Vladislav;Sýkora, Vladislav;nalezce
Tovaryš, Pavel;Tovaryš, Pavel;nalezce
Tribula, Michal;Tribula, Michal;nalezce
Tutková, Danka;Tutková, Danka;nalezce
Třísko, Pavel;Třísko, Pavel;nalezce
Valenta, Oldřich;Valenta, Oldřich;nalezce
Veselý, J.;Veselý, J.;nalezce
Vlach, Michal;Vlach, Michal;nalezce
Vlach, Miroslav;Vlach, Miroslav;nalezce
Vorel, Jan;Vorel, Jan;nalezce
Votoček, Jaroslav;Votoček, Jaroslav;nalezce
Vrána, Zdeněk;Vrána, Zdeněk;nalezce
Walter, Filip;Walter, Filip;nalezce
Walter, Jan;Walter, Jan;nalezce
Wiltsch, Adam;Wiltsch, Adam;nalezce
Zeleňák, Jan;Zeleňák, Jan;nalezce
krnák, michal;krnák, michal;nalezce
Čižmářová, Hana;Čižmářová, Hana;nalezce
Řezáč, Zdeněk;Řezáč, Zdeněk;nalezce
Šamaj, Martin;Šamaj, Martin;nalezce
Šildberger, Petr;Šildberger, Petr;nalezce
Širůček, Roman;Širůček, Roman;nalezce
Šittenhelm, Roman;Šittenhelm, Roman;nalezce
Škoda, Dominik;Škoda, Dominik;nalezce
Šlajs, Zdeněk;Šlajs, Zdeněk;nalezce
Šmidek, Josef;Šmidek, Josef;nalezce
Šmíd, Robert;Šmíd, Robert;nalezce
Šuška, Pavel;Šuška, Pavel;nalezce
Šámal, Zdeněk;Šámal, Zdeněk;nalezce
